depart_sec,origin_edge,dest_edge,speed
0,np1_nt1,nt6_np19,11.0
1,np20_nt1,nt6_np19,11.0
2,np20_nt1,nt25_np10,11.0
2,np7_nt10,nt24_np12,11.0
3,np5_nt5,nt3_np3,11.0
4,np19_nt6,nt3_np3,11.0
4,np17_nt16,nt25_np11,11.0
5,np12_nt24,nt22_np14,11.0
8,np5_nt5,nt22_np14,11.0
10,np11_nt25,nt15_np8,11.0
12,np8_nt15,nt25_np10,11.0
13,np9_nt20,nt1_np20,11.0
18,np3_nt3,nt1_np20,11.0
19,np6_nt5,nt24_np12,11.0
20,np12_nt24,nt22_np14,11.0
22,np18_nt11,nt23_np13,11.0
23,np13_nt23,nt4_np4,11.0
24,np16_nt21,nt25_np10,11.0
24,np12_nt24,nt21_np15,11.0
27,np5_nt5,nt5_np6,11.0
29,np6_nt5,nt23_np13,11.0
29,np12_nt24,nt25_np11,11.0
30,np9_nt20,nt22_np14,11.0
35,np12_nt24,nt3_np3,11.0
36,np5_nt5,nt25_np11,11.0
38,np14_nt22,nt23_np13,11.0
38,np11_nt25,nt1_np20,11.0
38,np13_nt23,nt25_np10,11.0
39,np18_nt11,nt10_np7,11.0
41,np3_nt3,nt25_np11,11.0
41,np3_nt3,nt21_np15,11.0
44,np18_nt11,nt21_np15,11.0
44,np6_nt5,nt10_np7,11.0
46,np11_nt25,nt20_np9,11.0
46,np2_nt2,nt25_np10,11.0
49,np6_nt5,nt6_np19,11.0
52,np2_nt2,nt1_np1,11.0
52,np3_nt3,nt24_np12,11.0
55,np15_nt21,nt1_np1,11.0
56,np18_nt11,nt4_np4,11.0
57,np2_nt2,nt10_np7,11.0
59,np10_nt25,nt1_np1,11.0
63,np9_nt20,nt25_np10,11.0
64,np8_nt15,nt25_np10,11.0
66,np13_nt23,nt10_np7,11.0
66,np16_nt21,nt25_np10,11.0
72,np1_nt1,nt5_np5,11.0
73,np16_nt21,nt20_np9,11.0
74,np18_nt11,nt20_np9,11.0
74,np12_nt24,nt10_np7,11.0
74,np3_nt3,nt25_np10,11.0
78,np3_nt3,nt25_np11,11.0
79,np17_nt16,nt20_np9,11.0
86,np7_nt10,nt4_np4,11.0
86,np5_nt5,nt11_np18,11.0
88,np11_nt25,nt22_np14,11.0
90,np2_nt2,nt22_np14,11.0
90,np8_nt15,nt24_np12,11.0
93,np11_nt25,nt1_np20,11.0
94,np5_nt5,nt15_np8,11.0
97,np10_nt25,nt3_np3,11.0
97,np13_nt23,nt15_np8,11.0
98,np18_nt11,nt1_np1,11.0
99,np8_nt15,nt1_np20,11.0
99,np13_nt23,nt4_np4,11.0
100,np19_nt6,nt16_np17,11.0
102,np1_nt1,nt10_np7,11.0
106,np3_nt3,nt25_np11,11.0
106,np10_nt25,nt1_np1,11.0
109,np11_nt25,nt24_np12,11.0
109,np2_nt2,nt21_np16,11.0
110,np5_nt5,nt21_np15,11.0
111,np1_nt1,nt21_np16,11.0
112,np14_nt22,nt25_np10,11.0
112,np4_nt4,nt5_np6,11.0
115,np4_nt4,nt25_np11,11.0
115,np17_nt16,nt1_np20,11.0
117,np9_nt20,nt22_np14,11.0
119,np17_nt16,nt15_np8,11.0
119,np6_nt5,nt5_np5,11.0
121,np6_nt5,nt24_np12,11.0
123,np10_nt25,nt2_np2,11.0
125,np4_nt4,nt3_np3,11.0
129,np12_nt24,nt25_np11,11.0
130,np5_nt5,nt1_np1,11.0
133,np13_nt23,nt1_np1,11.0
138,np10_nt25,nt2_np2,11.0
139,np13_nt23,nt25_np10,11.0
146,np12_nt24,nt6_np19,11.0
149,np9_nt20,nt1_np1,11.0
150,np1_nt1,nt21_np16,11.0
151,np11_nt25,nt1_np20,11.0
153,np18_nt11,nt6_np19,11.0
155,np13_nt23,nt21_np15,11.0
156,np18_nt11,nt1_np1,11.0
159,np13_nt23,nt4_np4,11.0
161,np8_nt15,nt16_np17,11.0
161,np16_nt21,nt16_np17,11.0
164,np2_nt2,nt21_np15,11.0
166,np10_nt25,nt1_np20,11.0
169,np19_nt6,nt15_np8,11.0
169,np18_nt11,nt5_np6,11.0
173,np4_nt4,nt2_np2,11.0
173,np16_nt21,nt1_np1,11.0
174,np10_nt25,nt25_np11,11.0
175,np8_nt15,nt5_np5,11.0
177,np3_nt3,nt6_np19,11.0
178,np17_nt16,nt25_np10,11.0
182,np7_nt10,nt5_np5,11.0
185,np7_nt10,nt4_np4,11.0
186,np6_nt5,nt5_np5,11.0
186,np1_nt1,nt25_np11,11.0
188,np7_nt10,nt20_np9,11.0
190,np1_nt1,nt25_np10,11.0
190,np20_nt1,nt2_np2,11.0
194,np4_nt4,nt21_np15,11.0
196,np11_nt25,nt16_np17,11.0
202,np16_nt21,nt11_np18,11.0
207,np1_nt1,nt6_np19,11.0
208,np14_nt22,nt2_np2,11.0
208,np1_nt1,nt25_np10,11.0
209,np16_nt21,nt5_np6,11.0
209,np16_nt21,nt1_np1,11.0
213,np18_nt11,nt10_np7,11.0
215,np16_nt21,nt5_np5,11.0
216,np11_nt25,nt21_np16,11.0
217,np8_nt15,nt22_np14,11.0
218,np14_nt22,nt11_np18,11.0
220,np14_nt22,nt10_np7,11.0
222,np18_nt11,nt24_np12,11.0
224,np17_nt16,nt5_np5,11.0
234,np4_nt4,nt10_np7,11.0
238,np3_nt3,nt10_np7,11.0
244,np14_nt22,nt25_np10,11.0
244,np2_nt2,nt21_np16,11.0
245,np8_nt15,nt20_np9,11.0
248,np17_nt16,nt25_np11,11.0
250,np9_nt20,nt15_np8,11.0
251,np11_nt25,nt20_np9,11.0
252,np2_nt2,nt21_np15,11.0
252,np10_nt25,nt5_np5,11.0
257,np3_nt3,nt25_np10,11.0
264,np2_nt2,nt25_np10,11.0
265,np9_nt20,nt25_np11,11.0
266,np8_nt15,nt23_np13,11.0
267,np15_nt21,nt4_np4,11.0
268,np13_nt23,nt25_np10,11.0
270,np3_nt3,nt20_np9,11.0
272,np1_nt1,nt25_np10,11.0
281,np5_nt5,nt10_np7,11.0
284,np6_nt5,nt15_np8,11.0
284,np5_nt5,nt24_np12,11.0
286,np18_nt11,nt21_np15,11.0
292,np19_nt6,nt1_np20,11.0
292,np8_nt15,nt21_np15,11.0
293,np10_nt25,nt3_np3,11.0
294,np13_nt23,nt6_np19,11.0
295,np18_nt11,nt10_np7,11.0
300,np14_nt22,nt4_np4,11.0
303,np9_nt20,nt10_np7,11.0
308,np16_nt21,nt5_np5,11.0
309,np9_nt20,nt1_np20,11.0
309,np3_nt3,nt21_np15,11.0
318,np14_nt22,nt6_np19,11.0
320,np13_nt23,nt22_np14,11.0
320,np18_nt11,nt22_np14,11.0
320,np2_nt2,nt24_np12,11.0
326,np3_nt3,nt25_np10,11.0
330,np16_nt21,nt10_np7,11.0
333,np15_nt21,nt4_np4,11.0
335,np2_nt2,nt4_np4,11.0
335,np4_nt4,nt1_np20,11.0
340,np12_nt24,nt1_np20,11.0
341,np12_nt24,nt16_np17,11.0
352,np14_nt22,nt1_np1,11.0
353,np1_nt1,nt25_np10,11.0
355,np11_nt25,nt21_np16,11.0
356,np8_nt15,nt6_np19,11.0
358,np1_nt1,nt2_np2,11.0
360,np13_nt23,nt21_np15,11.0
360,np11_nt25,nt24_np12,11.0
361,np8_nt15,nt2_np2,11.0
361,np15_nt21,nt10_np7,11.0
364,np19_nt6,nt11_np18,11.0
365,np6_nt5,nt10_np7,11.0
366,np19_nt6,nt22_np14,11.0
366,np14_nt22,nt1_np20,11.0
373,np2_nt2,nt21_np15,11.0
373,np18_nt11,nt25_np11,11.0
376,np2_nt2,nt25_np11,11.0
386,np13_nt23,nt16_np17,11.0
387,np2_nt2,nt25_np11,11.0
388,np12_nt24,nt22_np14,11.0
391,np17_nt16,nt6_np19,11.0
394,np2_nt2,nt5_np6,11.0
398,np13_nt23,nt5_np5,11.0
399,np19_nt6,nt15_np8,11.0
400,np9_nt20,nt23_np13,11.0
403,np12_nt24,nt1_np1,11.0
408,np13_nt23,nt25_np11,11.0
415,np4_nt4,nt11_np18,11.0
417,np14_nt22,nt4_np4,11.0
417,np12_nt24,nt4_np4,11.0
421,np7_nt10,nt21_np16,11.0
421,np3_nt3,nt6_np19,11.0
424,np17_nt16,nt21_np15,11.0
424,np4_nt4,nt2_np2,11.0
424,np18_nt11,nt2_np2,11.0
426,np17_nt16,nt1_np1,11.0
427,np6_nt5,nt6_np19,11.0
428,np13_nt23,nt20_np9,11.0
430,np3_nt3,nt5_np6,11.0
431,np2_nt2,nt1_np1,11.0
433,np11_nt25,nt1_np20,11.0
434,np17_nt16,nt25_np11,11.0
434,np17_nt16,nt5_np6,11.0
435,np10_nt25,nt21_np16,11.0
436,np5_nt5,nt4_np4,11.0
437,np12_nt24,nt20_np9,11.0
441,np7_nt10,nt23_np13,11.0
446,np4_nt4,nt3_np3,11.0
454,np15_nt21,nt1_np20,11.0
455,np1_nt1,nt22_np14,11.0
457,np1_nt1,nt25_np11,11.0
457,np1_nt1,nt22_np14,11.0
458,np1_nt1,nt3_np3,11.0
461,np5_nt5,nt21_np16,11.0
463,np3_nt3,nt5_np5,11.0
467,np3_nt3,nt16_np17,11.0
468,np13_nt23,nt6_np19,11.0
470,np3_nt3,nt4_np4,11.0
470,np15_nt21,nt5_np5,11.0
471,np5_nt5,nt24_np12,11.0
474,np20_nt1,nt23_np13,11.0
476,np5_nt5,nt1_np20,11.0
477,np13_nt23,nt1_np20,11.0
479,np3_nt3,nt4_np4,11.0
481,np14_nt22,nt20_np9,11.0
482,np8_nt15,nt6_np19,11.0
484,np20_nt1,nt5_np6,11.0
486,np3_nt3,nt21_np15,11.0
487,np6_nt5,nt11_np18,11.0
487,np16_nt21,nt24_np12,11.0
489,np5_nt5,nt20_np9,11.0
489,np14_nt22,nt16_np17,11.0
493,np2_nt2,nt25_np11,11.0
498,np13_nt23,nt16_np17,11.0
499,np12_nt24,nt5_np6,11.0
513,np20_nt1,nt5_np5,11.0
520,np12_nt24,nt2_np2,11.0
521,np13_nt23,nt21_np16,11.0
522,np10_nt25,nt21_np16,11.0
526,np13_nt23,nt3_np3,11.0
531,np12_nt24,nt6_np19,11.0
533,np16_nt21,nt11_np18,11.0
535,np8_nt15,nt1_np20,11.0
540,np19_nt6,nt10_np7,11.0
541,np9_nt20,nt22_np14,11.0
542,np10_nt25,nt4_np4,11.0
542,np3_nt3,nt10_np7,11.0
543,np8_nt15,nt25_np11,11.0
543,np17_nt16,nt5_np5,11.0
546,np5_nt5,nt22_np14,11.0
547,np2_nt2,nt25_np10,11.0
550,np9_nt20,nt21_np15,11.0
551,np16_nt21,nt6_np19,11.0
552,np15_nt21,nt24_np12,11.0
553,np14_nt22,nt25_np11,11.0
557,np6_nt5,nt25_np11,11.0
558,np19_nt6,nt5_np5,11.0
562,np6_nt5,nt15_np8,11.0
564,np15_nt21,nt15_np8,11.0
567,np1_nt1,nt25_np11,11.0
568,np7_nt10,nt2_np2,11.0
569,np15_nt21,nt10_np7,11.0
570,np2_nt2,nt5_np6,11.0
571,np19_nt6,nt4_np4,11.0
572,np5_nt5,nt20_np9,11.0
575,np8_nt15,nt23_np13,11.0
579,np9_nt20,nt5_np6,11.0
584,np16_nt21,nt10_np7,11.0
584,np8_nt15,nt5_np5,11.0
584,np8_nt15,nt21_np16,11.0
585,np10_nt25,nt6_np19,11.0
586,np4_nt4,nt6_np19,11.0
589,np9_nt20,nt22_np14,11.0
592,np17_nt16,nt4_np4,11.0
594,np5_nt5,nt20_np9,11.0
595,np20_nt1,nt25_np10,11.0
596,np13_nt23,nt11_np18,11.0
598,np7_nt10,nt25_np11,11.0
598,np6_nt5,nt21_np15,11.0
601,np19_nt6,nt16_np17,11.0
603,np18_nt11,nt1_np1,11.0
610,np18_nt11,nt3_np3,11.0
611,np7_nt10,nt21_np16,11.0
612,np17_nt16,nt21_np15,11.0
616,np7_nt10,nt25_np10,11.0
617,np6_nt5,nt1_np1,11.0
618,np19_nt6,nt22_np14,11.0
619,np12_nt24,nt2_np2,11.0
620,np3_nt3,nt4_np4,11.0
620,np8_nt15,nt25_np11,11.0
621,np14_nt22,nt1_np20,11.0
627,np20_nt1,nt2_np2,11.0
629,np11_nt25,nt24_np12,11.0
629,np7_nt10,nt6_np19,11.0
630,np13_nt23,nt5_np5,11.0
630,np1_nt1,nt1_np20,11.0
633,np20_nt1,nt21_np16,11.0
634,np14_nt22,nt16_np17,11.0
637,np17_nt16,nt4_np4,11.0
639,np4_nt4,nt21_np16,11.0
641,np14_nt22,nt3_np3,11.0
641,np17_nt16,nt22_np14,11.0
642,np3_nt3,nt6_np19,11.0
642,np11_nt25,nt20_np9,11.0
646,np7_nt10,nt22_np14,11.0
646,np4_nt4,nt16_np17,11.0
646,np10_nt25,nt2_np2,11.0
647,np3_nt3,nt24_np12,11.0
648,np2_nt2,nt22_np14,11.0
649,np7_nt10,nt6_np19,11.0
651,np20_nt1,nt1_np1,11.0
651,np4_nt4,nt16_np17,11.0
656,np1_nt1,nt15_np8,11.0
659,np8_nt15,nt16_np17,11.0
660,np18_nt11,nt20_np9,11.0
661,np7_nt10,nt5_np5,11.0
662,np15_nt21,nt1_np20,11.0
665,np1_nt1,nt21_np16,11.0
666,np10_nt25,nt2_np2,11.0
669,np14_nt22,nt10_np7,11.0
670,np2_nt2,nt23_np13,11.0
671,np12_nt24,nt1_np1,11.0
672,np5_nt5,nt23_np13,11.0
674,np4_nt4,nt16_np17,11.0
680,np3_nt3,nt1_np1,11.0
682,np19_nt6,nt25_np11,11.0
682,np12_nt24,nt5_np5,11.0
685,np11_nt25,nt25_np10,11.0
693,np13_nt23,nt21_np16,11.0
695,np11_nt25,nt11_np18,11.0
696,np8_nt15,nt25_np10,11.0
698,np12_nt24,nt5_np6,11.0
704,np15_nt21,nt21_np16,11.0
711,np14_nt22,nt25_np10,11.0
711,np14_nt22,nt21_np16,11.0
718,np13_nt23,nt4_np4,11.0
720,np9_nt20,nt25_np10,11.0
721,np9_nt20,nt5_np6,11.0
726,np7_nt10,nt4_np4,11.0
730,np16_nt21,nt15_np8,11.0
730,np19_nt6,nt1_np20,11.0
734,np18_nt11,nt1_np20,11.0
738,np10_nt25,nt21_np15,11.0
739,np19_nt6,nt21_np15,11.0
740,np4_nt4,nt2_np2,11.0
741,np14_nt22,nt1_np1,11.0
742,np20_nt1,nt5_np5,11.0
742,np5_nt5,nt25_np11,11.0
743,np12_nt24,nt21_np16,11.0
747,np19_nt6,nt23_np13,11.0
749,np20_nt1,nt4_np4,11.0
750,np19_nt6,nt20_np9,11.0
751,np3_nt3,nt20_np9,11.0
752,np7_nt10,nt20_np9,11.0
752,np16_nt21,nt25_np10,11.0
756,np14_nt22,nt24_np12,11.0
763,np20_nt1,nt21_np16,11.0
763,np6_nt5,nt4_np4,11.0
767,np7_nt10,nt20_np9,11.0
767,np18_nt11,nt10_np7,11.0
767,np6_nt5,nt21_np16,11.0
770,np18_nt11,nt2_np2,11.0
771,np7_nt10,nt1_np1,11.0
772,np11_nt25,nt21_np16,11.0
775,np16_nt21,nt25_np11,11.0
782,np15_nt21,nt1_np20,11.0
783,np16_nt21,nt10_np7,11.0
787,np2_nt2,nt21_np16,11.0
788,np1_nt1,nt4_np4,11.0
790,np13_nt23,nt1_np20,11.0
791,np2_nt2,nt4_np4,11.0
792,np3_nt3,nt23_np13,11.0
795,np2_nt2,nt25_np10,11.0
796,np15_nt21,nt4_np4,11.0
797,np5_nt5,nt1_np1,11.0
797,np11_nt25,nt3_np3,11.0
804,np13_nt23,nt11_np18,11.0
808,np14_nt22,nt4_np4,11.0
810,np15_nt21,nt11_np18,11.0
812,np11_nt25,nt6_np19,11.0
813,np3_nt3,nt1_np20,11.0
815,np20_nt1,nt20_np9,11.0
816,np12_nt24,nt25_np10,11.0
818,np14_nt22,nt15_np8,11.0
820,np4_nt4,nt5_np6,11.0
824,np9_nt20,nt3_np3,11.0
825,np6_nt5,nt5_np5,11.0
825,np13_nt23,nt11_np18,11.0
825,np13_nt23,nt21_np15,11.0
828,np13_nt23,nt21_np15,11.0
829,np8_nt15,nt4_np4,11.0
830,np12_nt24,nt2_np2,11.0
831,np12_nt24,nt25_np11,11.0
832,np1_nt1,nt5_np6,11.0
832,np19_nt6,nt21_np15,11.0
844,np9_nt20,nt21_np15,11.0
844,np19_nt6,nt22_np14,11.0
845,np19_nt6,nt21_np15,11.0
847,np11_nt25,nt15_np8,11.0
848,np19_nt6,nt21_np16,11.0
849,np20_nt1,nt5_np5,11.0
852,np16_nt21,nt11_np18,11.0
857,np5_nt5,nt6_np19,11.0
859,np1_nt1,nt25_np10,11.0
860,np16_nt21,nt23_np13,11.0
860,np15_nt21,nt5_np5,11.0
861,np20_nt1,nt10_np7,11.0
869,np5_nt5,nt4_np4,11.0
873,np10_nt25,nt23_np13,11.0
873,np2_nt2,nt5_np6,11.0
873,np7_nt10,nt20_np9,11.0
877,np7_nt10,nt25_np10,11.0
880,np1_nt1,nt24_np12,11.0
883,np4_nt4,nt2_np2,11.0
883,np20_nt1,nt24_np12,11.0
885,np9_nt20,nt5_np6,11.0
885,np7_nt10,nt16_np17,11.0
885,np14_nt22,nt10_np7,11.0
885,np17_nt16,nt15_np8,11.0
887,np4_nt4,nt1_np1,11.0
887,np7_nt10,nt5_np6,11.0
890,np1_nt1,nt4_np4,11.0
891,np17_nt16,nt24_np12,11.0
894,np14_nt22,nt1_np20,11.0
903,np1_nt1,nt5_np6,11.0
903,np7_nt10,nt3_np3,11.0
904,np11_nt25,nt21_np16,11.0
907,np17_nt16,nt1_np1,11.0
909,np4_nt4,nt25_np10,11.0
909,np18_nt11,nt21_np15,11.0
910,np11_nt25,nt10_np7,11.0
912,np11_nt25,nt20_np9,11.0
915,np17_nt16,nt4_np4,11.0
920,np14_nt22,nt1_np20,11.0
924,np13_nt23,nt1_np1,11.0
926,np14_nt22,nt1_np1,11.0
928,np11_nt25,nt21_np16,11.0
929,np2_nt2,nt11_np18,11.0
929,np20_nt1,nt4_np4,11.0
930,np20_nt1,nt5_np5,11.0
931,np8_nt15,nt21_np16,11.0
932,np11_nt25,nt1_np20,11.0
936,np20_nt1,nt24_np12,11.0
938,np18_nt11,nt20_np9,11.0
942,np15_nt21,nt1_np20,11.0
945,np11_nt25,nt4_np4,11.0
949,np9_nt20,nt21_np16,11.0
957,np17_nt16,nt5_np5,11.0
959,np14_nt22,nt2_np2,11.0
959,np11_nt25,nt23_np13,11.0
960,np2_nt2,nt25_np10,11.0
962,np5_nt5,nt10_np7,11.0
962,np19_nt6,nt4_np4,11.0
963,np14_nt22,nt10_np7,11.0
964,np7_nt10,nt25_np10,11.0
965,np7_nt10,nt22_np14,11.0
967,np7_nt10,nt5_np5,11.0
969,np10_nt25,nt3_np3,11.0
971,np5_nt5,nt5_np6,11.0
971,np10_nt25,nt3_np3,11.0
973,np3_nt3,nt21_np16,11.0
973,np4_nt4,nt5_np6,11.0
976,np9_nt20,nt16_np17,11.0
976,np5_nt5,nt22_np14,11.0
978,np14_nt22,nt15_np8,11.0
980,np3_nt3,nt4_np4,11.0
981,np17_nt16,nt1_np20,11.0
985,np16_nt21,nt2_np2,11.0
995,np14_nt22,nt25_np11,11.0
996,np3_nt3,nt11_np18,11.0
996,np8_nt15,nt21_np15,11.0
997,np10_nt25,nt24_np12,11.0
1003,np17_nt16,nt23_np13,11.0
1004,np12_nt24,nt5_np5,11.0
1013,np17_nt16,nt3_np3,11.0
1014,np6_nt5,nt6_np19,11.0
1016,np9_nt20,nt11_np18,11.0
1016,np14_nt22,nt24_np12,11.0
1017,np13_nt23,nt6_np19,11.0
1024,np8_nt15,nt21_np16,11.0
1025,np16_nt21,nt10_np7,11.0
1026,np17_nt16,nt24_np12,11.0
1027,np19_nt6,nt21_np15,11.0
1030,np6_nt5,nt23_np13,11.0
1033,np3_nt3,nt16_np17,11.0
1037,np7_nt10,nt25_np10,11.0
1039,np12_nt24,nt3_np3,11.0
1040,np7_nt10,nt3_np3,11.0
1040,np14_nt22,nt25_np11,11.0
1041,np13_nt23,nt6_np19,11.0
1044,np9_nt20,nt5_np6,11.0
1047,np8_nt15,nt25_np11,11.0
1056,np20_nt1,nt4_np4,11.0
1061,np17_nt16,nt25_np10,11.0
1065,np2_nt2,nt16_np17,11.0
1066,np14_nt22,nt1_np20,11.0
1069,np19_nt6,nt20_np9,11.0
1069,np20_nt1,nt2_np2,11.0
1072,np18_nt11,nt1_np20,11.0
1074,np3_nt3,nt20_np9,11.0
1075,np9_nt20,nt6_np19,11.0
1075,np19_nt6,nt16_np17,11.0
1077,np8_nt15,nt22_np14,11.0
1079,np15_nt21,nt25_np10,11.0
1079,np11_nt25,nt15_np8,11.0
1079,np8_nt15,nt24_np12,11.0
1079,np17_nt16,nt6_np19,11.0
1080,np15_nt21,nt2_np2,11.0
1080,np10_nt25,nt20_np9,11.0
1083,np15_nt21,nt15_np8,11.0
1084,np19_nt6,nt1_np1,11.0
1084,np12_nt24,nt25_np10,11.0
1084,np15_nt21,nt4_np4,11.0
1088,np17_nt16,nt25_np11,11.0
1088,np5_nt5,nt1_np20,11.0
1091,np7_nt10,nt15_np8,11.0
1093,np18_nt11,nt4_np4,11.0
1094,np14_nt22,nt21_np16,11.0
1094,np17_nt16,nt5_np5,11.0
1097,np4_nt4,nt22_np14,11.0
1098,np7_nt10,nt20_np9,11.0
1102,np2_nt2,nt1_np20,11.0
1110,np11_nt25,nt25_np10,11.0
1114,np20_nt1,nt11_np18,11.0
1114,np16_nt21,nt16_np17,11.0
1114,np1_nt1,nt3_np3,11.0
1115,np15_nt21,nt2_np2,11.0
1117,np14_nt22,nt11_np18,11.0
1118,np4_nt4,nt2_np2,11.0
1118,np19_nt6,nt25_np11,11.0
1119,np6_nt5,nt20_np9,11.0
1123,np14_nt22,nt6_np19,11.0
1126,np15_nt21,nt2_np2,11.0
1128,np9_nt20,nt22_np14,11.0
1130,np8_nt15,nt1_np20,11.0
1131,np2_nt2,nt21_np16,11.0
1136,np13_nt23,nt21_np16,11.0
1137,np15_nt21,nt23_np13,11.0
1140,np18_nt11,nt10_np7,11.0
1140,np6_nt5,nt6_np19,11.0
1143,np10_nt25,nt20_np9,11.0
1149,np17_nt16,nt15_np8,11.0
1152,np8_nt15,nt21_np15,11.0
1156,np19_nt6,nt10_np7,11.0
1160,np16_nt21,nt4_np4,11.0
1161,np18_nt11,nt3_np3,11.0
1168,np17_nt16,nt21_np15,11.0
1169,np7_nt10,nt25_np10,11.0
1170,np20_nt1,nt25_np10,11.0
1171,np18_nt11,nt10_np7,11.0
1172,np2_nt2,nt5_np6,11.0
1172,np17_nt16,nt21_np16,11.0
1173,np11_nt25,nt11_np18,11.0
1173,np7_nt10,nt4_np4,11.0
1174,np13_nt23,nt25_np10,11.0
1174,np15_nt21,nt6_np19,11.0
1176,np2_nt2,nt5_np5,11.0
1182,np10_nt25,nt15_np8,11.0
1182,np9_nt20,nt16_np17,11.0
1182,np18_nt11,nt21_np16,11.0
1185,np14_nt22,nt2_np2,11.0
1187,np7_nt10,nt23_np13,11.0
1188,np18_nt11,nt3_np3,11.0
1188,np6_nt5,nt21_np16,11.0
1191,np5_nt5,nt1_np20,11.0
1195,np8_nt15,nt1_np1,11.0
1201,np18_nt11,nt25_np10,11.0
1202,np15_nt21,nt2_np2,11.0
1207,np3_nt3,nt22_np14,11.0
1209,np19_nt6,nt16_np17,11.0
1210,np13_nt23,nt25_np10,11.0
1211,np16_nt21,nt1_np20,11.0
1216,np3_nt3,nt23_np13,11.0
1217,np8_nt15,nt20_np9,11.0
1222,np7_nt10,nt5_np5,11.0
1222,np11_nt25,nt5_np5,11.0
1223,np2_nt2,nt16_np17,11.0
1224,np3_nt3,nt1_np1,11.0
1225,np17_nt16,nt25_np11,11.0
1226,np1_nt1,nt11_np18,11.0
1228,np12_nt24,nt23_np13,11.0
1228,np3_nt3,nt5_np6,11.0
1231,np16_nt21,nt11_np18,11.0
1231,np10_nt25,nt25_np11,11.0
1232,np6_nt5,nt20_np9,11.0
1232,np20_nt1,nt2_np2,11.0
1236,np16_nt21,nt1_np1,11.0
1238,np14_nt22,nt21_np15,11.0
1241,np7_nt10,nt4_np4,11.0
1241,np14_nt22,nt16_np17,11.0
1247,np9_nt20,nt1_np1,11.0
1249,np8_nt15,nt4_np4,11.0
1253,np2_nt2,nt1_np1,11.0
1255,np8_nt15,nt21_np16,11.0
1259,np16_nt21,nt25_np10,11.0
1262,np10_nt25,nt10_np7,11.0
1265,np20_nt1,nt4_np4,11.0
1268,np15_nt21,nt25_np11,11.0
1268,np20_nt1,nt24_np12,11.0
1275,np4_nt4,nt10_np7,11.0
1275,np5_nt5,nt5_np6,11.0
1277,np14_nt22,nt24_np12,11.0
1278,np16_nt21,nt3_np3,11.0
1280,np14_nt22,nt24_np12,11.0
1282,np14_nt22,nt24_np12,11.0
1282,np16_nt21,nt4_np4,11.0
1282,np13_nt23,nt3_np3,11.0
1282,np13_nt23,nt21_np15,11.0
1282,np9_nt20,nt22_np14,11.0
1285,np17_nt16,nt4_np4,11.0
1286,np7_nt10,nt25_np10,11.0
1290,np11_nt25,nt15_np8,11.0
1291,np4_nt4,nt5_np6,11.0
1302,np4_nt4,nt5_np5,11.0
1304,np2_nt2,nt25_np11,11.0
1305,np20_nt1,nt16_np17,11.0
1309,np19_nt6,nt25_np10,11.0
1310,np14_nt22,nt2_np2,11.0
1310,np16_nt21,nt24_np12,11.0
1311,np1_nt1,nt24_np12,11.0
1317,np9_nt20,nt23_np13,11.0
1320,np15_nt21,nt16_np17,11.0
1325,np12_nt24,nt25_np11,11.0
1327,np4_nt4,nt2_np2,11.0
1330,np1_nt1,nt16_np17,11.0
1331,np3_nt3,nt6_np19,11.0
1332,np9_nt20,nt22_np14,11.0
1334,np17_nt16,nt6_np19,11.0
1337,np13_nt23,nt15_np8,11.0
1340,np17_nt16,nt22_np14,11.0
1341,np9_nt20,nt4_np4,11.0
1343,np18_nt11,nt20_np9,11.0
1345,np19_nt6,nt25_np10,11.0
1349,np4_nt4,nt2_np2,11.0
1350,np3_nt3,nt20_np9,11.0
1352,np11_nt25,nt3_np3,11.0
1353,np10_nt25,nt21_np16,11.0
1354,np12_nt24,nt1_np1,11.0
1355,np6_nt5,nt6_np19,11.0
1356,np17_nt16,nt1_np20,11.0
1357,np16_nt21,nt6_np19,11.0
1360,np4_nt4,nt15_np8,11.0
1360,np11_nt25,nt5_np6,11.0
1361,np17_nt16,nt2_np2,11.0
1364,np12_nt24,nt10_np7,11.0
1365,np8_nt15,nt2_np2,11.0
1365,np20_nt1,nt24_np12,11.0
1369,np19_nt6,nt1_np1,11.0
1371,np16_nt21,nt25_np10,11.0
1374,np2_nt2,nt24_np12,11.0
1375,np11_nt25,nt25_np10,11.0
1376,np12_nt24,nt1_np1,11.0
1376,np5_nt5,nt16_np17,11.0
1379,np4_nt4,nt2_np2,11.0
1381,np15_nt21,nt1_np1,11.0
1381,np15_nt21,nt1_np20,11.0
1382,np3_nt3,nt22_np14,11.0
1383,np13_nt23,nt21_np16,11.0
1386,np16_nt21,nt5_np6,11.0
1386,np10_nt25,nt23_np13,11.0
1391,np13_nt23,nt1_np1,11.0
1392,np19_nt6,nt10_np7,11.0
1395,np10_nt25,nt20_np9,11.0
1396,np16_nt21,nt5_np6,11.0
1400,np15_nt21,nt3_np3,11.0
1401,np6_nt5,nt21_np16,11.0
1403,np7_nt10,nt22_np14,11.0
1405,np6_nt5,nt2_np2,11.0
1407,np14_nt22,nt10_np7,11.0
1407,np20_nt1,nt1_np1,11.0
1408,np16_nt21,nt1_np20,11.0
1412,np19_nt6,nt24_np12,11.0
1419,np7_nt10,nt20_np9,11.0
1420,np16_nt21,nt20_np9,11.0
1420,np15_nt21,nt11_np18,11.0
1421,np2_nt2,nt25_np11,11.0
1421,np4_nt4,nt23_np13,11.0
1421,np9_nt20,nt21_np16,11.0
1421,np5_nt5,nt16_np17,11.0
1423,np14_nt22,nt5_np5,11.0
1428,np7_nt10,nt16_np17,11.0
1432,np17_nt16,nt1_np1,11.0
1437,np12_nt24,nt2_np2,11.0
1437,np19_nt6,nt23_np13,11.0
1437,np19_nt6,nt15_np8,11.0
1441,np6_nt5,nt15_np8,11.0
1441,np10_nt25,nt16_np17,11.0
1443,np17_nt16,nt25_np11,11.0
1443,np10_nt25,nt24_np12,11.0
1444,np4_nt4,nt23_np13,11.0
1446,np19_nt6,nt21_np16,11.0
1446,np2_nt2,nt3_np3,11.0
1450,np3_nt3,nt16_np17,11.0
1451,np2_nt2,nt10_np7,11.0
1451,np4_nt4,nt10_np7,11.0
1452,np17_nt16,nt10_np7,11.0
1454,np7_nt10,nt21_np16,11.0
1455,np5_nt5,nt4_np4,11.0
1456,np20_nt1,nt21_np15,11.0
1460,np12_nt24,nt15_np8,11.0
1460,np15_nt21,nt25_np10,11.0
1461,np7_nt10,nt6_np19,11.0
1467,np6_nt5,nt21_np16,11.0
1468,np13_nt23,nt11_np18,11.0
1468,np7_nt10,nt25_np10,11.0
1471,np1_nt1,nt20_np9,11.0
1474,np19_nt6,nt20_np9,11.0
1476,np10_nt25,nt6_np19,11.0
1480,np4_nt4,nt25_np10,11.0
1483,np6_nt5,nt16_np17,11.0
1483,np10_nt25,nt24_np12,11.0
1485,np4_nt4,nt11_np18,11.0
1485,np7_nt10,nt23_np13,11.0
1498,np4_nt4,nt21_np15,11.0
1500,np9_nt20,nt25_np11,11.0
1501,np3_nt3,nt1_np1,11.0
1502,np13_nt23,nt4_np4,11.0
1506,np4_nt4,nt21_np15,11.0
1508,np2_nt2,nt23_np13,11.0
1510,np4_nt4,nt22_np14,11.0
1511,np8_nt15,nt2_np2,11.0
1513,np20_nt1,nt16_np17,11.0
1513,np12_nt24,nt23_np13,11.0
1515,np19_nt6,nt25_np11,11.0
1516,np16_nt21,nt20_np9,11.0
1523,np19_nt6,nt1_np20,11.0
1529,np13_nt23,nt3_np3,11.0
1531,np3_nt3,nt25_np11,11.0
1531,np17_nt16,nt20_np9,11.0
1534,np10_nt25,nt21_np16,11.0
1543,np11_nt25,nt15_np8,11.0
1544,np10_nt25,nt20_np9,11.0
1549,np18_nt11,nt20_np9,11.0
1549,np3_nt3,nt11_np18,11.0
1553,np14_nt22,nt25_np11,11.0
1554,np20_nt1,nt10_np7,11.0
1556,np13_nt23,nt20_np9,11.0
1557,np4_nt4,nt22_np14,11.0
1558,np4_nt4,nt22_np14,11.0
1563,np3_nt3,nt4_np4,11.0
1563,np10_nt25,nt22_np14,11.0
1564,np20_nt1,nt25_np10,11.0
1565,np5_nt5,nt20_np9,11.0
1566,np13_nt23,nt25_np11,11.0
1570,np3_nt3,nt23_np13,11.0
1572,np9_nt20,nt10_np7,11.0
1574,np10_nt25,nt21_np15,11.0
1575,np5_nt5,nt25_np10,11.0
1578,np16_nt21,nt15_np8,11.0
1579,np8_nt15,nt20_np9,11.0
1581,np1_nt1,nt21_np15,11.0
1586,np20_nt1,nt2_np2,11.0
1589,np5_nt5,nt16_np17,11.0
1590,np13_nt23,nt21_np16,11.0
1591,np20_nt1,nt25_np10,11.0
1591,np16_nt21,nt4_np4,11.0
1592,np11_nt25,nt5_np6,11.0
1592,np2_nt2,nt21_np16,11.0
1592,np11_nt25,nt5_np6,11.0
1595,np14_nt22,nt4_np4,11.0
1603,np11_nt25,nt11_np18,11.0
1607,np4_nt4,nt25_np11,11.0
1607,np2_nt2,nt1_np1,11.0
1607,np8_nt15,nt22_np14,11.0
1608,np6_nt5,nt21_np15,11.0
1614,np1_nt1,nt25_np10,11.0
1615,np17_nt16,nt5_np6,11.0
1615,np5_nt5,nt10_np7,11.0
1616,np3_nt3,nt24_np12,11.0
1617,np18_nt11,nt24_np12,11.0
1620,np18_nt11,nt4_np4,11.0
1622,np3_nt3,nt4_np4,11.0
1625,np20_nt1,nt4_np4,11.0
1626,np10_nt25,nt25_np11,11.0
1626,np9_nt20,nt1_np1,11.0
1631,np15_nt21,nt3_np3,11.0
1633,np20_nt1,nt2_np2,11.0
1633,np12_nt24,nt16_np17,11.0
1634,np17_nt16,nt4_np4,11.0
1639,np1_nt1,nt5_np6,11.0
1640,np2_nt2,nt6_np19,11.0
1645,np3_nt3,nt5_np6,11.0
1647,np4_nt4,nt3_np3,11.0
1647,np9_nt20,nt3_np3,11.0
1651,np15_nt21,nt16_np17,11.0
1653,np14_nt22,nt24_np12,11.0
1656,np20_nt1,nt24_np12,11.0
1656,np11_nt25,nt5_np5,11.0
1660,np19_nt6,nt24_np12,11.0
1660,np12_nt24,nt20_np9,11.0
1661,np2_nt2,nt4_np4,11.0
1662,np20_nt1,nt25_np10,11.0
1662,np3_nt3,nt1_np20,11.0
1664,np14_nt22,nt2_np2,11.0
1665,np10_nt25,nt5_np5,11.0
1667,np9_nt20,nt15_np8,11.0
1668,np3_nt3,nt16_np17,11.0
1671,np18_nt11,nt20_np9,11.0
1671,np15_nt21,nt25_np10,11.0
1671,np18_nt11,nt1_np20,11.0
1675,np8_nt15,nt22_np14,11.0
1682,np19_nt6,nt5_np5,11.0
1684,np3_nt3,nt24_np12,11.0
1684,np9_nt20,nt16_np17,11.0
1689,np16_nt21,nt5_np5,11.0
1694,np17_nt16,nt4_np4,11.0
1696,np7_nt10,nt5_np5,11.0
1696,np12_nt24,nt21_np16,11.0
1696,np11_nt25,nt16_np17,11.0
1696,np11_nt25,nt6_np19,11.0
1701,np12_nt24,nt21_np16,11.0
1701,np18_nt11,nt23_np13,11.0
1701,np3_nt3,nt5_np5,11.0
1703,np4_nt4,nt25_np10,11.0
1705,np3_nt3,nt16_np17,11.0
1706,np17_nt16,nt21_np16,11.0
1706,np7_nt10,nt16_np17,11.0
1708,np5_nt5,nt1_np1,11.0
1709,np3_nt3,nt20_np9,11.0
1712,np12_nt24,nt1_np20,11.0
1713,np11_nt25,nt3_np3,11.0
1716,np11_nt25,nt5_np5,11.0
1718,np14_nt22,nt3_np3,11.0
1719,np9_nt20,nt25_np11,11.0
1719,np9_nt20,nt6_np19,11.0
1721,np10_nt25,nt22_np14,11.0
1725,np18_nt11,nt10_np7,11.0
1726,np10_nt25,nt22_np14,11.0
1728,np16_nt21,nt6_np19,11.0
1729,np15_nt21,nt23_np13,11.0
1733,np18_nt11,nt4_np4,11.0
1733,np8_nt15,nt1_np20,11.0
1737,np19_nt6,nt22_np14,11.0
1737,np1_nt1,nt25_np11,11.0
1738,np12_nt24,nt25_np10,11.0
1741,np5_nt5,nt24_np12,11.0
1741,np10_nt25,nt2_np2,11.0
1742,np13_nt23,nt15_np8,11.0
1744,np10_nt25,nt2_np2,11.0
1745,np1_nt1,nt6_np19,11.0
1751,np8_nt15,nt20_np9,11.0
1751,np9_nt20,nt23_np13,11.0
1752,np8_nt15,nt21_np15,11.0
1756,np11_nt25,nt15_np8,11.0
1757,np20_nt1,nt4_np4,11.0
1758,np12_nt24,nt21_np15,11.0
1760,np20_nt1,nt15_np8,11.0
1760,np16_nt21,nt11_np18,11.0
1763,np14_nt22,nt3_np3,11.0
1768,np4_nt4,nt11_np18,11.0
1773,np11_nt25,nt25_np10,11.0
1773,np17_nt16,nt21_np15,11.0
1776,np7_nt10,nt4_np4,11.0
1778,np2_nt2,nt16_np17,11.0
1779,np15_nt21,nt2_np2,11.0
1780,np8_nt15,nt1_np20,11.0
1780,np4_nt4,nt15_np8,11.0
1785,np16_nt21,nt5_np5,11.0
1787,np10_nt25,nt6_np19,11.0
1788,np11_nt25,nt16_np17,11.0
1788,np1_nt1,nt21_np15,11.0
1793,np15_nt21,nt16_np17,11.0
1796,np4_nt4,nt21_np16,11.0
1800,np4_nt4,nt1_np20,11.0
1801,np1_nt1,nt21_np16,11.0
1803,np19_nt6,nt2_np2,11.0
1803,np10_nt25,nt5_np6,11.0
1804,np11_nt25,nt6_np19,11.0
1805,np13_nt23,nt21_np16,11.0
1806,np11_nt25,nt16_np17,11.0
1807,np3_nt3,nt1_np1,11.0
1808,np14_nt22,nt3_np3,11.0
1814,np11_nt25,nt11_np18,11.0
1814,np4_nt4,nt16_np17,11.0
1817,np18_nt11,nt21_np16,11.0
1819,np15_nt21,nt16_np17,11.0
1822,np18_nt11,nt21_np15,11.0
1824,np13_nt23,nt1_np20,11.0
1827,np17_nt16,nt1_np20,11.0
1830,np2_nt2,nt1_np20,11.0
1832,np1_nt1,nt1_np20,11.0
1837,np20_nt1,nt6_np19,11.0
1840,np18_nt11,nt3_np3,11.0
1840,np5_nt5,nt5_np6,11.0
1842,np11_nt25,nt1_np1,11.0
1843,np8_nt15,nt23_np13,11.0
1843,np12_nt24,nt5_np6,11.0
1843,np3_nt3,nt20_np9,11.0
1849,np16_nt21,nt6_np19,11.0
1851,np14_nt22,nt23_np13,11.0
1853,np10_nt25,nt21_np16,11.0
1855,np12_nt24,nt10_np7,11.0
1856,np4_nt4,nt23_np13,11.0
1857,np14_nt22,nt24_np12,11.0
1861,np14_nt22,nt20_np9,11.0
1865,np17_nt16,nt2_np2,11.0
1866,np19_nt6,nt15_np8,11.0
1869,np11_nt25,nt6_np19,11.0
1870,np11_nt25,nt20_np9,11.0
1872,np13_nt23,nt25_np11,11.0
1874,np7_nt10,nt22_np14,11.0
1880,np20_nt1,nt5_np6,11.0
1882,np15_nt21,nt10_np7,11.0
1885,np3_nt3,nt20_np9,11.0
1887,np11_nt25,nt11_np18,11.0
1888,np12_nt24,nt5_np5,11.0
1902,np9_nt20,nt10_np7,11.0
1903,np17_nt16,nt10_np7,11.0
1906,np17_nt16,nt5_np6,11.0
1908,np16_nt21,nt22_np14,11.0
1908,np20_nt1,nt3_np3,11.0
1911,np16_nt21,nt3_np3,11.0
1916,np10_nt25,nt24_np12,11.0
1916,np14_nt22,nt5_np5,11.0
1919,np4_nt4,nt21_np15,11.0
1919,np16_nt21,nt3_np3,11.0
1927,np5_nt5,nt1_np1,11.0
1929,np5_nt5,nt23_np13,11.0
1930,np5_nt5,nt4_np4,11.0
1933,np5_nt5,nt25_np10,11.0
1934,np13_nt23,nt25_np10,11.0
1938,np1_nt1,nt25_np10,11.0
1939,np6_nt5,nt21_np16,11.0
1942,np7_nt10,nt11_np18,11.0
1944,np2_nt2,nt22_np14,11.0
1944,np9_nt20,nt1_np1,11.0
1946,np1_nt1,nt1_np20,11.0
1947,np13_nt23,nt1_np20,11.0
1952,np20_nt1,nt22_np14,11.0
1953,np19_nt6,nt22_np14,11.0
1953,np18_nt11,nt22_np14,11.0
1953,np15_nt21,nt1_np1,11.0
1955,np18_nt11,nt3_np3,11.0
1956,np3_nt3,nt20_np9,11.0
1961,np11_nt25,nt15_np8,11.0
1961,np3_nt3,nt5_np5,11.0
1963,np1_nt1,nt21_np15,11.0
1964,np5_nt5,nt23_np13,11.0
1966,np5_nt5,nt1_np20,11.0
1966,np18_nt11,nt3_np3,11.0
1968,np3_nt3,nt21_np15,11.0
1969,np14_nt22,nt3_np3,11.0
1972,np9_nt20,nt25_np10,11.0
1975,np7_nt10,nt21_np15,11.0
1975,np9_nt20,nt16_np17,11.0
1976,np11_nt25,nt1_np1,11.0
1977,np20_nt1,nt16_np17,11.0
1978,np14_nt22,nt21_np16,11.0
1980,np5_nt5,nt3_np3,11.0
1994,np12_nt24,nt22_np14,11.0
1997,np16_nt21,nt11_np18,11.0
2000,np13_nt23,nt1_np20,11.0
2003,np10_nt25,nt23_np13,11.0
2003,np17_nt16,nt5_np5,11.0
2003,np1_nt1,nt6_np19,11.0
2003,np13_nt23,nt1_np1,11.0
2003,np1_nt1,nt3_np3,11.0
2005,np7_nt10,nt11_np18,11.0
2007,np7_nt10,nt1_np20,11.0
2009,np6_nt5,nt25_np11,11.0
2010,np9_nt20,nt25_np11,11.0
2014,np19_nt6,nt5_np5,11.0
2014,np17_nt16,nt3_np3,11.0
2019,np17_nt16,nt22_np14,11.0
2020,np14_nt22,nt10_np7,11.0
2022,np1_nt1,nt25_np11,11.0
2022,np14_nt22,nt4_np4,11.0
2023,np8_nt15,nt2_np2,11.0
2024,np1_nt1,nt21_np16,11.0
2025,np1_nt1,nt21_np15,11.0
2025,np6_nt5,nt10_np7,11.0
2026,np11_nt25,nt25_np10,11.0
2032,np6_nt5,nt2_np2,11.0
2037,np14_nt22,nt21_np16,11.0
2040,np19_nt6,nt20_np9,11.0
2040,np18_nt11,nt6_np19,11.0
2042,np11_nt25,nt2_np2,11.0
2042,np3_nt3,nt4_np4,11.0
2045,np5_nt5,nt4_np4,11.0
2046,np20_nt1,nt24_np12,11.0
2050,np17_nt16,nt5_np5,11.0
2050,np1_nt1,nt21_np15,11.0
2051,np19_nt6,nt5_np5,11.0
2056,np13_nt23,nt5_np5,11.0
2058,np17_nt16,nt15_np8,11.0
2060,np6_nt5,nt23_np13,11.0
2067,np14_nt22,nt5_np5,11.0
2068,np11_nt25,nt1_np1,11.0
2073,np3_nt3,nt21_np15,11.0
2075,np5_nt5,nt11_np18,11.0
2076,np19_nt6,nt15_np8,11.0
2080,np4_nt4,nt1_np1,11.0
2082,np10_nt25,nt21_np15,11.0
2085,np17_nt16,nt2_np2,11.0
2086,np10_nt25,nt25_np11,11.0
2087,np19_nt6,nt24_np12,11.0
2087,np15_nt21,nt22_np14,11.0
2089,np11_nt25,nt6_np19,11.0
2092,np18_nt11,nt1_np20,11.0
2092,np8_nt15,nt16_np17,11.0
2095,np9_nt20,nt22_np14,11.0
2097,np11_nt25,nt11_np18,11.0
2098,np1_nt1,nt3_np3,11.0
2100,np11_nt25,nt1_np1,11.0
2102,np4_nt4,nt22_np14,11.0
2104,np5_nt5,nt21_np16,11.0
2106,np18_nt11,nt23_np13,11.0
2111,np17_nt16,nt6_np19,11.0
2115,np12_nt24,nt10_np7,11.0
2119,np15_nt21,nt3_np3,11.0
2119,np20_nt1,nt2_np2,11.0
2121,np9_nt20,nt23_np13,11.0
2123,np14_nt22,nt15_np8,11.0
2126,np18_nt11,nt23_np13,11.0
2131,np1_nt1,nt25_np11,11.0
2132,np7_nt10,nt25_np10,11.0
2137,np9_nt20,nt23_np13,11.0
2138,np7_nt10,nt2_np2,11.0
2138,np18_nt11,nt24_np12,11.0
2139,np3_nt3,nt6_np19,11.0
2146,np15_nt21,nt15_np8,11.0
2147,np8_nt15,nt25_np11,11.0
2147,np13_nt23,nt24_np12,11.0
2150,np15_nt21,nt5_np6,11.0
2155,np1_nt1,nt15_np8,11.0
2157,np5_nt5,nt21_np15,11.0
2158,np3_nt3,nt21_np16,11.0
2163,np9_nt20,nt5_np6,11.0
2163,np20_nt1,nt22_np14,11.0
2165,np18_nt11,nt21_np16,11.0
2167,np1_nt1,nt21_np16,11.0
2169,np6_nt5,nt2_np2,11.0
2171,np13_nt23,nt16_np17,11.0
2171,np5_nt5,nt3_np3,11.0
2174,np13_nt23,nt10_np7,11.0
2179,np7_nt10,nt16_np17,11.0
2179,np6_nt5,nt3_np3,11.0
2179,np14_nt22,nt11_np18,11.0
2187,np1_nt1,nt21_np15,11.0
2187,np9_nt20,nt16_np17,11.0
2191,np10_nt25,nt10_np7,11.0
2192,np13_nt23,nt3_np3,11.0
2196,np14_nt22,nt5_np5,11.0
2200,np13_nt23,nt2_np2,11.0
2202,np17_nt16,nt20_np9,11.0
2203,np6_nt5,nt3_np3,11.0
2204,np8_nt15,nt24_np12,11.0
2204,np9_nt20,nt25_np11,11.0
2205,np5_nt5,nt21_np15,11.0
2206,np1_nt1,nt21_np15,11.0
2206,np10_nt25,nt15_np8,11.0
2207,np1_nt1,nt6_np19,11.0
2208,np10_nt25,nt11_np18,11.0
2212,np18_nt11,nt25_np10,11.0
2214,np7_nt10,nt15_np8,11.0
2215,np7_nt10,nt25_np10,11.0
2218,np18_nt11,nt24_np12,11.0
2219,np4_nt4,nt6_np19,11.0
2219,np3_nt3,nt4_np4,11.0
2227,np20_nt1,nt6_np19,11.0
2227,np19_nt6,nt5_np5,11.0
2230,np3_nt3,nt11_np18,11.0
2231,np1_nt1,nt21_np16,11.0
2231,np14_nt22,nt21_np16,11.0
2232,np15_nt21,nt1_np1,11.0
2233,np19_nt6,nt1_np1,11.0
2234,np19_nt6,nt20_np9,11.0
2235,np15_nt21,nt11_np18,11.0
2238,np12_nt24,nt25_np10,11.0
2238,np12_nt24,nt5_np5,11.0
2239,np3_nt3,nt5_np6,11.0
2240,np15_nt21,nt1_np1,11.0
2240,np2_nt2,nt22_np14,11.0
2242,np10_nt25,nt2_np2,11.0
2242,np3_nt3,nt11_np18,11.0
2244,np7_nt10,nt21_np15,11.0
2251,np6_nt5,nt6_np19,11.0
2252,np7_nt10,nt1_np20,11.0
2254,np4_nt4,nt3_np3,11.0
2255,np13_nt23,nt16_np17,11.0
2260,np13_nt23,nt21_np16,11.0
2263,np13_nt23,nt1_np1,11.0
2265,np18_nt11,nt1_np20,11.0
2265,np5_nt5,nt6_np19,11.0
2266,np14_nt22,nt21_np15,11.0
2267,np8_nt15,nt25_np10,11.0
2267,np1_nt1,nt4_np4,11.0
2267,np14_nt22,nt24_np12,11.0
2269,np8_nt15,nt5_np5,11.0
2272,np19_nt6,nt21_np16,11.0
2272,np11_nt25,nt4_np4,11.0
2273,np1_nt1,nt2_np2,11.0
2276,np7_nt10,nt16_np17,11.0
2278,np14_nt22,nt20_np9,11.0
2280,np4_nt4,nt16_np17,11.0
2284,np18_nt11,nt6_np19,11.0
2284,np18_nt11,nt21_np15,11.0
2286,np3_nt3,nt25_np10,11.0
2287,np15_nt21,nt5_np6,11.0
2289,np17_nt16,nt20_np9,11.0
2291,np2_nt2,nt10_np7,11.0
2293,np10_nt25,nt16_np17,11.0
2298,np17_nt16,nt4_np4,11.0
2302,np16_nt21,nt15_np8,11.0
2303,np3_nt3,nt2_np2,11.0
2307,np12_nt24,nt1_np1,11.0
2307,np1_nt1,nt5_np5,11.0
2308,np18_nt11,nt3_np3,11.0
2308,np6_nt5,nt23_np13,11.0
2309,np15_nt21,nt20_np9,11.0
2311,np17_nt16,nt3_np3,11.0
2311,np9_nt20,nt10_np7,11.0
2311,np13_nt23,nt6_np19,11.0
2312,np1_nt1,nt15_np8,11.0
2312,np2_nt2,nt25_np11,11.0
2313,np11_nt25,nt4_np4,11.0
2314,np17_nt16,nt21_np16,11.0
2315,np19_nt6,nt25_np11,11.0
2317,np16_nt21,nt23_np13,11.0
2317,np16_nt21,nt6_np19,11.0
2319,np15_nt21,nt5_np5,11.0
2326,np3_nt3,nt15_np8,11.0
2329,np16_nt21,nt5_np5,11.0
2331,np5_nt5,nt15_np8,11.0
2331,np1_nt1,nt1_np20,11.0
2334,np7_nt10,nt23_np13,11.0
2336,np18_nt11,nt1_np20,11.0
2337,np17_nt16,nt6_np19,11.0
2337,np11_nt25,nt24_np12,11.0
2339,np5_nt5,nt24_np12,11.0
2343,np19_nt6,nt22_np14,11.0
2345,np6_nt5,nt1_np1,11.0
2347,np1_nt1,nt3_np3,11.0
2349,np6_nt5,nt22_np14,11.0
2349,np3_nt3,nt16_np17,11.0
2349,np5_nt5,nt5_np6,11.0
2350,np20_nt1,nt25_np11,11.0
2352,np11_nt25,nt1_np1,11.0
2354,np4_nt4,nt21_np16,11.0
2355,np16_nt21,nt25_np11,11.0
2356,np18_nt11,nt10_np7,11.0
2358,np2_nt2,nt21_np15,11.0
2359,np20_nt1,nt15_np8,11.0
2360,np6_nt5,nt3_np3,11.0
2365,np1_nt1,nt1_np20,11.0
2366,np20_nt1,nt4_np4,11.0
2370,np12_nt24,nt22_np14,11.0
2371,np18_nt11,nt5_np6,11.0
2372,np10_nt25,nt16_np17,11.0
2374,np1_nt1,nt11_np18,11.0
2375,np4_nt4,nt22_np14,11.0
2376,np19_nt6,nt3_np3,11.0
2377,np15_nt21,nt21_np16,11.0
2382,np16_nt21,nt11_np18,11.0
2384,np15_nt21,nt16_np17,11.0
2385,np4_nt4,nt2_np2,11.0
2386,np16_nt21,nt15_np8,11.0
2389,np7_nt10,nt4_np4,11.0
2391,np12_nt24,nt2_np2,11.0
2391,np11_nt25,nt1_np1,11.0
2394,np6_nt5,nt22_np14,11.0
2396,np16_nt21,nt16_np17,11.0
2399,np1_nt1,nt4_np4,11.0
2400,np15_nt21,nt2_np2,11.0
2404,np11_nt25,nt22_np14,11.0
2404,np10_nt25,nt4_np4,11.0
2404,np10_nt25,nt23_np13,11.0
2407,np12_nt24,nt2_np2,11.0
2409,np8_nt15,nt5_np5,11.0
2414,np17_nt16,nt1_np1,11.0
2419,np16_nt21,nt16_np17,11.0
2422,np17_nt16,nt21_np15,11.0
2423,np14_nt22,nt11_np18,11.0
2425,np8_nt15,nt24_np12,11.0
2428,np7_nt10,nt1_np20,11.0
2428,np3_nt3,nt21_np15,11.0
2429,np4_nt4,nt21_np15,11.0
2430,np3_nt3,nt6_np19,11.0
2431,np14_nt22,nt25_np10,11.0
2433,np3_nt3,nt25_np11,11.0
2436,np2_nt2,nt20_np9,11.0
2437,np3_nt3,nt25_np10,11.0
2438,np12_nt24,nt21_np15,11.0
2439,np4_nt4,nt20_np9,11.0
2446,np2_nt2,nt25_np10,11.0
2447,np3_nt3,nt16_np17,11.0
2451,np10_nt25,nt21_np16,11.0
2451,np19_nt6,nt15_np8,11.0
2452,np20_nt1,nt25_np10,11.0
2453,np3_nt3,nt15_np8,11.0
2453,np11_nt25,nt20_np9,11.0
2462,np8_nt15,nt3_np3,11.0
2463,np18_nt11,nt1_np20,11.0
2463,np12_nt24,nt25_np10,11.0
2466,np3_nt3,nt1_np1,11.0
2471,np7_nt10,nt5_np6,11.0
2474,np16_nt21,nt21_np15,11.0
2475,np14_nt22,nt5_np6,11.0
2481,np7_nt10,nt16_np17,11.0
2481,np5_nt5,nt4_np4,11.0
2481,np12_nt24,nt1_np20,11.0
2483,np5_nt5,nt6_np19,11.0
2484,np2_nt2,nt15_np8,11.0
2484,np15_nt21,nt25_np11,11.0
2488,np3_nt3,nt21_np15,11.0
2494,np10_nt25,nt22_np14,11.0
2499,np15_nt21,nt25_np11,11.0
2501,np12_nt24,nt5_np5,11.0
2501,np13_nt23,nt11_np18,11.0
2511,np1_nt1,nt21_np16,11.0
2512,np14_nt22,nt10_np7,11.0
2514,np16_nt21,nt11_np18,11.0
2514,np16_nt21,nt2_np2,11.0
2518,np19_nt6,nt2_np2,11.0
2520,np5_nt5,nt1_np20,11.0
2521,np12_nt24,nt25_np10,11.0
2522,np11_nt25,nt4_np4,11.0
2526,np16_nt21,nt21_np15,11.0
2531,np17_nt16,nt5_np6,11.0
2535,np13_nt23,nt1_np1,11.0
2538,np2_nt2,nt24_np12,11.0
2539,np9_nt20,nt5_np6,11.0
2539,np5_nt5,nt25_np11,11.0
2541,np1_nt1,nt2_np2,11.0
2541,np10_nt25,nt21_np16,11.0
2548,np17_nt16,nt22_np14,11.0
2548,np15_nt21,nt16_np17,11.0
2549,np10_nt25,nt1_np20,11.0
2555,np10_nt25,nt20_np9,11.0
2555,np16_nt21,nt21_np15,11.0
2560,np1_nt1,nt16_np17,11.0
2561,np8_nt15,nt25_np10,11.0
2561,np12_nt24,nt2_np2,11.0
2566,np14_nt22,nt6_np19,11.0
2566,np3_nt3,nt24_np12,11.0
2567,np7_nt10,nt25_np11,11.0
2568,np19_nt6,nt24_np12,11.0
2568,np6_nt5,nt3_np3,11.0
2572,np6_nt5,nt23_np13,11.0
2572,np19_nt6,nt24_np12,11.0
2572,np4_nt4,nt11_np18,11.0
2572,np11_nt25,nt25_np10,11.0
2575,np5_nt5,nt6_np19,11.0
2578,np13_nt23,nt5_np5,11.0
2580,np14_nt22,nt21_np16,11.0
2581,np1_nt1,nt23_np13,11.0
2583,np15_nt21,nt1_np1,11.0
2584,np12_nt24,nt3_np3,11.0
2584,np15_nt21,nt2_np2,11.0
2586,np9_nt20,nt4_np4,11.0
2586,np17_nt16,nt11_np18,11.0
2588,np5_nt5,nt3_np3,11.0
2605,np18_nt11,nt15_np8,11.0
2607,np5_nt5,nt16_np17,11.0
2609,np9_nt20,nt5_np6,11.0
2610,np16_nt21,nt1_np1,11.0
2610,np4_nt4,nt1_np1,11.0
2612,np16_nt21,nt1_np20,11.0
2613,np7_nt10,nt23_np13,11.0
2624,np14_nt22,nt6_np19,11.0
2625,np20_nt1,nt16_np17,11.0
2626,np10_nt25,nt1_np1,11.0
2626,np3_nt3,nt5_np6,11.0
2628,np7_nt10,nt1_np20,11.0
2629,np15_nt21,nt2_np2,11.0
2631,np18_nt11,nt15_np8,11.0
2631,np18_nt11,nt10_np7,11.0
2632,np2_nt2,nt4_np4,11.0
2632,np13_nt23,nt1_np1,11.0
2633,np1_nt1,nt21_np16,11.0
2634,np6_nt5,nt4_np4,11.0
2635,np15_nt21,nt20_np9,11.0
2637,np13_nt23,nt2_np2,11.0
2642,np7_nt10,nt25_np10,11.0
2643,np3_nt3,nt5_np5,11.0
2647,np18_nt11,nt25_np10,11.0
2647,np18_nt11,nt25_np10,11.0
2655,np14_nt22,nt23_np13,11.0
2656,np11_nt25,nt4_np4,11.0
2658,np9_nt20,nt10_np7,11.0
2659,np1_nt1,nt3_np3,11.0
2661,np4_nt4,nt16_np17,11.0
2665,np5_nt5,nt1_np20,11.0
2665,np15_nt21,nt15_np8,11.0
2666,np17_nt16,nt11_np18,11.0
2667,np19_nt6,nt25_np11,11.0
2669,np20_nt1,nt3_np3,11.0
2672,np12_nt24,nt23_np13,11.0
2680,np18_nt11,nt25_np10,11.0
2680,np17_nt16,nt15_np8,11.0
2681,np4_nt4,nt23_np13,11.0
2681,np12_nt24,nt25_np11,11.0
2682,np17_nt16,nt5_np5,11.0
2683,np16_nt21,nt10_np7,11.0
2684,np20_nt1,nt5_np6,11.0
2685,np19_nt6,nt24_np12,11.0
2685,np20_nt1,nt10_np7,11.0
2686,np7_nt10,nt2_np2,11.0
2688,np19_nt6,nt5_np5,11.0
2689,np20_nt1,nt3_np3,11.0
2690,np8_nt15,nt21_np15,11.0
2697,np13_nt23,nt1_np1,11.0
2699,np13_nt23,nt11_np18,11.0
2704,np18_nt11,nt15_np8,11.0
2710,np1_nt1,nt1_np20,11.0
2711,np10_nt25,nt5_np5,11.0
2711,np17_nt16,nt5_np6,11.0
2714,np4_nt4,nt16_np17,11.0
2715,np15_nt21,nt15_np8,11.0
2717,np17_nt16,nt10_np7,11.0
2718,np3_nt3,nt23_np13,11.0
2719,np17_nt16,nt1_np20,11.0
2721,np15_nt21,nt5_np5,11.0
2723,np17_nt16,nt5_np6,11.0
2723,np19_nt6,nt21_np16,11.0
2724,np8_nt15,nt23_np13,11.0
2725,np3_nt3,nt25_np10,11.0
2727,np4_nt4,nt23_np13,11.0
2729,np15_nt21,nt24_np12,11.0
2730,np15_nt21,nt5_np6,11.0
2730,np16_nt21,nt25_np10,11.0
2731,np10_nt25,nt1_np20,11.0
2731,np11_nt25,nt5_np5,11.0
2735,np17_nt16,nt5_np6,11.0
2738,np9_nt20,nt1_np20,11.0
2738,np4_nt4,nt24_np12,11.0
2741,np4_nt4,nt23_np13,11.0
2743,np3_nt3,nt23_np13,11.0
2745,np13_nt23,nt4_np4,11.0
2748,np14_nt22,nt3_np3,11.0
2748,np18_nt11,nt23_np13,11.0
2748,np18_nt11,nt1_np1,11.0
2749,np16_nt21,nt5_np5,11.0
2750,np7_nt10,nt21_np15,11.0
2754,np2_nt2,nt23_np13,11.0
2755,np4_nt4,nt21_np16,11.0
2760,np13_nt23,nt1_np20,11.0
2761,np2_nt2,nt1_np1,11.0
2762,np20_nt1,nt10_np7,11.0
2763,np8_nt15,nt3_np3,11.0
2764,np4_nt4,nt23_np13,11.0
2765,np17_nt16,nt6_np19,11.0
2765,np9_nt20,nt4_np4,11.0
2765,np1_nt1,nt10_np7,11.0
2766,np18_nt11,nt23_np13,11.0
2768,np3_nt3,nt21_np15,11.0
2768,np11_nt25,nt16_np17,11.0
2768,np14_nt22,nt16_np17,11.0
2769,np7_nt10,nt21_np16,11.0
2773,np10_nt25,nt11_np18,11.0
2773,np4_nt4,nt1_np20,11.0
2774,np9_nt20,nt15_np8,11.0
2775,np11_nt25,nt21_np15,11.0
2784,np15_nt21,nt4_np4,11.0
2784,np12_nt24,nt2_np2,11.0
2786,np6_nt5,nt22_np14,11.0
2787,np2_nt2,nt3_np3,11.0
2793,np18_nt11,nt5_np6,11.0
2794,np5_nt5,nt3_np3,11.0
2796,np14_nt22,nt1_np1,11.0
2796,np5_nt5,nt3_np3,11.0
2801,np5_nt5,nt15_np8,11.0
2802,np7_nt10,nt16_np17,11.0
2803,np11_nt25,nt5_np6,11.0
2805,np2_nt2,nt3_np3,11.0
2811,np6_nt5,nt20_np9,11.0
2818,np10_nt25,nt22_np14,11.0
2819,np20_nt1,nt21_np15,11.0
2819,np17_nt16,nt10_np7,11.0
2821,np9_nt20,nt15_np8,11.0
2822,np11_nt25,nt5_np5,11.0
2823,np10_nt25,nt22_np14,11.0
2825,np12_nt24,nt15_np8,11.0
2825,np3_nt3,nt23_np13,11.0
2832,np17_nt16,nt3_np3,11.0
2833,np12_nt24,nt11_np18,11.0
2833,np6_nt5,nt25_np11,11.0
2837,np2_nt2,nt1_np20,11.0
2837,np18_nt11,nt4_np4,11.0
2839,np4_nt4,nt5_np5,11.0
2846,np11_nt25,nt5_np5,11.0
2846,np17_nt16,nt1_np1,11.0
2848,np18_nt11,nt10_np7,11.0
2849,np19_nt6,nt23_np13,11.0
2849,np11_nt25,nt21_np15,11.0
2851,np3_nt3,nt11_np18,11.0
2859,np16_nt21,nt3_np3,11.0
2860,np2_nt2,nt21_np16,11.0
2863,np14_nt22,nt5_np5,11.0
2864,np12_nt24,nt5_np6,11.0
2864,np15_nt21,nt16_np17,11.0
2868,np17_nt16,nt6_np19,11.0
2869,np4_nt4,nt25_np10,11.0
2871,np18_nt11,nt21_np15,11.0
2871,np3_nt3,nt11_np18,11.0
2872,np8_nt15,nt10_np7,11.0
2874,np16_nt21,nt23_np13,11.0
2875,np18_nt11,nt3_np3,11.0
2877,np3_nt3,nt1_np20,11.0
2886,np4_nt4,nt5_np6,11.0
2889,np1_nt1,nt25_np11,11.0
2893,np10_nt25,nt21_np15,11.0
2895,np6_nt5,nt15_np8,11.0
2896,np12_nt24,nt1_np20,11.0
2903,np13_nt23,nt16_np17,11.0
2907,np18_nt11,nt24_np12,11.0
2909,np5_nt5,nt4_np4,11.0
2910,np10_nt25,nt16_np17,11.0
2911,np17_nt16,nt1_np1,11.0
2911,np2_nt2,nt16_np17,11.0
2912,np2_nt2,nt1_np20,11.0
2917,np10_nt25,nt24_np12,11.0
2920,np15_nt21,nt1_np20,11.0
2921,np14_nt22,nt1_np1,11.0
2924,np3_nt3,nt24_np12,11.0
2925,np16_nt21,nt6_np19,11.0
2925,np17_nt16,nt5_np6,11.0
2926,np8_nt15,nt25_np10,11.0
2926,np10_nt25,nt15_np8,11.0
2928,np18_nt11,nt2_np2,11.0
2929,np6_nt5,nt15_np8,11.0
2929,np16_nt21,nt20_np9,11.0
2931,np3_nt3,nt6_np19,11.0
2933,np5_nt5,nt6_np19,11.0
2935,np10_nt25,nt4_np4,11.0
2935,np2_nt2,nt3_np3,11.0
2935,np17_nt16,nt1_np20,11.0
2940,np13_nt23,nt5_np5,11.0
2947,np19_nt6,nt2_np2,11.0
2948,np7_nt10,nt22_np14,11.0
2948,np18_nt11,nt23_np13,11.0
2948,np7_nt10,nt1_np20,11.0
2950,np20_nt1,nt4_np4,11.0
2953,np1_nt1,nt23_np13,11.0
2954,np11_nt25,nt10_np7,11.0
2956,np4_nt4,nt21_np15,11.0
2960,np1_nt1,nt25_np11,11.0
2964,np19_nt6,nt5_np6,11.0
2964,np9_nt20,nt1_np20,11.0
2964,np5_nt5,nt1_np1,11.0
2965,np7_nt10,nt16_np17,11.0
2965,np8_nt15,nt1_np20,11.0
2966,np20_nt1,nt16_np17,11.0
2967,np8_nt15,nt10_np7,11.0
2971,np5_nt5,nt2_np2,11.0
2973,np16_nt21,nt6_np19,11.0
2979,np7_nt10,nt21_np15,11.0
2981,np12_nt24,nt1_np1,11.0
2981,np17_nt16,nt1_np1,11.0
2986,np8_nt15,nt23_np13,11.0
2989,np14_nt22,nt24_np12,11.0
2991,np10_nt25,nt5_np6,11.0
2991,np9_nt20,nt25_np10,11.0
2995,np15_nt21,nt23_np13,11.0
2996,np12_nt24,nt6_np19,11.0
3005,np9_nt20,nt5_np6,11.0
3006,np2_nt2,nt24_np12,11.0
3006,np15_nt21,nt5_np5,11.0
3008,np5_nt5,nt20_np9,11.0
3009,np8_nt15,nt24_np12,11.0
3010,np19_nt6,nt2_np2,11.0
3016,np8_nt15,nt25_np10,11.0
3019,np4_nt4,nt23_np13,11.0
3019,np14_nt22,nt10_np7,11.0
3023,np7_nt10,nt22_np14,11.0
3024,np2_nt2,nt6_np19,11.0
3029,np16_nt21,nt1_np20,11.0
3029,np12_nt24,nt1_np20,11.0
3030,np10_nt25,nt24_np12,11.0
3031,np20_nt1,nt25_np10,11.0
3033,np16_nt21,nt15_np8,11.0
3034,np10_nt25,nt21_np15,11.0
3035,np16_nt21,nt25_np11,11.0
3035,np13_nt23,nt24_np12,11.0
3036,np3_nt3,nt24_np12,11.0
3037,np10_nt25,nt25_np11,11.0
3040,np6_nt5,nt11_np18,11.0
3042,np5_nt5,nt24_np12,11.0
3042,np15_nt21,nt4_np4,11.0
3043,np16_nt21,nt3_np3,11.0
3045,np20_nt1,nt10_np7,11.0
3048,np1_nt1,nt20_np9,11.0
3048,np4_nt4,nt3_np3,11.0
3051,np3_nt3,nt22_np14,11.0
3053,np16_nt21,nt5_np6,11.0
3055,np4_nt4,nt11_np18,11.0
3059,np9_nt20,nt22_np14,11.0
3059,np6_nt5,nt20_np9,11.0
3065,np9_nt20,nt24_np12,11.0
3066,np4_nt4,nt11_np18,11.0
3069,np2_nt2,nt20_np9,11.0
3070,np10_nt25,nt6_np19,11.0
3070,np20_nt1,nt1_np1,11.0
3074,np8_nt15,nt11_np18,11.0
3077,np8_nt15,nt21_np16,11.0
3083,np1_nt1,nt21_np16,11.0
3085,np10_nt25,nt20_np9,11.0
3087,np5_nt5,nt1_np20,11.0
3091,np15_nt21,nt15_np8,11.0
3091,np1_nt1,nt2_np2,11.0
3092,np12_nt24,nt1_np1,11.0
3092,np10_nt25,nt23_np13,11.0
3094,np9_nt20,nt23_np13,11.0
3097,np4_nt4,nt5_np5,11.0
3099,np16_nt21,nt25_np11,11.0
3104,np1_nt1,nt6_np19,11.0
3104,np16_nt21,nt11_np18,11.0
3104,np10_nt25,nt5_np6,11.0
3105,np16_nt21,nt5_np6,11.0
3106,np16_nt21,nt23_np13,11.0
3108,np18_nt11,nt16_np17,11.0
3110,np1_nt1,nt1_np20,11.0
3110,np19_nt6,nt4_np4,11.0
3110,np8_nt15,nt5_np5,11.0
3110,np19_nt6,nt4_np4,11.0
3114,np17_nt16,nt23_np13,11.0
3119,np19_nt6,nt23_np13,11.0
3119,np14_nt22,nt3_np3,11.0
3123,np16_nt21,nt10_np7,11.0
3124,np7_nt10,nt25_np11,11.0
3132,np20_nt1,nt22_np14,11.0
3133,np8_nt15,nt21_np15,11.0
3133,np12_nt24,nt1_np1,11.0
3136,np4_nt4,nt21_np15,11.0
3136,np15_nt21,nt5_np5,11.0
3137,np2_nt2,nt1_np1,11.0
3137,np16_nt21,nt25_np10,11.0
3137,np10_nt25,nt11_np18,11.0
3138,np16_nt21,nt23_np13,11.0
3139,np8_nt15,nt23_np13,11.0
3139,np10_nt25,nt5_np6,11.0
3143,np20_nt1,nt10_np7,11.0
3144,np6_nt5,nt5_np5,11.0
3146,np4_nt4,nt5_np6,11.0
3146,np15_nt21,nt22_np14,11.0
3146,np8_nt15,nt25_np10,11.0
3149,np1_nt1,nt21_np16,11.0
3149,np17_nt16,nt25_np10,11.0
3153,np1_nt1,nt24_np12,11.0
3153,np11_nt25,nt2_np2,11.0
3154,np14_nt22,nt10_np7,11.0
3158,np19_nt6,nt1_np1,11.0
3158,np14_nt22,nt25_np10,11.0
3162,np3_nt3,nt24_np12,11.0
3162,np16_nt21,nt2_np2,11.0
3163,np17_nt16,nt2_np2,11.0
3164,np4_nt4,nt15_np8,11.0
3164,np12_nt24,nt22_np14,11.0
3166,np14_nt22,nt11_np18,11.0
3167,np1_nt1,nt3_np3,11.0
3177,np17_nt16,nt22_np14,11.0
3177,np20_nt1,nt16_np17,11.0
3187,np1_nt1,nt16_np17,11.0
3187,np19_nt6,nt21_np15,11.0
3188,np17_nt16,nt11_np18,11.0
3189,np14_nt22,nt10_np7,11.0
3192,np11_nt25,nt4_np4,11.0
3195,np19_nt6,nt2_np2,11.0
3198,np12_nt24,nt25_np11,11.0
3199,np20_nt1,nt24_np12,11.0
3202,np10_nt25,nt16_np17,11.0
3203,np6_nt5,nt23_np13,11.0
3205,np17_nt16,nt3_np3,11.0
3206,np20_nt1,nt21_np16,11.0
3206,np2_nt2,nt6_np19,11.0
3207,np7_nt10,nt25_np10,11.0
3208,np5_nt5,nt21_np15,11.0
3209,np19_nt6,nt2_np2,11.0
3211,np7_nt10,nt24_np12,11.0
3212,np12_nt24,nt21_np15,11.0
3215,np5_nt5,nt3_np3,11.0
3216,np5_nt5,nt11_np18,11.0
3216,np17_nt16,nt25_np10,11.0
3217,np10_nt25,nt4_np4,11.0
3217,np12_nt24,nt21_np15,11.0
3221,np13_nt23,nt6_np19,11.0
3223,np13_nt23,nt3_np3,11.0
3226,np13_nt23,nt25_np11,11.0
3227,np18_nt11,nt16_np17,11.0
3231,np6_nt5,nt25_np10,11.0
3231,np11_nt25,nt15_np8,11.0
3232,np18_nt11,nt1_np20,11.0
3235,np8_nt15,nt16_np17,11.0
3237,np7_nt10,nt25_np11,11.0
3237,np9_nt20,nt4_np4,11.0
3238,np3_nt3,nt16_np17,11.0
3243,np10_nt25,nt2_np2,11.0
3243,np15_nt21,nt20_np9,11.0
3243,np14_nt22,nt4_np4,11.0
3246,np10_nt25,nt2_np2,11.0
3250,np12_nt24,nt21_np16,11.0
3250,np12_nt24,nt20_np9,11.0
3250,np20_nt1,nt5_np6,11.0
3250,np12_nt24,nt23_np13,11.0
3253,np4_nt4,nt6_np19,11.0
3257,np2_nt2,nt1_np20,11.0
3261,np2_nt2,nt21_np16,11.0
3264,np2_nt2,nt21_np15,11.0
3265,np19_nt6,nt21_np16,11.0
3265,np15_nt21,nt16_np17,11.0
3268,np14_nt22,nt25_np11,11.0
3269,np6_nt5,nt20_np9,11.0
3269,np3_nt3,nt2_np2,11.0
3269,np7_nt10,nt6_np19,11.0
3271,np5_nt5,nt24_np12,11.0
3273,np15_nt21,nt16_np17,11.0
3275,np8_nt15,nt5_np5,11.0
3280,np7_nt10,nt16_np17,11.0
3280,np4_nt4,nt24_np12,11.0
3282,np14_nt22,nt15_np8,11.0
3282,np15_nt21,nt1_np1,11.0
3284,np13_nt23,nt15_np8,11.0
3286,np3_nt3,nt5_np6,11.0
3293,np12_nt24,nt3_np3,11.0
3293,np3_nt3,nt10_np7,11.0
3295,np4_nt4,nt15_np8,11.0
3300,np1_nt1,nt5_np5,11.0
3302,np11_nt25,nt11_np18,11.0
3303,np8_nt15,nt11_np18,11.0
3307,np18_nt11,nt5_np5,11.0
3307,np3_nt3,nt15_np8,11.0
3312,np17_nt16,nt1_np1,11.0
3313,np4_nt4,nt3_np3,11.0
3314,np18_nt11,nt5_np5,11.0
3314,np17_nt16,nt25_np11,11.0
3318,np6_nt5,nt21_np15,11.0
3320,np12_nt24,nt25_np11,11.0
3323,np12_nt24,nt15_np8,11.0
3325,np2_nt2,nt22_np14,11.0
3330,np15_nt21,nt15_np8,11.0
3334,np3_nt3,nt10_np7,11.0
3337,np8_nt15,nt1_np1,11.0
3340,np18_nt11,nt3_np3,11.0
3345,np17_nt16,nt20_np9,11.0
3349,np15_nt21,nt23_np13,11.0
3350,np12_nt24,nt16_np17,11.0
3351,np20_nt1,nt15_np8,11.0
3356,np16_nt21,nt16_np17,11.0
3356,np13_nt23,nt21_np15,11.0
3356,np14_nt22,nt21_np16,11.0
3361,np2_nt2,nt25_np10,11.0
3363,np14_nt22,nt1_np1,11.0
3366,np11_nt25,nt1_np1,11.0
3369,np9_nt20,nt5_np6,11.0
3370,np3_nt3,nt25_np10,11.0
3374,np15_nt21,nt11_np18,11.0
3376,np18_nt11,nt6_np19,11.0
3377,np6_nt5,nt25_np10,11.0
3377,np5_nt5,nt15_np8,11.0
3379,np6_nt5,nt6_np19,11.0
3379,np13_nt23,nt21_np15,11.0
3382,np3_nt3,nt15_np8,11.0
3388,np11_nt25,nt6_np19,11.0
3390,np20_nt1,nt2_np2,11.0
3393,np16_nt21,nt15_np8,11.0
3395,np3_nt3,nt16_np17,11.0
3395,np11_nt25,nt16_np17,11.0
3395,np2_nt2,nt25_np11,11.0
3396,np1_nt1,nt1_np20,11.0
3397,np17_nt16,nt15_np8,11.0
3398,np16_nt21,nt25_np11,11.0
3402,np9_nt20,nt1_np1,11.0
3405,np14_nt22,nt5_np5,11.0
3408,np16_nt21,nt16_np17,11.0
3409,np11_nt25,nt10_np7,11.0
3413,np15_nt21,nt1_np1,11.0
3413,np20_nt1,nt21_np16,11.0
3413,np16_nt21,nt22_np14,11.0
3415,np7_nt10,nt1_np1,11.0
3416,np4_nt4,nt21_np16,11.0
3417,np5_nt5,nt21_np16,11.0
3417,np9_nt20,nt25_np11,11.0
3418,np17_nt16,nt24_np12,11.0
3419,np6_nt5,nt10_np7,11.0
3419,np17_nt16,nt25_np10,11.0
3420,np9_nt20,nt23_np13,11.0
3424,np17_nt16,nt5_np5,11.0
3425,np5_nt5,nt20_np9,11.0
3428,np17_nt16,nt21_np16,11.0
3430,np3_nt3,nt11_np18,11.0
3430,np19_nt6,nt23_np13,11.0
3432,np3_nt3,nt5_np5,11.0
3438,np4_nt4,nt24_np12,11.0
3439,np13_nt23,nt24_np12,11.0
3439,np11_nt25,nt1_np1,11.0
3444,np3_nt3,nt10_np7,11.0
3445,np14_nt22,nt16_np17,11.0
3445,np10_nt25,nt2_np2,11.0
3451,np15_nt21,nt10_np7,11.0
3456,np5_nt5,nt4_np4,11.0
3457,np19_nt6,nt20_np9,11.0
3474,np20_nt1,nt22_np14,11.0
3476,np18_nt11,nt3_np3,11.0
3479,np7_nt10,nt5_np6,11.0
3480,np13_nt23,nt1_np20,11.0
3481,np17_nt16,nt25_np10,11.0
3481,np7_nt10,nt11_np18,11.0
3482,np10_nt25,nt24_np12,11.0
3483,np8_nt15,nt5_np5,11.0
3483,np18_nt11,nt23_np13,11.0
3484,np20_nt1,nt15_np8,11.0
3486,np15_nt21,nt5_np5,11.0
3489,np12_nt24,nt11_np18,11.0
3489,np20_nt1,nt4_np4,11.0
3492,np4_nt4,nt1_np1,11.0
3492,np13_nt23,nt21_np16,11.0
3493,np5_nt5,nt10_np7,11.0
3493,np7_nt10,nt22_np14,11.0
3496,np13_nt23,nt6_np19,11.0
3498,np3_nt3,nt20_np9,11.0
3498,np8_nt15,nt21_np16,11.0
3499,np8_nt15,nt1_np1,11.0
3503,np20_nt1,nt6_np19,11.0
3504,np12_nt24,nt20_np9,11.0
3505,np5_nt5,nt15_np8,11.0
3506,np1_nt1,nt2_np2,11.0
3511,np6_nt5,nt24_np12,11.0
3513,np11_nt25,nt22_np14,11.0
3513,np12_nt24,nt5_np5,11.0
3516,np1_nt1,nt3_np3,11.0
3517,np10_nt25,nt10_np7,11.0
3521,np7_nt10,nt3_np3,11.0
3522,np8_nt15,nt1_np20,11.0
3523,np16_nt21,nt16_np17,11.0
3526,np13_nt23,nt20_np9,11.0
3527,np17_nt16,nt6_np19,11.0
3529,np6_nt5,nt23_np13,11.0
3531,np19_nt6,nt5_np5,11.0
3533,np11_nt25,nt21_np16,11.0
3534,np2_nt2,nt4_np4,11.0
3534,np13_nt23,nt25_np11,11.0
3535,np16_nt21,nt21_np15,11.0
3535,np5_nt5,nt21_np15,11.0
3536,np17_nt16,nt5_np6,11.0
3538,np13_nt23,nt25_np11,11.0
3541,np4_nt4,nt22_np14,11.0
3546,np3_nt3,nt23_np13,11.0
3547,np7_nt10,nt24_np12,11.0
3547,np7_nt10,nt25_np10,11.0
3550,np12_nt24,nt22_np14,11.0
3555,np20_nt1,nt16_np17,11.0
3557,np14_nt22,nt16_np17,11.0
3560,np9_nt20,nt3_np3,11.0
3562,np14_nt22,nt5_np5,11.0
3565,np20_nt1,nt5_np5,11.0
3569,np1_nt1,nt11_np18,11.0
3570,np6_nt5,nt3_np3,11.0
3571,np14_nt22,nt1_np20,11.0
3571,np8_nt15,nt21_np16,11.0
3573,np18_nt11,nt15_np8,11.0
3574,np1_nt1,nt5_np5,11.0
3575,np6_nt5,nt1_np1,11.0
3576,np2_nt2,nt25_np10,11.0
3577,np5_nt5,nt22_np14,11.0
3578,np3_nt3,nt10_np7,11.0
3580,np4_nt4,nt10_np7,11.0
3580,np8_nt15,nt6_np19,11.0
3582,np2_nt2,nt25_np10,11.0
3583,np8_nt15,nt20_np9,11.0
3590,np16_nt21,nt2_np2,11.0
3590,np13_nt23,nt3_np3,11.0
3592,np5_nt5,nt4_np4,11.0
3598,np3_nt3,nt5_np5,11.0
