origin_edge,dest_edge,veh_per_hour
np10_nt25,nt10_np7,2.6316
np10_nt25,nt11_np18,2.6316
np10_nt25,nt15_np8,2.6316
np10_nt25,nt16_np17,2.6316
np10_nt25,nt1_np1,2.6316
np10_nt25,nt1_np20,2.6316
np10_nt25,nt20_np9,2.6316
np10_nt25,nt21_np15,2.6316
np10_nt25,nt21_np16,2.6316
np10_nt25,nt22_np14,2.6316
np10_nt25,nt23_np13,2.6316
np10_nt25,nt24_np12,2.6316
np10_nt25,nt25_np11,2.6316
np10_nt25,nt2_np2,2.6316
np10_nt25,nt3_np3,2.6316
np10_nt25,nt4_np4,2.6316
np10_nt25,nt5_np5,2.6316
np10_nt25,nt5_np6,2.6316
np10_nt25,nt6_np19,2.6316
np11_nt25,nt10_np7,2.6316
np11_nt25,nt11_np18,2.6316
np11_nt25,nt15_np8,2.6316
np11_nt25,nt16_np17,2.6316
np11_nt25,nt1_np1,2.6316
np11_nt25,nt1_np20,2.6316
np11_nt25,nt20_np9,2.6316
np11_nt25,nt21_np15,2.6316
np11_nt25,nt21_np16,2.6316
np11_nt25,nt22_np14,2.6316
np11_nt25,nt23_np13,2.6316
np11_nt25,nt24_np12,2.6316
np11_nt25,nt25_np10,2.6316
np11_nt25,nt2_np2,2.6316
np11_nt25,nt3_np3,2.6316
np11_nt25,nt4_np4,2.6316
np11_nt25,nt5_np5,2.6316
np11_nt25,nt5_np6,2.6316
np11_nt25,nt6_np19,2.6316
np12_nt24,nt10_np7,2.6316
np12_nt24,nt11_np18,2.6316
np12_nt24,nt15_np8,2.6316
np12_nt24,nt16_np17,2.6316
np12_nt24,nt1_np1,2.6316
np12_nt24,nt1_np20,2.6316
np12_nt24,nt20_np9,2.6316
np12_nt24,nt21_np15,2.6316
np12_nt24,nt21_np16,2.6316
np12_nt24,nt22_np14,2.6316
np12_nt24,nt23_np13,2.6316
np12_nt24,nt25_np10,2.6316
np12_nt24,nt25_np11,2.6316
np12_nt24,nt2_np2,2.6316
np12_nt24,nt3_np3,2.6316
np12_nt24,nt4_np4,2.6316
np12_nt24,nt5_np5,2.6316
np12_nt24,nt5_np6,2.6316
np12_nt24,nt6_np19,2.6316
np13_nt23,nt10_np7,2.6316
np13_nt23,nt11_np18,2.6316
np13_nt23,nt15_np8,2.6316
np13_nt23,nt16_np17,2.6316
np13_nt23,nt1_np1,2.6316
np13_nt23,nt1_np20,2.6316
np13_nt23,nt20_np9,2.6316
np13_nt23,nt21_np15,2.6316
np13_nt23,nt21_np16,2.6316
np13_nt23,nt22_np14,2.6316
np13_nt23,nt24_np12,2.6316
np13_nt23,nt25_np10,2.6316
np13_nt23,nt25_np11,2.6316
np13_nt23,nt2_np2,2.6316
np13_nt23,nt3_np3,2.6316
np13_nt23,nt4_np4,2.6316
np13_nt23,nt5_np5,2.6316
np13_nt23,nt5_np6,2.6316
np13_nt23,nt6_np19,2.6316
np14_nt22,nt10_np7,2.6316
np14_nt22,nt11_np18,2.6316
np14_nt22,nt15_np8,2.6316
np14_nt22,nt16_np17,2.6316
np14_nt22,nt1_np1,2.6316
np14_nt22,nt1_np20,2.6316
np14_nt22,nt20_np9,2.6316
np14_nt22,nt21_np15,2.6316
np14_nt22,nt21_np16,2.6316
np14_nt22,nt23_np13,2.6316
np14_nt22,nt24_np12,2.6316
np14_nt22,nt25_np10,2.6316
np14_nt22,nt25_np11,2.6316
np14_nt22,nt2_np2,2.6316
np14_nt22,nt3_np3,2.6316
np14_nt22,nt4_np4,2.6316
np14_nt22,nt5_np5,2.6316
np14_nt22,nt5_np6,2.6316
np14_nt22,nt6_np19,2.6316
np15_nt21,nt10_np7,2.6316
np15_nt21,nt11_np18,2.6316
np15_nt21,nt15_np8,2.6316
np15_nt21,nt16_np17,2.6316
np15_nt21,nt1_np1,2.6316
np15_nt21,nt1_np20,2.6316
np15_nt21,nt20_np9,2.6316
np15_nt21,nt21_np16,2.6316
np15_nt21,nt22_np14,2.6316
np15_nt21,nt23_np13,2.6316
np15_nt21,nt24_np12,2.6316
np15_nt21,nt25_np10,2.6316
np15_nt21,nt25_np11,2.6316
np15_nt21,nt2_np2,2.6316
np15_nt21,nt3_np3,2.6316
np15_nt21,nt4_np4,2.6316
np15_nt21,nt5_np5,2.6316
np15_nt21,nt5_np6,2.6316
np15_nt21,nt6_np19,2.6316
np16_nt21,nt10_np7,2.6316
np16_nt21,nt11_np18,2.6316
np16_nt21,nt15_np8,2.6316
np16_nt21,nt16_np17,2.6316
np16_nt21,nt1_np1,2.6316
np16_nt21,nt1_np20,2.6316
np16_nt21,nt20_np9,2.6316
np16_nt21,nt21_np15,2.6316
np16_nt21,nt22_np14,2.6316
np16_nt21,nt23_np13,2.6316
np16_nt21,nt24_np12,2.6316
np16_nt21,nt25_np10,2.6316
np16_nt21,nt25_np11,2.6316
np16_nt21,nt2_np2,2.6316
np16_nt21,nt3_np3,2.6316
np16_nt21,nt4_np4,2.6316
np16_nt21,nt5_np5,2.6316
np16_nt21,nt5_np6,2.6316
np16_nt21,nt6_np19,2.6316
np17_nt16,nt10_np7,2.6316
np17_nt16,nt11_np18,2.6316
np17_nt16,nt15_np8,2.6316
np17_nt16,nt1_np1,2.6316
np17_nt16,nt1_np20,2.6316
np17_nt16,nt20_np9,2.6316
np17_nt16,nt21_np15,2.6316
np17_nt16,nt21_np16,2.6316
np17_nt16,nt22_np14,2.6316
np17_nt16,nt23_np13,2.6316
np17_nt16,nt24_np12,2.6316
np17_nt16,nt25_np10,2.6316
np17_nt16,nt25_np11,2.6316
np17_nt16,nt2_np2,2.6316
np17_nt16,nt3_np3,2.6316
np17_nt16,nt4_np4,2.6316
np17_nt16,nt5_np5,2.6316
np17_nt16,nt5_np6,2.6316
np17_nt16,nt6_np19,2.6316
np18_nt11,nt10_np7,2.6316
np18_nt11,nt15_np8,2.6316
np18_nt11,nt16_np17,2.6316
np18_nt11,nt1_np1,2.6316
np18_nt11,nt1_np20,2.6316
np18_nt11,nt20_np9,2.6316
np18_nt11,nt21_np15,2.6316
np18_nt11,nt21_np16,2.6316
np18_nt11,nt22_np14,2.6316
np18_nt11,nt23_np13,2.6316
np18_nt11,nt24_np12,2.6316
np18_nt11,nt25_np10,2.6316
np18_nt11,nt25_np11,2.6316
np18_nt11,nt2_np2,2.6316
np18_nt11,nt3_np3,2.6316
np18_nt11,nt4_np4,2.6316
np18_nt11,nt5_np5,2.6316
np18_nt11,nt5_np6,2.6316
np18_nt11,nt6_np19,2.6316
np19_nt6,nt10_np7,2.6316
np19_nt6,nt11_np18,2.6316
np19_nt6,nt15_np8,2.6316
np19_nt6,nt16_np17,2.6316
np19_nt6,nt1_np1,2.6316
np19_nt6,nt1_np20,2.6316
np19_nt6,nt20_np9,2.6316
np19_nt6,nt21_np15,2.6316
np19_nt6,nt21_np16,2.6316
np19_nt6,nt22_np14,2.6316
np19_nt6,nt23_np13,2.6316
np19_nt6,nt24_np12,2.6316
np19_nt6,nt25_np10,2.6316
np19_nt6,nt25_np11,2.6316
np19_nt6,nt2_np2,2.6316
np19_nt6,nt3_np3,2.6316
np19_nt6,nt4_np4,2.6316
np19_nt6,nt5_np5,2.6316
np19_nt6,nt5_np6,2.6316
np1_nt1,nt10_np7,2.6316
np1_nt1,nt11_np18,2.6316
np1_nt1,nt15_np8,2.6316
np1_nt1,nt16_np17,2.6316
np1_nt1,nt1_np20,2.6316
np1_nt1,nt20_np9,2.6316
np1_nt1,nt21_np15,2.6316
np1_nt1,nt21_np16,2.6316
np1_nt1,nt22_np14,2.6316
np1_nt1,nt23_np13,2.6316
np1_nt1,nt24_np12,2.6316
np1_nt1,nt25_np10,2.6316
np1_nt1,nt25_np11,2.6316
np1_nt1,nt2_np2,2.6316
np1_nt1,nt3_np3,2.6316
np1_nt1,nt4_np4,2.6316
np1_nt1,nt5_np5,2.6316
np1_nt1,nt5_np6,2.6316
np1_nt1,nt6_np19,2.6316
np20_nt1,nt10_np7,2.6316
np20_nt1,nt11_np18,2.6316
np20_nt1,nt15_np8,2.6316
np20_nt1,nt16_np17,2.6316
np20_nt1,nt1_np1,2.6316
np20_nt1,nt20_np9,2.6316
np20_nt1,nt21_np15,2.6316
np20_nt1,nt21_np16,2.6316
np20_nt1,nt22_np14,2.6316
np20_nt1,nt23_np13,2.6316
np20_nt1,nt24_np12,2.6316
np20_nt1,nt25_np10,2.6316
np20_nt1,nt25_np11,2.6316
np20_nt1,nt2_np2,2.6316
np20_nt1,nt3_np3,2.6316
np20_nt1,nt4_np4,2.6316
np20_nt1,nt5_np5,2.6316
np20_nt1,nt5_np6,2.6316
np20_nt1,nt6_np19,2.6316
np2_nt2,nt10_np7,2.6316
np2_nt2,nt11_np18,2.6316
np2_nt2,nt15_np8,2.6316
np2_nt2,nt16_np17,2.6316
np2_nt2,nt1_np1,2.6316
np2_nt2,nt1_np20,2.6316
np2_nt2,nt20_np9,2.6316
np2_nt2,nt21_np15,2.6316
np2_nt2,nt21_np16,2.6316
np2_nt2,nt22_np14,2.6316
np2_nt2,nt23_np13,2.6316
np2_nt2,nt24_np12,2.6316
np2_nt2,nt25_np10,2.6316
np2_nt2,nt25_np11,2.6316
np2_nt2,nt3_np3,2.6316
np2_nt2,nt4_np4,2.6316
np2_nt2,nt5_np5,2.6316
np2_nt2,nt5_np6,2.6316
np2_nt2,nt6_np19,2.6316
np3_nt3,nt10_np7,2.6316
np3_nt3,nt11_np18,2.6316
np3_nt3,nt15_np8,2.6316
np3_nt3,nt16_np17,2.6316
np3_nt3,nt1_np1,2.6316
np3_nt3,nt1_np20,2.6316
np3_nt3,nt20_np9,2.6316
np3_nt3,nt21_np15,2.6316
np3_nt3,nt21_np16,2.6316
np3_nt3,nt22_np14,2.6316
np3_nt3,nt23_np13,2.6316
np3_nt3,nt24_np12,2.6316
np3_nt3,nt25_np10,2.6316
np3_nt3,nt25_np11,2.6316
np3_nt3,nt2_np2,2.6316
np3_nt3,nt4_np4,2.6316
np3_nt3,nt5_np5,2.6316
np3_nt3,nt5_np6,2.6316
np3_nt3,nt6_np19,2.6316
np4_nt4,nt10_np7,2.6316
np4_nt4,nt11_np18,2.6316
np4_nt4,nt15_np8,2.6316
np4_nt4,nt16_np17,2.6316
np4_nt4,nt1_np1,2.6316
np4_nt4,nt1_np20,2.6316
np4_nt4,nt20_np9,2.6316
np4_nt4,nt21_np15,2.6316
np4_nt4,nt21_np16,2.6316
np4_nt4,nt22_np14,2.6316
np4_nt4,nt23_np13,2.6316
np4_nt4,nt24_np12,2.6316
np4_nt4,nt25_np10,2.6316
np4_nt4,nt25_np11,2.6316
np4_nt4,nt2_np2,2.6316
np4_nt4,nt3_np3,2.6316
np4_nt4,nt5_np5,2.6316
np4_nt4,nt5_np6,2.6316
np4_nt4,nt6_np19,2.6316
np5_nt5,nt10_np7,2.6316
np5_nt5,nt11_np18,2.6316
np5_nt5,nt15_np8,2.6316
np5_nt5,nt16_np17,2.6316
np5_nt5,nt1_np1,2.6316
np5_nt5,nt1_np20,2.6316
np5_nt5,nt20_np9,2.6316
np5_nt5,nt21_np15,2.6316
np5_nt5,nt21_np16,2.6316
np5_nt5,nt22_np14,2.6316
np5_nt5,nt23_np13,2.6316
np5_nt5,nt24_np12,2.6316
np5_nt5,nt25_np10,2.6316
np5_nt5,nt25_np11,2.6316
np5_nt5,nt2_np2,2.6316
np5_nt5,nt3_np3,2.6316
np5_nt5,nt4_np4,2.6316
np5_nt5,nt5_np6,2.6316
np5_nt5,nt6_np19,2.6316
np6_nt5,nt10_np7,2.6316
np6_nt5,nt11_np18,2.6316
np6_nt5,nt15_np8,2.6316
np6_nt5,nt16_np17,2.6316
np6_nt5,nt1_np1,2.6316
np6_nt5,nt1_np20,2.6316
np6_nt5,nt20_np9,2.6316
np6_nt5,nt21_np15,2.6316
np6_nt5,nt21_np16,2.6316
np6_nt5,nt22_np14,2.6316
np6_nt5,nt23_np13,2.6316
np6_nt5,nt24_np12,2.6316
np6_nt5,nt25_np10,2.6316
np6_nt5,nt25_np11,2.6316
np6_nt5,nt2_np2,2.6316
np6_nt5,nt3_np3,2.6316
np6_nt5,nt4_np4,2.6316
np6_nt5,nt5_np5,2.6316
np6_nt5,nt6_np19,2.6316
np7_nt10,nt11_np18,2.6316
np7_nt10,nt15_np8,2.6316
np7_nt10,nt16_np17,2.6316
np7_nt10,nt1_np1,2.6316
np7_nt10,nt1_np20,2.6316
np7_nt10,nt20_np9,2.6316
np7_nt10,nt21_np15,2.6316
np7_nt10,nt21_np16,2.6316
np7_nt10,nt22_np14,2.6316
np7_nt10,nt23_np13,2.6316
np7_nt10,nt24_np12,2.6316
np7_nt10,nt25_np10,2.6316
np7_nt10,nt25_np11,2.6316
np7_nt10,nt2_np2,2.6316
np7_nt10,nt3_np3,2.6316
np7_nt10,nt4_np4,2.6316
np7_nt10,nt5_np5,2.6316
np7_nt10,nt5_np6,2.6316
np7_nt10,nt6_np19,2.6316
np8_nt15,nt10_np7,2.6316
np8_nt15,nt11_np18,2.6316
np8_nt15,nt16_np17,2.6316
np8_nt15,nt1_np1,2.6316
np8_nt15,nt1_np20,2.6316
np8_nt15,nt20_np9,2.6316
np8_nt15,nt21_np15,2.6316
np8_nt15,nt21_np16,2.6316
np8_nt15,nt22_np14,2.6316
np8_nt15,nt23_np13,2.6316
np8_nt15,nt24_np12,2.6316
np8_nt15,nt25_np10,2.6316
np8_nt15,nt25_np11,2.6316
np8_nt15,nt2_np2,2.6316
np8_nt15,nt3_np3,2.6316
np8_nt15,nt4_np4,2.6316
np8_nt15,nt5_np5,2.6316
np8_nt15,nt5_np6,2.6316
np8_nt15,nt6_np19,2.6316
np9_nt20,nt10_np7,2.6316
np9_nt20,nt11_np18,2.6316
np9_nt20,nt15_np8,2.6316
np9_nt20,nt16_np17,2.6316
np9_nt20,nt1_np1,2.6316
np9_nt20,nt1_np20,2.6316
np9_nt20,nt21_np15,2.6316
np9_nt20,nt21_np16,2.6316
np9_nt20,nt22_np14,2.6316
np9_nt20,nt23_np13,2.6316
np9_nt20,nt24_np12,2.6316
np9_nt20,nt25_np10,2.6316
np9_nt20,nt25_np11,2.6316
np9_nt20,nt2_np2,2.6316
np9_nt20,nt3_np3,2.6316
np9_nt20,nt4_np4,2.6316
np9_nt20,nt5_np5,2.6316
np9_nt20,nt5_np6,2.6316
np9_nt20,nt6_np19,2.6316
