origin_edge,dest_edge,veh_per_hour
np3_nt3,nt11_np18,27.7778
np3_nt3,nt16_np17,27.7778
np3_nt3,nt21_np15,27.7778
np3_nt3,nt21_np16,27.7778
np3_nt3,nt22_np14,27.7778
np3_nt3,nt23_np13,27.7778
np4_nt4,nt11_np18,27.7778
np4_nt4,nt16_np17,27.7778
np4_nt4,nt21_np15,27.7778
np4_nt4,nt21_np16,27.7778
np4_nt4,nt22_np14,27.7778
np4_nt4,nt23_np13,27.7778
np5_nt5,nt11_np18,27.7778
np5_nt5,nt16_np17,27.7778
np5_nt5,nt21_np15,27.7778
np5_nt5,nt21_np16,27.7778
np5_nt5,nt22_np14,27.7778
np5_nt5,nt23_np13,27.7778
np6_nt5,nt11_np18,27.7778
np6_nt5,nt16_np17,27.7778
np6_nt5,nt21_np15,27.7778
np6_nt5,nt21_np16,27.7778
np6_nt5,nt22_np14,27.7778
np6_nt5,nt23_np13,27.7778
np7_nt10,nt11_np18,27.7778
np7_nt10,nt16_np17,27.7778
np7_nt10,nt21_np15,27.7778
np7_nt10,nt21_np16,27.7778
np7_nt10,nt22_np14,27.7778
np7_nt10,nt23_np13,27.7778
np8_nt15,nt11_np18,27.7778
np8_nt15,nt16_np17,27.7778
np8_nt15,nt21_np15,27.7778
np8_nt15,nt21_np16,27.7778
np8_nt15,nt22_np14,27.7778
np8_nt15,nt23_np13,27.7778
