origin_edge,dest_edge,veh_per_hour
np10_nt25,nt10_np7,0.0
np10_nt25,nt10_nt9,3.9182904405105843
np10_nt25,nt11_np18,0.0
np10_nt25,nt11_nt12,3.6515018224890166
np10_nt25,nt12_nt13,3.5643577410811997
np10_nt25,nt12_nt17,3.943321187297936
np10_nt25,nt12_nt7,3.6994001651067885
np10_nt25,nt13_nt12,3.4352897339842787
np10_nt25,nt13_nt14,3.9435272016747867
np10_nt25,nt13_nt18,3.153977102394742
np10_nt25,nt13_nt8,3.8345455963208024
np10_nt25,nt14_nt13,3.5552931084997716
np10_nt25,nt14_nt19,3.4182935478941014
np10_nt25,nt14_nt9,3.685597201857796
np10_nt25,nt15_np8,0.0
np10_nt25,nt15_nt14,3.5335585917420302
np10_nt25,nt16_np17,0.0
np10_nt25,nt16_nt17,3.4817459759640963
np10_nt25,nt17_nt12,3.4344656764768766
np10_nt25,nt17_nt18,3.463719717989666
np10_nt25,nt18_nt13,3.450637805059651
np10_nt25,nt18_nt17,3.760483427843001
np10_nt25,nt18_nt19,3.7242248975172894
np10_nt25,nt19_nt14,3.7053745820354567
np10_nt25,nt19_nt18,3.6781806842911737
np10_nt25,nt1_np1,0.0
np10_nt25,nt1_np20,1.0087493962491167
np10_nt25,nt20_np9,0.0
np10_nt25,nt20_nt19,3.750079701812044
np10_nt25,nt21_np15,0.0
np10_nt25,nt21_np16,0.0
np10_nt25,nt22_np14,0.0
np10_nt25,nt22_nt17,3.6332695501377357
np10_nt25,nt23_np13,0.0
np10_nt25,nt23_nt18,3.5055406364903443
np10_nt25,nt24_np12,0.0
np10_nt25,nt24_nt19,3.8012742744594257
np10_nt25,nt25_np11,0.0
np10_nt25,nt2_np2,0.0
np10_nt25,nt2_nt7,3.7257700053436693
np10_nt25,nt3_np3,0.0
np10_nt25,nt3_nt8,3.706713675484986
np10_nt25,nt4_np4,0.0
np10_nt25,nt4_nt9,3.8383568622925393
np10_nt25,nt5_np5,0.0
np10_nt25,nt5_np6,0.0
np10_nt25,nt6_np19,0.0
np10_nt25,nt6_nt7,3.4222078210542635
np10_nt25,nt7_nt12,3.543653296207711
np10_nt25,nt7_nt8,3.6683950013907687
np10_nt25,nt8_nt13,3.0266602175010515
np10_nt25,nt8_nt7,3.5401510518012502
np10_nt25,nt8_nt9,3.964849689678827
np10_nt25,nt9_nt14,3.4291093026787602
np10_nt25,nt9_nt8,3.387288384178082
np11_nt25,nt10_np7,0.11938533138494091
np11_nt25,nt10_nt9,3.338359969676057
np11_nt25,nt11_np18,0.0
np11_nt25,nt11_nt12,3.9085047576101792
np11_nt25,nt12_nt13,3.5894914950569765
np11_nt25,nt12_nt17,3.3999582683543954
np11_nt25,nt12_nt7,3.66087547663572
np11_nt25,nt13_nt12,3.2641947940098293
np11_nt25,nt13_nt14,3.8759544860677795
np11_nt25,nt13_nt18,3.650574757793189
np11_nt25,nt13_nt8,3.6361537514136444
np11_nt25,nt14_nt13,3.5457134399762174
np11_nt25,nt14_nt19,3.920453591467516
np11_nt25,nt14_nt9,3.3930567867298995
np11_nt25,nt15_np8,0.0
np11_nt25,nt15_nt14,3.4772136596733825
np11_nt25,nt16_np17,0.0
np11_nt25,nt16_nt17,3.9383768422535206
np11_nt25,nt17_nt12,3.4585693585684005
np11_nt25,nt17_nt18,3.2674910240394395
np11_nt25,nt18_nt13,3.4112890590811804
np11_nt25,nt18_nt17,3.380592916930436
np11_nt25,nt18_nt19,4.193216626417752
np11_nt25,nt19_nt14,3.8279531362615824
np11_nt25,nt19_nt18,3.5704351651982935
np11_nt25,nt1_np1,0.0
np11_nt25,nt1_np20,0.0
np11_nt25,nt20_np9,0.0
np11_nt25,nt20_nt19,3.6153462993517307
np11_nt25,nt21_np15,0.0
np11_nt25,nt21_np16,0.0
np11_nt25,nt22_np14,0.9800103906784536
np11_nt25,nt22_nt17,3.4609385239021826
np11_nt25,nt23_np13,0.0
np11_nt25,nt23_nt18,3.448371646914294
np11_nt25,nt24_np12,1.2190900750136113
np11_nt25,nt24_nt19,3.6379048736168746
np11_nt25,nt25_np10,0.0
np11_nt25,nt2_np2,0.0
np11_nt25,nt2_nt7,3.382138024756816
np11_nt25,nt3_np3,0.0
np11_nt25,nt3_nt8,3.515944362521301
np11_nt25,nt4_np4,0.0
np11_nt25,nt4_nt9,3.8768815507636076
np11_nt25,nt5_np5,0.0
np11_nt25,nt5_np6,0.0
np11_nt25,nt6_np19,2.406762957557502
np11_nt25,nt6_nt7,3.640583060515933
np11_nt25,nt7_nt12,3.548906662817402
np11_nt25,nt7_nt8,3.545919454353068
np11_nt25,nt8_nt13,3.456303200423043
np11_nt25,nt8_nt7,3.5976290629425765
np11_nt25,nt8_nt9,3.720001602791852
np11_nt25,nt9_nt14,3.6493386715320852
np11_nt25,nt9_nt8,3.6534589590690976
np12_nt24,nt10_np7,0.0
np12_nt24,nt10_nt9,3.8975859956370957
np12_nt24,nt11_np18,0.0
np12_nt24,nt11_nt12,3.5050256005482177
np12_nt24,nt12_nt13,3.370189190899479
np12_nt24,nt12_nt17,3.3350637396464466
np12_nt24,nt12_nt7,3.370086183711054
np12_nt24,nt13_nt12,3.3822410319452416
np12_nt24,nt13_nt14,3.5999982282763585
np12_nt24,nt13_nt18,3.604324530190222
np12_nt24,nt13_nt8,3.9114919660745135
np12_nt24,nt14_nt13,3.309002920974842
np12_nt24,nt14_nt19,3.4113920662696056
np12_nt24,nt14_nt9,3.894701794361187
np12_nt24,nt15_np8,0.0
np12_nt24,nt15_nt14,3.4713422499331394
np12_nt24,nt16_np17,0.0
np12_nt24,nt16_nt17,3.9877172855092473
np12_nt24,nt17_nt12,3.5660058560960044
np12_nt24,nt17_nt18,3.5433442746424353
np12_nt24,nt18_nt13,3.630282341673402
np12_nt24,nt18_nt17,3.6316214351229306
np12_nt24,nt18_nt19,3.6165823856128347
np12_nt24,nt19_nt14,3.4911196301108003
np12_nt24,nt19_nt18,3.4260190870260008
np12_nt24,nt1_np1,0.0
np12_nt24,nt1_np20,0.0
np12_nt24,nt20_np9,0.0
np12_nt24,nt20_nt19,3.744517313637077
np12_nt24,nt21_np15,0.0
np12_nt24,nt21_np16,0.0
np12_nt24,nt22_np14,0.12875898553164464
np12_nt24,nt22_nt17,3.635638715471518
np12_nt24,nt23_np13,0.0
np12_nt24,nt23_nt18,3.789428447790514
np12_nt24,nt24_nt19,3.4951369104593875
np12_nt24,nt25_np10,0.0
np12_nt24,nt25_np11,0.0
np12_nt24,nt2_np2,0.0
np12_nt24,nt2_nt7,3.5168714272171293
np12_nt24,nt3_np3,0.0
np12_nt24,nt3_nt8,3.3625666589560064
np12_nt24,nt4_np4,0.0
np12_nt24,nt4_nt9,3.4136582244149625
np12_nt24,nt5_np5,0.0
np12_nt24,nt5_np6,0.0
np12_nt24,nt6_np19,0.0
np12_nt24,nt6_nt7,3.4875143785159137
np12_nt24,nt7_nt12,3.6423341827191633
np12_nt24,nt7_nt8,3.7405000332884892
np12_nt24,nt8_nt13,3.4478566109721673
np12_nt24,nt8_nt7,3.3125051653813027
np12_nt24,nt8_nt9,3.4174694903866993
np12_nt24,nt9_nt14,3.4749475015280256
np12_nt24,nt9_nt8,3.464234753931793
np13_nt23,nt10_np7,0.9527134857457451
np13_nt23,nt10_nt9,3.6201876372077204
np13_nt23,nt11_np18,0.8887460217336239
np13_nt23,nt11_nt12,3.7732563192077397
np13_nt23,nt12_nt13,3.6099899255536143
np13_nt23,nt12_nt17,3.77984877926696
np13_nt23,nt12_nt7,3.6378018664284495
np13_nt23,nt13_nt12,3.3591674217379706
np13_nt23,nt13_nt14,3.4054176493409374
np13_nt23,nt13_nt18,3.6811678927555076
np13_nt23,nt13_nt8,3.4070657643557425
np13_nt23,nt14_nt13,3.684979158727244
np13_nt23,nt14_nt19,3.6285312194701715
np13_nt23,nt14_nt9,3.67715061240692
np13_nt23,nt15_np8,0.7882110058305158
np13_nt23,nt15_nt14,3.847730516439243
np13_nt23,nt16_np17,0.0
np13_nt23,nt16_nt17,3.648411606836257
np13_nt23,nt17_nt12,3.888418355867243
np13_nt23,nt17_nt18,3.4816429687756707
np13_nt23,nt18_nt13,3.8191975252454307
np13_nt23,nt18_nt17,3.723503847198312
np13_nt23,nt18_nt19,3.1734454610071263
np13_nt23,nt19_nt14,3.8394899413652177
np13_nt23,nt19_nt18,3.6814769143207835
np13_nt23,nt1_np1,0.0
np13_nt23,nt1_np20,0.0
np13_nt23,nt20_np9,0.0
np13_nt23,nt20_nt19,3.7419421339264436
np13_nt23,nt21_np15,1.3382693920217017
np13_nt23,nt21_np16,0.0
np13_nt23,nt22_np14,0.0
np13_nt23,nt22_nt17,3.249979802007136
np13_nt23,nt23_nt18,3.523463887276349
np13_nt23,nt24_np12,0.0
np13_nt23,nt24_nt19,3.66726192231809
np13_nt23,nt25_np10,0.0
np13_nt23,nt25_np11,0.0
np13_nt23,nt2_np2,0.0
np13_nt23,nt2_nt7,3.441470165289798
np13_nt23,nt3_np3,1.8276565442303767
np13_nt23,nt3_nt8,3.6158613352938573
np13_nt23,nt4_np4,0.0
np13_nt23,nt4_nt9,3.6272951332090675
np13_nt23,nt5_np5,0.0
np13_nt23,nt5_np6,0.557268889380958
np13_nt23,nt6_np19,0.0
np13_nt23,nt6_nt7,3.762543571611507
np13_nt23,nt7_nt12,3.6154493065401563
np13_nt23,nt7_nt8,3.438585964013889
np13_nt23,nt8_nt13,3.6655108001148595
np13_nt23,nt8_nt7,3.4491957044216965
np13_nt23,nt8_nt9,3.7179414590233453
np13_nt23,nt9_nt14,3.6920866547285907
np13_nt23,nt9_nt8,3.6437762833571177
np14_nt22,nt10_np7,0.20498430496637826
np14_nt22,nt10_nt9,3.7911795699937447
np14_nt22,nt11_np18,0.0
np14_nt22,nt11_nt12,3.52696613168281
np14_nt22,nt12_nt13,3.4008853330502236
np14_nt22,nt12_nt17,3.3016894105966443
np14_nt22,nt12_nt7,3.738336882331558
np14_nt22,nt13_nt12,3.902736355058362
np14_nt22,nt13_nt14,3.7036234598322264
np14_nt22,nt13_nt18,3.8538079405563366
np14_nt22,nt13_nt8,3.617715464685513
np14_nt22,nt14_nt13,3.631724442311356
np14_nt22,nt14_nt19,3.7581142625092183
np14_nt22,nt14_nt9,3.484321155674729
np14_nt22,nt15_np8,0.0
np14_nt22,nt15_nt14,3.261722621487622
np14_nt22,nt16_np17,0.0
np14_nt22,nt16_nt17,3.5832080565630324
np14_nt22,nt17_nt12,3.7255639909668186
np14_nt22,nt17_nt18,3.6832280365240138
np14_nt22,nt18_nt13,3.494312852951985
np14_nt22,nt18_nt17,3.5393269942938477
np14_nt22,nt18_nt19,3.154080109583167
np14_nt22,nt19_nt14,3.6403770461390823
np14_nt22,nt19_nt18,3.5053346221134936
np14_nt22,nt1_np1,0.0
np14_nt22,nt1_np20,0.0
np14_nt22,nt20_np9,1.3875068280890026
np14_nt22,nt20_nt19,3.66087547663572
np14_nt22,nt21_np15,0.0
np14_nt22,nt21_np16,0.0
np14_nt22,nt22_nt17,3.4929737595024557
np14_nt22,nt23_np13,0.0
np14_nt22,nt23_nt18,3.8345455963208024
np14_nt22,nt24_np12,0.0
np14_nt22,nt24_nt19,3.712585085225229
np14_nt22,nt25_np10,0.0
np14_nt22,nt25_np11,0.0
np14_nt22,nt2_np2,0.0
np14_nt22,nt2_nt7,3.522433815392096
np14_nt22,nt3_np3,1.7560665482747824
np14_nt22,nt3_nt8,3.643158240226566
np14_nt22,nt4_np4,0.0
np14_nt22,nt4_nt9,3.2064077613032276
np14_nt22,nt5_np5,0.0
np14_nt22,nt5_np6,0.0
np14_nt22,nt6_np19,0.0
np14_nt22,nt6_nt7,3.4176755047635496
np14_nt22,nt7_nt12,3.845567365482311
np14_nt22,nt7_nt8,3.517592477536106
np14_nt22,nt8_nt13,3.3545320982588316
np14_nt22,nt8_nt7,3.6528409159385453
np14_nt22,nt8_nt9,3.6052515948860497
np14_nt22,nt9_nt14,3.3254840711228923
np14_nt22,nt9_nt8,3.2667699737204625
np15_nt21,nt10_np7,0.0
np15_nt21,nt10_nt9,3.6165823856128347
np15_nt21,nt11_np18,0.0
np15_nt21,nt11_nt12,3.5763065749385365
np15_nt21,nt12_nt13,3.808999813591324
np15_nt21,nt12_nt17,3.4520799056976057
np15_nt21,nt12_nt7,3.164277821237273
np15_nt21,nt13_nt12,3.3691591190152264
np15_nt21,nt13_nt14,3.9757684516519105
np15_nt21,nt13_nt18,3.486484306631661
np15_nt21,nt13_nt8,3.746474450217158
np15_nt21,nt14_nt13,3.346497537561657
np15_nt21,nt14_nt19,3.514193240318071
np15_nt21,nt14_nt9,3.516150376898152
np15_nt21,nt15_np8,0.0
np15_nt21,nt15_nt14,3.698885129164662
np15_nt21,nt16_np17,0.0
np15_nt21,nt16_nt17,3.72927224975013
np15_nt21,nt17_nt12,3.5264510957406836
np15_nt21,nt17_nt18,3.5673449495455336
np15_nt21,nt18_nt13,3.49266473793718
np15_nt21,nt18_nt17,3.798390073183517
np15_nt21,nt18_nt19,3.6841551012198415
np15_nt21,nt19_nt14,3.586092257838941
np15_nt21,nt19_nt18,3.798184058806666
np15_nt21,nt1_np1,0.7904771639758728
np15_nt21,nt1_np20,0.0
np15_nt21,nt20_np9,0.0
np15_nt21,nt20_nt19,3.444148352188856
np15_nt21,nt21_np16,0.0
np15_nt21,nt22_np14,0.0
np15_nt21,nt22_nt17,3.4595994304526534
np15_nt21,nt23_np13,0.0
np15_nt21,nt23_nt18,3.5348976851915594
np15_nt21,nt24_np12,0.0
np15_nt21,nt24_nt19,3.42251684261954
np15_nt21,nt25_np10,0.0
np15_nt21,nt25_np11,0.0
np15_nt21,nt2_np2,0.0
np15_nt21,nt2_nt7,3.756466147494413
np15_nt21,nt3_np3,0.0
np15_nt21,nt3_nt8,3.8542199693100376
np15_nt21,nt4_np4,0.0
np15_nt21,nt4_nt9,3.7349376451135226
np15_nt21,nt5_np5,0.0
np15_nt21,nt5_np6,0.0
np15_nt21,nt6_np19,0.0
np15_nt21,nt6_nt7,3.6580942825482365
np15_nt21,nt7_nt12,3.9215866705401945
np15_nt21,nt7_nt8,3.4488866828564206
np15_nt21,nt8_nt13,3.644497333676095
np15_nt21,nt8_nt7,3.324350992050214
np15_nt21,nt8_nt9,3.610504961495741
np15_nt21,nt9_nt14,3.6041185158133713
np15_nt21,nt9_nt8,3.6592273616209154
np16_nt21,nt10_np7,0.0
np16_nt21,nt10_nt9,3.2432843347594904
np16_nt21,nt11_np18,2.6690192592883553
np16_nt21,nt11_nt12,3.591963667579184
np16_nt21,nt12_nt13,3.68837839594528
np16_nt21,nt12_nt17,3.607311738654556
np16_nt21,nt12_nt7,3.7516248096384235
np16_nt21,nt13_nt12,3.592890732275012
np16_nt21,nt13_nt14,3.4090229009358235
np16_nt21,nt13_nt18,3.4729903649479446
np16_nt21,nt13_nt8,3.6393469742548294
np16_nt21,nt14_nt13,3.6618025413315483
np16_nt21,nt14_nt19,3.8788386873436886
np16_nt21,nt14_nt9,3.834030560378676
np16_nt21,nt15_np8,0.0
np16_nt21,nt15_nt14,3.392747765164623
np16_nt21,nt16_np17,0.0
np16_nt21,nt16_nt17,3.5714652370825464
np16_nt21,nt17_nt12,3.57424643117003
np16_nt21,nt17_nt18,3.551790864093311
np16_nt21,nt18_nt13,3.5154293265791745
np16_nt21,nt18_nt17,3.3522659401134742
np16_nt21,nt18_nt19,3.463925732366517
np16_nt21,nt19_nt14,3.513060161245392
np16_nt21,nt19_nt18,3.3367118546612518
np16_nt21,nt1_np1,1.772341684045982
np16_nt21,nt1_np20,0.0
np16_nt21,nt20_np9,0.0
np16_nt21,nt20_nt19,3.5993801851458067
np16_nt21,nt21_np15,0.0
np16_nt21,nt22_np14,0.7983057102961968
np16_nt21,nt22_nt17,3.5695081005024654
np16_nt21,nt23_np13,0.0
np16_nt21,nt23_nt18,3.5571472378914275
np16_nt21,nt24_np12,0.0
np16_nt21,nt24_nt19,3.5294383042050175
np16_nt21,nt25_np10,2.3363060406745855
np16_nt21,nt25_np11,0.0
np16_nt21,nt2_np2,0.0
np16_nt21,nt2_nt7,3.5806328768523996
np16_nt21,nt3_np3,0.0
np16_nt21,nt3_nt8,3.342480257213069
np16_nt21,nt4_np4,0.0
np16_nt21,nt4_nt9,3.4228258641848157
np16_nt21,nt5_np5,0.0
np16_nt21,nt5_np6,0.0
np16_nt21,nt6_np19,1.3602099231562939
np16_nt21,nt6_nt7,3.571671251459397
np16_nt21,nt7_nt12,3.6011313073490374
np16_nt21,nt7_nt8,3.634608643587265
np16_nt21,nt8_nt13,3.7011512873100187
np16_nt21,nt8_nt7,3.5708471939519946
np16_nt21,nt8_nt9,3.4591874016989523
np16_nt21,nt9_nt14,3.521815772261544
np16_nt21,nt9_nt8,3.49441586014041
np17_nt16,nt10_np7,0.0
np17_nt16,nt10_nt9,3.5777486755764905
np17_nt16,nt11_np18,0.0
np17_nt16,nt11_nt12,3.778200664252155
np17_nt16,nt12_nt13,4.013675096992427
np17_nt16,nt12_nt17,3.828571179392134
np17_nt16,nt12_nt7,3.737100796070454
np17_nt16,nt13_nt12,3.50409853585239
np17_nt16,nt13_nt14,3.806630648257542
np17_nt16,nt13_nt18,3.72113468186453
np17_nt16,nt13_nt8,3.454861099785089
np17_nt16,nt14_nt13,3.970309070665369
np17_nt16,nt14_nt19,3.727830149112176
np17_nt16,nt14_nt9,3.2428723060057894
np17_nt16,nt15_np8,0.0
np17_nt16,nt15_nt14,3.834751610697653
np17_nt16,nt16_nt17,3.956815128981652
np17_nt16,nt17_nt12,3.6048395661323487
np17_nt16,nt17_nt18,3.4611445382790333
np17_nt16,nt18_nt13,4.025520923661338
np17_nt16,nt18_nt17,3.5249059879143037
np17_nt16,nt18_nt19,3.7911795699937447
np17_nt16,nt19_nt14,3.544271339338263
np17_nt16,nt19_nt18,3.547052533425746
np17_nt16,nt1_np1,0.0
np17_nt16,nt1_np20,0.0
np17_nt16,nt20_np9,0.0
np17_nt16,nt20_nt19,3.6858032162346466
np17_nt16,nt21_np15,0.0
np17_nt16,nt21_np16,0.0
np17_nt16,nt22_np14,0.0
np17_nt16,nt22_nt17,3.501214334576481
np17_nt16,nt23_np13,0.0
np17_nt16,nt23_nt18,3.642231175530738
np17_nt16,nt24_np12,0.711264636076805
np17_nt16,nt24_nt19,3.8737913351108477
np17_nt16,nt25_np10,0.0
np17_nt16,nt25_np11,0.0
np17_nt16,nt2_np2,0.0
np17_nt16,nt2_nt7,3.4246799935764716
np17_nt16,nt3_np3,0.0
np17_nt16,nt3_nt8,3.6341966148335634
np17_nt16,nt4_np4,0.0
np17_nt16,nt4_nt9,3.676429562087943
np17_nt16,nt5_np5,0.0
np17_nt16,nt5_np6,0.0
np17_nt16,nt6_np19,0.0
np17_nt16,nt6_nt7,3.6938377769318214
np17_nt16,nt7_nt12,3.3621546302023044
np17_nt16,nt7_nt8,3.553335971919691
np17_nt16,nt8_nt13,3.916951347061055
np17_nt16,nt8_nt7,3.388833492004461
np17_nt16,nt8_nt9,3.716911387139092
np17_nt16,nt9_nt14,3.440234079028694
np17_nt16,nt9_nt8,3.4018123977460517
np18_nt11,nt10_np7,0.0
np18_nt11,nt10_nt9,3.8034374254163574
np18_nt11,nt11_nt12,3.755333068421735
np18_nt11,nt12_nt13,3.6941467984970973
np18_nt11,nt12_nt17,3.4931797738793064
np18_nt11,nt12_nt7,3.287886447347652
np18_nt11,nt13_nt12,3.772947297642464
np18_nt11,nt13_nt14,3.5920666747676093
np18_nt11,nt13_nt18,3.839077912611516
np18_nt11,nt13_nt8,3.7412210836074666
np18_nt11,nt14_nt13,3.5729073377205007
np18_nt11,nt14_nt19,3.6338875932682875
np18_nt11,nt14_nt9,3.6187455365697665
np18_nt11,nt15_np8,0.0
np18_nt11,nt15_nt14,3.783557038050271
np18_nt11,nt16_np17,0.0
np18_nt11,nt16_nt17,3.6246169463100095
np18_nt11,nt17_nt12,3.7035204526438013
np18_nt11,nt17_nt18,3.3943958801794287
np18_nt11,nt18_nt13,3.434259662100026
np18_nt11,nt18_nt17,3.6924986834822926
np18_nt11,nt18_nt19,3.3744124856249176
np18_nt11,nt19_nt14,3.6918806403517404
np18_nt11,nt19_nt18,3.546949526237321
np18_nt11,nt1_np1,0.0
np18_nt11,nt1_np20,0.0
np18_nt11,nt20_np9,0.0
np18_nt11,nt20_nt19,3.508321830577828
np18_nt11,nt21_np15,0.0
np18_nt11,nt21_np16,0.29995693269451934
np18_nt11,nt22_np14,0.6499753589637421
np18_nt11,nt22_nt17,3.385743276351702
np18_nt11,nt23_np13,0.0
np18_nt11,nt23_nt18,3.5614735398052906
np18_nt11,nt24_np12,0.0
np18_nt11,nt24_nt19,3.5833110637514576
np18_nt11,nt25_np10,0.0
np18_nt11,nt25_np11,0.0
np18_nt11,nt2_np2,0.0
np18_nt11,nt2_nt7,3.482879055036775
np18_nt11,nt3_np3,0.0
np18_nt11,nt3_nt8,3.6606694622588694
np18_nt11,nt4_np4,0.5946604987793477
np18_nt11,nt4_nt9,3.5708471939519946
np18_nt11,nt5_np5,0.0
np18_nt11,nt5_np6,0.0
np18_nt11,nt6_np19,0.23495939679814512
np18_nt11,nt6_nt7,3.5229488513342226
np18_nt11,nt7_nt12,3.626162054136389
np18_nt11,nt7_nt8,3.4574362794957216
np18_nt11,nt8_nt13,3.564872777023326
np18_nt11,nt8_nt7,3.503892521475539
np18_nt11,nt8_nt9,3.5413871380623543
np18_nt11,nt9_nt14,3.82053661869496
np18_nt11,nt9_nt8,3.812502057997785
np19_nt6,nt10_np7,0.0
np19_nt6,nt10_nt9,3.3652448458550643
np19_nt6,nt11_np18,0.0
np19_nt6,nt11_nt12,3.6774596339721963
np19_nt6,nt12_nt13,3.8345455963208024
np19_nt6,nt12_nt17,3.7517278168268486
np19_nt6,nt12_nt7,3.556014158818749
np19_nt6,nt13_nt12,3.4778317028039343
np19_nt6,nt13_nt14,3.7791277289479828
np19_nt6,nt13_nt18,3.302822489669323
np19_nt6,nt13_nt8,3.536339785829514
np19_nt6,nt14_nt13,3.5154293265791745
np19_nt6,nt14_nt19,3.3434073219088973
np19_nt6,nt14_nt9,3.606693695524004
np19_nt6,nt15_np8,0.0
np19_nt6,nt15_nt14,3.8656537672252482
np19_nt6,nt16_np17,0.0
np19_nt6,nt16_nt17,3.6703521379708497
np19_nt6,nt17_nt12,3.6979580644688337
np19_nt6,nt17_nt18,3.4579513154378487
np19_nt6,nt18_nt13,3.582177984678779
np19_nt6,nt18_nt17,3.7490496299277907
np19_nt6,nt18_nt19,3.6104019543073154
np19_nt6,nt19_nt14,3.6987821219762367
np19_nt6,nt19_nt18,3.6200846300192957
np19_nt6,nt1_np1,1.8504211328723714
np19_nt6,nt1_np20,0.0
np19_nt6,nt20_np9,0.0
np19_nt6,nt20_nt19,3.6485146140246822
np19_nt6,nt21_np15,0.0
np19_nt6,nt21_np16,0.0
np19_nt6,nt22_np14,0.0
np19_nt6,nt22_nt17,3.5197556284930376
np19_nt6,nt23_np13,0.2255857426514414
np19_nt6,nt23_nt18,3.4635137036128154
np19_nt6,nt24_np12,0.0
np19_nt6,nt24_nt19,3.784999138688226
np19_nt6,nt25_np10,0.0
np19_nt6,nt25_np11,0.0
np19_nt6,nt2_np2,1.662020985242469
np19_nt6,nt2_nt7,3.5830020421861817
np19_nt6,nt3_np3,0.7519524755048047
np19_nt6,nt3_nt8,3.7880893543409853
np19_nt6,nt4_np4,0.0
np19_nt6,nt4_nt9,3.4410581365360966
np19_nt6,nt5_np5,0.0
np19_nt6,nt5_np6,0.0
np19_nt6,nt6_nt7,3.504510564606091
np19_nt6,nt7_nt12,3.3787387875387807
np19_nt6,nt7_nt8,3.280469929781029
np19_nt6,nt8_nt13,3.831455380668043
np19_nt6,nt8_nt7,3.475153515904876
np19_nt6,nt8_nt9,3.289843583927733
np19_nt6,nt9_nt14,3.360300500810649
np19_nt6,nt9_nt8,3.727418120358474
np1_nt1,nt10_np7,0.0
np1_nt1,nt10_nt9,3.316007409787763
np1_nt1,nt11_np18,0.0
np1_nt1,nt11_nt12,3.3572102851578896
np1_nt1,nt12_nt13,3.644497333676095
np1_nt1,nt12_nt17,3.273877469721809
np1_nt1,nt12_nt7,3.6338875932682875
np1_nt1,nt13_nt12,3.808587784837623
np1_nt1,nt13_nt14,3.4992571979964
np1_nt1,nt13_nt18,3.6041185158133713
np1_nt1,nt13_nt8,3.7754194701646715
np1_nt1,nt14_nt13,3.4365258202453823
np1_nt1,nt14_nt19,3.457848308249423
np1_nt1,nt14_nt9,3.5751734958658576
np1_nt1,nt15_np8,0.0
np1_nt1,nt15_nt14,3.7474015149129856
np1_nt1,nt16_np17,0.0
np1_nt1,nt16_nt17,3.584444142824136
np1_nt1,nt17_nt12,3.1790078491820934
np1_nt1,nt17_nt18,3.4872053569506383
np1_nt1,nt18_nt13,3.431272453635692
np1_nt1,nt18_nt17,3.617715464685513
np1_nt1,nt18_nt19,3.5374728649021923
np1_nt1,nt19_nt14,3.5282022179439134
np1_nt1,nt19_nt18,3.550142749078506
np1_nt1,nt1_np20,0.0
np1_nt1,nt20_np9,0.0
np1_nt1,nt20_nt19,3.591242617260207
np1_nt1,nt21_np15,0.0
np1_nt1,nt21_np16,0.0
np1_nt1,nt22_np14,0.0
np1_nt1,nt22_nt17,3.1399681247688984
np1_nt1,nt23_np13,0.0
np1_nt1,nt23_nt18,3.6057666308281764
np1_nt1,nt24_np12,0.0
np1_nt1,nt24_nt19,3.3832711038294945
np1_nt1,nt25_np10,1.834867047420149
np1_nt1,nt25_np11,0.0
np1_nt1,nt2_np2,0.0
np1_nt1,nt2_nt7,3.8019953247784026
np1_nt1,nt3_np3,0.46353234791392073
np1_nt1,nt3_nt8,3.5240819304069007
np1_nt1,nt4_np4,0.7256856424563491
np1_nt1,nt4_nt9,3.5908305885065057
np1_nt1,nt5_np5,0.0
np1_nt1,nt5_np6,0.0
np1_nt1,nt6_np19,0.0
np1_nt1,nt6_nt7,3.8435072217138053
np1_nt1,nt7_nt12,3.5558081444418983
np1_nt1,nt7_nt8,3.4073747859210184
np1_nt1,nt8_nt13,3.499875241126952
np1_nt1,nt8_nt7,3.5053346221134936
np1_nt1,nt8_nt9,3.3519569185481988
np1_nt1,nt9_nt14,3.8175494102306256
np1_nt1,nt9_nt8,3.564254733892774
np20_nt1,nt10_np7,0.0
np20_nt1,nt10_nt9,3.5921696819560345
np20_nt1,nt11_np18,0.0
np20_nt1,nt11_nt12,3.5689930645603387
np20_nt1,nt12_nt13,3.505746650867195
np20_nt1,nt12_nt17,3.5881524016074473
np20_nt1,nt12_nt7,3.377605708466102
np20_nt1,nt13_nt12,3.809205827968175
np20_nt1,nt13_nt14,3.2681090671699913
np20_nt1,nt13_nt18,3.623895895991032
np20_nt1,nt13_nt8,3.514502261883347
np20_nt1,nt14_nt13,3.462174610163286
np20_nt1,nt14_nt19,3.8397989629304936
np20_nt1,nt14_nt9,3.524390951972177
np20_nt1,nt15_np8,0.32436963635131916
np20_nt1,nt15_nt14,3.3375359121686543
np20_nt1,nt16_np17,0.0
np20_nt1,nt16_nt17,3.3371238834149533
np20_nt1,nt17_nt12,3.5526149216007137
np20_nt1,nt17_nt18,3.4953429248362378
np20_nt1,nt18_nt13,3.3451584441121276
np20_nt1,nt18_nt17,3.429727345809312
np20_nt1,nt18_nt19,3.7931367065738257
np20_nt1,nt19_nt14,3.446105488768937
np20_nt1,nt19_nt18,3.5877403728537463
np20_nt1,nt1_np1,0.0
np20_nt1,nt20_np9,0.0
np20_nt1,nt20_nt19,3.9680429125200116
np20_nt1,nt21_np15,0.0
np20_nt1,nt21_np16,0.0
np20_nt1,nt22_np14,0.5013359860660116
np20_nt1,nt22_nt17,3.4496077331753976
np20_nt1,nt23_np13,0.5484102711763809
np20_nt1,nt23_nt18,3.565799841719154
np20_nt1,nt24_np12,0.0
np20_nt1,nt24_nt19,3.2572933123853334
np20_nt1,nt25_np10,0.0
np20_nt1,nt25_np11,0.0
np20_nt1,nt2_np2,0.0
np20_nt1,nt2_nt7,3.498536147677423
np20_nt1,nt3_np3,0.0
np20_nt1,nt3_nt8,3.435186726795854
np20_nt1,nt4_np4,0.0
np20_nt1,nt4_nt9,3.536236778641088
np20_nt1,nt5_np5,0.0
np20_nt1,nt5_np6,0.6712978469677824
np20_nt1,nt6_np19,0.0
np20_nt1,nt6_nt7,4.031804362155282
np20_nt1,nt7_nt12,3.3635967308402592
np20_nt1,nt7_nt8,3.6074147458429815
np20_nt1,nt8_nt13,3.7760375132952233
np20_nt1,nt8_nt7,3.3510298538523706
np20_nt1,nt8_nt9,3.707640740180814
np20_nt1,nt9_nt14,3.7010482801215936
np20_nt1,nt9_nt8,3.7826299733544437
np2_nt2,nt10_np7,0.0
np2_nt2,nt10_nt9,3.5073947658819997
np2_nt2,nt11_np18,0.0
np2_nt2,nt11_nt12,3.5205796860004406
np2_nt2,nt12_nt13,3.7482255724203877
np2_nt2,nt12_nt17,3.888212341490392
np2_nt2,nt12_nt7,3.2315415152790044
np2_nt2,nt13_nt12,3.4577453010609975
np2_nt2,nt13_nt14,3.715263272124287
np2_nt2,nt13_nt18,3.2404001334835817
np2_nt2,nt13_nt8,3.4748444943396004
np2_nt2,nt14_nt13,3.534279642061007
np2_nt2,nt14_nt19,3.630385348861827
np2_nt2,nt14_nt9,3.5193435997393365
np2_nt2,nt15_np8,0.0
np2_nt2,nt15_nt14,3.5993801851458067
np2_nt2,nt16_np17,0.0
np2_nt2,nt16_nt17,3.6096809039883384
np2_nt2,nt17_nt12,3.6650987713611585
np2_nt2,nt17_nt18,3.827747121884732
np2_nt2,nt18_nt13,3.5592073816599337
np2_nt2,nt18_nt17,3.468664063034081
np2_nt2,nt18_nt19,3.69342574817812
np2_nt2,nt19_nt14,3.4599084520179297
np2_nt2,nt19_nt18,3.434053647723175
np2_nt2,nt1_np1,0.0
np2_nt2,nt1_np20,0.36237928888026066
np2_nt2,nt20_np9,0.0
np2_nt2,nt20_nt19,3.6247199534984342
np2_nt2,nt21_np15,0.0
np2_nt2,nt21_np16,0.0
np2_nt2,nt22_np14,2.581154127561561
np2_nt2,nt22_nt17,3.7136151571094818
np2_nt2,nt23_np13,0.0
np2_nt2,nt23_nt18,3.5274811676249365
np2_nt2,nt24_np12,0.0
np2_nt2,nt24_nt19,3.435804769926406
np2_nt2,nt25_np10,0.0
np2_nt2,nt25_np11,0.0
np2_nt2,nt2_nt7,3.6894084678295327
np2_nt2,nt3_np3,0.0
np2_nt2,nt3_nt8,3.307045784394761
np2_nt2,nt4_np4,0.0
np2_nt2,nt4_nt9,3.613801191525351
np2_nt2,nt5_np5,0.0
np2_nt2,nt5_np6,0.0
np2_nt2,nt6_np19,0.0
np2_nt2,nt6_nt7,3.6668498935643887
np2_nt2,nt7_nt12,3.716602365573816
np2_nt2,nt7_nt8,3.740294018911639
np2_nt2,nt8_nt13,3.4443543665657064
np2_nt2,nt8_nt7,3.811162964548256
np2_nt2,nt8_nt9,3.3545320982588316
np2_nt2,nt9_nt14,3.9602143661996876
np2_nt2,nt9_nt8,3.506158679620896
np3_nt3,nt10_np7,0.0
np3_nt3,nt10_nt9,3.618024486250789
np3_nt3,nt11_np18,0.0
np3_nt3,nt11_nt12,3.838253855104114
np3_nt3,nt12_nt13,3.4034605127608564
np3_nt3,nt12_nt17,3.5818689631135032
np3_nt3,nt12_nt7,3.5003902770690787
np3_nt3,nt13_nt12,3.7418391267380184
np3_nt3,nt13_nt14,3.3522659401134742
np3_nt3,nt13_nt18,3.661287505389421
np3_nt3,nt13_nt8,3.797256994110838
np3_nt3,nt14_nt13,3.6260590469479634
np3_nt3,nt14_nt19,3.438173935260188
np3_nt3,nt14_nt9,3.500905313011205
np3_nt3,nt15_np8,0.0
np3_nt3,nt15_nt14,3.444560380942557
np3_nt3,nt16_np17,0.0
np3_nt3,nt16_nt17,3.3000412955818392
np3_nt3,nt17_nt12,3.3412441709519656
np3_nt3,nt17_nt18,3.6234838672373306
np3_nt3,nt18_nt13,3.7662518303948183
np3_nt3,nt18_nt17,3.7712991826276587
np3_nt3,nt18_nt19,3.504407557417666
np3_nt3,nt19_nt14,3.3053976693799556
np3_nt3,nt19_nt18,3.899234110651901
np3_nt3,nt1_np1,1.1211302388211362
np3_nt3,nt1_np20,0.0
np3_nt3,nt20_np9,0.05459380986541733
np3_nt3,nt20_nt19,3.249361758876584
np3_nt3,nt21_np15,0.0
np3_nt3,nt21_np16,1.180462379354118
np3_nt3,nt22_np14,0.2916133504320688
np3_nt3,nt22_nt17,3.4153063394297676
np3_nt3,nt23_np13,0.0
np3_nt3,nt23_nt18,3.6329605285724598
np3_nt3,nt24_np12,0.0
np3_nt3,nt24_nt19,3.5493186915711035
np3_nt3,nt25_np10,0.0
np3_nt3,nt25_np11,0.0
np3_nt3,nt2_np2,0.0
np3_nt3,nt2_nt7,3.5431382602655845
np3_nt3,nt3_nt8,3.5317044623503744
np3_nt3,nt4_np4,0.0
np3_nt3,nt4_nt9,3.6331665429493105
np3_nt3,nt5_np5,0.0
np3_nt3,nt5_np6,0.0
np3_nt3,nt6_np19,0.0
np3_nt3,nt6_nt7,4.020679585805349
np3_nt3,nt7_nt12,3.5232578728994985
np3_nt3,nt7_nt8,3.3956319664405323
np3_nt3,nt8_nt13,3.377708715654528
np3_nt3,nt8_nt7,3.6870393024957506
np3_nt3,nt8_nt9,3.4996692267501013
np3_nt3,nt9_nt14,3.4132461956612614
np3_nt3,nt9_nt8,3.438688971202314
np4_nt4,nt10_np7,0.0
np4_nt4,nt10_nt9,3.696412956642454
np4_nt4,nt11_np18,0.0
np4_nt4,nt11_nt12,3.584032114070435
np4_nt4,nt12_nt13,3.9203505842790904
np4_nt4,nt12_nt17,3.8173433958537752
np4_nt4,nt12_nt7,3.7527578887111024
np4_nt4,nt13_nt12,3.550554777832207
np4_nt4,nt13_nt14,3.5838260996935842
np4_nt4,nt13_nt18,3.377708715654528
np4_nt4,nt13_nt8,3.672824310493057
np4_nt4,nt14_nt13,3.3969710598900615
np4_nt4,nt14_nt19,3.7001212154257654
np4_nt4,nt14_nt9,3.6259560397595383
np4_nt4,nt15_np8,0.0
np4_nt4,nt15_nt14,3.6173034359318117
np4_nt4,nt16_np17,0.0
np4_nt4,nt16_nt17,3.3823440391336663
np4_nt4,nt17_nt12,3.775316462976246
np4_nt4,nt17_nt18,3.536545800206364
np4_nt4,nt18_nt13,3.5910366028833565
np4_nt4,nt18_nt17,3.643467261791842
np4_nt4,nt18_nt19,3.5374728649021923
np4_nt4,nt19_nt14,3.7486376011740896
np4_nt4,nt19_nt18,3.512648132491691
np4_nt4,nt1_np1,0.0
np4_nt4,nt1_np20,0.0
np4_nt4,nt20_np9,0.0
np4_nt4,nt20_nt19,3.464749789873919
np4_nt4,nt21_np15,0.0
np4_nt4,nt21_np16,0.0
np4_nt4,nt22_np14,0.0
np4_nt4,nt22_nt17,3.4168514472561475
np4_nt4,nt23_np13,0.0
np4_nt4,nt23_nt18,3.880383795170068
np4_nt4,nt24_np12,0.0845689016971842
np4_nt4,nt24_nt19,3.3203337117016263
np4_nt4,nt25_np10,1.4856726786583283
np4_nt4,nt25_np11,0.0
np4_nt4,nt2_np2,0.0
np4_nt4,nt2_nt7,3.5207857003772913
np4_nt4,nt3_np3,0.0
np4_nt4,nt3_nt8,3.8513357680341294
np4_nt4,nt4_nt9,3.674575432696287
np4_nt4,nt5_np5,1.1455429424779362
np4_nt4,nt5_np6,0.0
np4_nt4,nt6_np19,0.0
np4_nt4,nt6_nt7,3.2857232963907204
np4_nt4,nt7_nt12,4.046740404476953
np4_nt4,nt7_nt8,3.5615765469937157
np4_nt4,nt8_nt13,3.3724553490448366
np4_nt4,nt8_nt7,3.525936059798557
np4_nt4,nt8_nt9,3.844125264844357
np4_nt4,nt9_nt14,3.5673449495455336
np4_nt4,nt9_nt8,3.2235069545818296
np5_nt5,nt10_np7,0.0
np5_nt5,nt10_nt9,3.894804801549612
np5_nt5,nt11_np18,0.0
np5_nt5,nt11_nt12,3.643158240226566
np5_nt5,nt12_nt13,3.342480257213069
np5_nt5,nt12_nt17,3.5151203050138986
np5_nt5,nt12_nt7,3.845052329540185
np5_nt5,nt13_nt12,3.4463115031457874
np5_nt5,nt13_nt14,3.7817029086586156
np5_nt5,nt13_nt18,3.5895945022454017
np5_nt5,nt13_nt8,3.3689531046383756
np5_nt5,nt14_nt13,3.6965159638308798
np5_nt5,nt14_nt19,3.4879264072696152
np5_nt5,nt14_nt9,3.380180888176735
np5_nt5,nt15_np8,0.0
np5_nt5,nt15_nt14,3.5532329647312655
np5_nt5,nt16_np17,0.0
np5_nt5,nt16_nt17,3.495239917647813
np5_nt5,nt17_nt12,3.614110213090627
np5_nt5,nt17_nt18,3.739778982969512
np5_nt5,nt18_nt13,3.446105488768937
np5_nt5,nt18_nt17,3.752448867145826
np5_nt5,nt18_nt19,3.7114520061525504
np5_nt5,nt19_nt14,3.6758115189573908
np5_nt5,nt19_nt18,3.811471986113532
np5_nt5,nt1_np1,0.0
np5_nt5,nt1_np20,0.0
np5_nt5,nt20_np9,0.0
np5_nt5,nt20_nt19,3.4454874456383853
np5_nt5,nt21_np15,0.18015957255587717
np5_nt5,nt21_np16,0.0
np5_nt5,nt22_np14,0.0
np5_nt5,nt22_nt17,3.4615565670327344
np5_nt5,nt23_np13,0.0
np5_nt5,nt23_nt18,3.4413671581013725
np5_nt5,nt24_np12,1.9305607254672672
np5_nt5,nt24_nt19,3.274392505663936
np5_nt5,nt25_np10,2.719904810370461
np5_nt5,nt25_np11,0.0
np5_nt5,nt2_np2,0.0
np5_nt5,nt2_nt7,3.6957949135119024
np5_nt5,nt3_np3,0.0
np5_nt5,nt3_nt8,3.8985130603329234
np5_nt5,nt4_np4,0.0
np5_nt5,nt4_nt9,3.6705581523477
np5_nt5,nt5_np6,1.195398421675789
np5_nt5,nt6_np19,0.0
np5_nt5,nt6_nt7,3.343613336285748
np5_nt5,nt7_nt12,3.5975260557541513
np5_nt5,nt7_nt8,3.4794798178187394
np5_nt5,nt8_nt13,3.714130193051609
np5_nt5,nt8_nt7,3.9081957360449033
np5_nt5,nt8_nt9,3.5982471060731283
np5_nt5,nt9_nt14,3.7881923615294104
np5_nt5,nt9_nt8,3.7578052409439424
np6_nt5,nt10_np7,0.0
np6_nt5,nt10_nt9,3.848554573946646
np6_nt5,nt11_np18,0.0
np6_nt5,nt11_nt12,3.8446403007864838
np6_nt5,nt12_nt13,3.695382884758201
np6_nt5,nt12_nt17,3.4638227251780913
np6_nt5,nt12_nt7,3.706713675484986
np6_nt5,nt13_nt12,3.893259693723232
np6_nt5,nt13_nt14,3.7501827090004687
np6_nt5,nt13_nt18,3.747504522101411
np6_nt5,nt13_nt8,3.3843011757137473
np6_nt5,nt14_nt13,3.7073317186155377
np6_nt5,nt14_nt19,3.3912026573382437
np6_nt5,nt14_nt9,3.894289765607486
np6_nt5,nt15_np8,0.0
np6_nt5,nt15_nt14,3.715263272124287
np6_nt5,nt16_np17,0.0
np6_nt5,nt16_nt17,3.4473415750300407
np6_nt5,nt17_nt12,3.4911196301108003
np6_nt5,nt17_nt18,3.596908012623599
np6_nt5,nt18_nt13,3.5536449934849665
np6_nt5,nt18_nt17,3.8437132360906556
np6_nt5,nt18_nt19,3.382447046322092
np6_nt5,nt19_nt14,3.5238759160300503
np6_nt5,nt19_nt18,3.468664063034081
np6_nt5,nt1_np1,0.0
np6_nt5,nt1_np20,0.2725570205733854
np6_nt5,nt20_np9,0.0
np6_nt5,nt20_nt19,3.296333036798528
np6_nt5,nt21_np15,0.0
np6_nt5,nt21_np16,0.6993158022194683
np6_nt5,nt22_np14,0.0
np6_nt5,nt22_nt17,3.7255639909668186
np6_nt5,nt23_np13,0.0
np6_nt5,nt23_nt18,3.4228258641848157
np6_nt5,nt24_np12,0.0
np6_nt5,nt24_nt19,3.4606295023369067
np6_nt5,nt25_np10,0.0
np6_nt5,nt25_np11,0.0
np6_nt5,nt2_np2,0.0
np6_nt5,nt2_nt7,3.3516478969829224
np6_nt5,nt3_np3,0.0
np6_nt5,nt3_nt8,3.7492556443046414
np6_nt5,nt4_np4,0.0
np6_nt5,nt4_nt9,3.481951990340947
np6_nt5,nt5_np5,0.0
np6_nt5,nt6_np19,0.0
np6_nt5,nt6_nt7,3.7708871538739577
np6_nt5,nt7_nt12,3.6013373217258877
np6_nt5,nt7_nt8,3.492458723560329
np6_nt5,nt8_nt13,3.3149773379035103
np6_nt5,nt8_nt7,3.624513939121584
np6_nt5,nt8_nt9,3.490810608545524
np6_nt5,nt9_nt14,3.7320534438376134
np6_nt5,nt9_nt8,3.734628623548246
np7_nt10,nt10_nt9,3.756363140305988
np7_nt10,nt11_np18,0.0
np7_nt10,nt11_nt12,3.7577022337555173
np7_nt10,nt12_nt13,3.308487885032715
np7_nt10,nt12_nt17,3.959390308692285
np7_nt10,nt12_nt7,3.8785296657784123
np7_nt10,nt13_nt12,3.640583060515933
np7_nt10,nt13_nt14,3.503171471156562
np7_nt10,nt13_nt18,3.6734423536236087
np7_nt10,nt13_nt8,3.378635780350355
np7_nt10,nt14_nt13,3.509660924027357
np7_nt10,nt14_nt19,3.591860660390759
np7_nt10,nt14_nt9,3.5954659119856447
np7_nt10,nt15_np8,0.0
np7_nt10,nt15_nt14,3.454552078219813
np7_nt10,nt16_np17,1.5936242121280593
np7_nt10,nt16_nt17,3.4129371740959855
np7_nt10,nt17_nt12,3.513884218752795
np7_nt10,nt17_nt18,3.752551874334251
np7_nt10,nt18_nt13,3.820948647448661
np7_nt10,nt18_nt17,3.5815599415482273
np7_nt10,nt18_nt19,3.390584614207692
np7_nt10,nt19_nt14,3.3699831765226285
np7_nt10,nt19_nt18,3.3950139233099805
np7_nt10,nt1_np1,0.0
np7_nt10,nt1_np20,0.0
np7_nt10,nt20_np9,0.0
np7_nt10,nt20_nt19,3.4376588993180612
np7_nt10,nt21_np15,0.0
np7_nt10,nt21_np16,0.0
np7_nt10,nt22_np14,0.0
np7_nt10,nt22_nt17,3.6831250293355886
np7_nt10,nt23_np13,0.0
np7_nt10,nt23_nt18,3.6892024534526824
np7_nt10,nt24_np12,1.0896100391629897
np7_nt10,nt24_nt19,3.6039125014365205
np7_nt10,nt25_np10,0.0
np7_nt10,nt25_np11,0.0
np7_nt10,nt2_np2,0.0
np7_nt10,nt2_nt7,3.6093718824230625
np7_nt10,nt3_np3,0.0
np7_nt10,nt3_nt8,3.6279131763396193
np7_nt10,nt4_np4,0.0
np7_nt10,nt4_nt9,3.3708072340300315
np7_nt10,nt5_np5,0.5655094644549833
np7_nt10,nt5_np6,0.7677125753338779
np7_nt10,nt6_np19,0.34486806684795696
np7_nt10,nt6_nt7,3.5790877690260197
np7_nt10,nt7_nt12,3.4871023497622127
np7_nt10,nt7_nt8,3.7073317186155377
np7_nt10,nt8_nt13,3.633372557326161
np7_nt10,nt8_nt7,3.4364228130569576
np7_nt10,nt8_nt9,3.686936295307325
np7_nt10,nt9_nt14,3.7490496299277907
np7_nt10,nt9_nt8,3.5226398297689467
np8_nt15,nt10_np7,0.0
np8_nt15,nt10_nt9,3.2631647221255764
np8_nt15,nt11_np18,0.0
np8_nt15,nt11_nt12,3.7052715748470315
np8_nt15,nt12_nt13,3.2927277852036423
np8_nt15,nt12_nt17,3.7607924494082763
np8_nt15,nt12_nt7,3.4832910837904763
np8_nt15,nt13_nt12,3.660154426316743
np8_nt15,nt13_nt14,3.5843411356357104
np8_nt15,nt13_nt18,3.700636251367892
np8_nt15,nt13_nt8,3.8393869341767926
np8_nt15,nt14_nt13,3.557868288210405
np8_nt15,nt14_nt19,3.3183765751215453
np8_nt15,nt14_nt9,3.620599665961422
np8_nt15,nt15_nt14,3.6504717506047633
np8_nt15,nt16_np17,2.38677956300299
np8_nt15,nt16_nt17,3.4107740231390538
np8_nt15,nt17_nt12,3.249567773253435
np8_nt15,nt17_nt18,3.990498479596731
np8_nt15,nt18_nt13,3.537678879279043
np8_nt15,nt18_nt17,3.497918104546871
np8_nt15,nt18_nt19,3.525730045421706
np8_nt15,nt19_nt14,3.778921714571132
np8_nt15,nt19_nt18,3.55312995754284
np8_nt15,nt1_np1,0.0
np8_nt15,nt1_np20,0.0
np8_nt15,nt20_np9,0.0
np8_nt15,nt20_nt19,3.550245756266931
np8_nt15,nt21_np15,0.0
np8_nt15,nt21_np16,0.0
np8_nt15,nt22_np14,0.0
np8_nt15,nt22_nt17,3.460835516713757
np8_nt15,nt23_np13,0.0
np8_nt15,nt23_nt18,3.572289294589949
np8_nt15,nt24_np12,0.0
np8_nt15,nt24_nt19,3.639243967066404
np8_nt15,nt25_np10,0.0
np8_nt15,nt25_np11,0.0
np8_nt15,nt2_np2,0.4117197321359869
np8_nt15,nt2_nt7,3.5346916708147087
np8_nt15,nt3_np3,0.0
np8_nt15,nt3_nt8,3.6337845860798623
np8_nt15,nt4_np4,0.0
np8_nt15,nt4_nt9,3.620393651584571
np8_nt15,nt5_np5,0.0
np8_nt15,nt5_np6,0.0
np8_nt15,nt6_np19,0.0
np8_nt15,nt6_nt7,3.572598316155225
np8_nt15,nt7_nt12,3.7072287114271125
np8_nt15,nt7_nt8,3.388009434497059
np8_nt15,nt8_nt13,3.5551901013113465
np8_nt15,nt8_nt7,3.5503487634553563
np8_nt15,nt8_nt9,3.780466822397512
np8_nt15,nt9_nt14,3.2103220344633896
np8_nt15,nt9_nt8,3.8779116226478605
np9_nt20,nt10_np7,0.0
np9_nt20,nt10_nt9,3.559413396036784
np9_nt20,nt11_np18,0.0
np9_nt20,nt11_nt12,3.6625235916505257
np9_nt20,nt12_nt13,3.408198843428421
np9_nt20,nt12_nt17,3.463925732366517
np9_nt20,nt12_nt7,3.3507208322870947
np9_nt20,nt13_nt12,3.6614935197662724
np9_nt20,nt13_nt14,3.633681578891437
np9_nt20,nt13_nt18,3.7650157441337146
np9_nt20,nt13_nt8,2.978555860506429
np9_nt20,nt14_nt13,3.6305913632386773
np9_nt20,nt14_nt19,3.3542230766935552
np9_nt20,nt14_nt9,3.623895895991032
np9_nt20,nt15_np8,0.6421468126434181
np9_nt20,nt15_nt14,3.609474889611488
np9_nt20,nt16_np17,0.0
np9_nt20,nt16_nt17,3.708258783311366
np9_nt20,nt17_nt12,3.674060396754161
np9_nt20,nt17_nt18,3.2650188515172323
np9_nt20,nt18_nt13,3.796329929415011
np9_nt20,nt18_nt17,3.4866903210085116
np9_nt20,nt18_nt19,3.5808388912292504
np9_nt20,nt19_nt14,3.458775372945251
np9_nt20,nt19_nt18,3.9172603686263314
np9_nt20,nt1_np1,0.0
np9_nt20,nt1_np20,0.0
np9_nt20,nt20_nt19,3.4612475454674585
np9_nt20,nt21_np15,0.8175680545317308
np9_nt20,nt21_np16,0.0
np9_nt20,nt22_np14,0.0
np9_nt20,nt22_nt17,3.7841750811808232
np9_nt20,nt23_np13,0.0
np9_nt20,nt23_nt18,3.8472154804971166
np9_nt20,nt24_np12,0.6166010299139398
np9_nt20,nt24_nt19,3.806836662634393
np9_nt20,nt25_np10,0.0
np9_nt20,nt25_np11,0.0
np9_nt20,nt2_np2,0.0
np9_nt20,nt2_nt7,3.5862982722157914
np9_nt20,nt3_np3,1.2531854543823908
np9_nt20,nt3_nt8,3.669734094840298
np9_nt20,nt4_np4,0.04583819884926549
np9_nt20,nt4_nt9,3.4918406804297772
np9_nt20,nt5_np5,0.0
np9_nt20,nt5_np6,0.0
np9_nt20,nt6_np19,1.7660582455520377
np9_nt20,nt6_nt7,3.5992771779573816
np9_nt20,nt7_nt12,3.531292433596673
np9_nt20,nt7_nt8,3.8293952368995368
np9_nt20,nt8_nt13,3.621423723468824
np9_nt20,nt8_nt7,3.844743307974909
np9_nt20,nt8_nt9,3.3646268027245125
np9_nt20,nt9_nt14,3.479994853760866
np9_nt20,nt9_nt8,3.7311263791417857
nt12_nt11,nt10_np7,0.0
nt12_nt11,nt10_nt9,0.0
nt12_nt11,nt11_np18,0.0
nt12_nt11,nt12_nt13,0.0
nt12_nt11,nt12_nt17,0.0
nt12_nt11,nt12_nt7,0.3189102553647774
nt12_nt11,nt13_nt14,0.0
nt12_nt11,nt13_nt18,0.0
nt12_nt11,nt13_nt8,0.0
nt12_nt11,nt14_nt13,0.0
nt12_nt11,nt14_nt19,0.0
nt12_nt11,nt14_nt9,0.0
nt12_nt11,nt15_np8,0.0
nt12_nt11,nt15_nt14,0.0
nt12_nt11,nt16_np17,0.9134677469556998
nt12_nt11,nt16_nt17,1.714863672904656
nt12_nt11,nt17_nt18,0.0
nt12_nt11,nt18_nt13,0.0
nt12_nt11,nt18_nt17,0.0
nt12_nt11,nt18_nt19,0.13123115805385221
nt12_nt11,nt19_nt14,0.16172128582774567
nt12_nt11,nt19_nt18,0.0
nt12_nt11,nt1_np1,0.0
nt12_nt11,nt1_np20,0.0
nt12_nt11,nt20_np9,0.0
nt12_nt11,nt20_nt19,0.0
nt12_nt11,nt21_np15,0.0
nt12_nt11,nt21_np16,0.0
nt12_nt11,nt22_np14,0.0
nt12_nt11,nt22_nt17,1.4749599310620956
nt12_nt11,nt23_np13,0.0
nt12_nt11,nt23_nt18,0.0
nt12_nt11,nt24_np12,0.0
nt12_nt11,nt24_nt19,0.0
nt12_nt11,nt25_np10,0.0
nt12_nt11,nt25_np11,0.0
nt12_nt11,nt2_np2,0.0
nt12_nt11,nt2_nt7,0.0
nt12_nt11,nt3_np3,0.0
nt12_nt11,nt3_nt8,0.0
nt12_nt11,nt4_np4,0.0
nt12_nt11,nt4_nt9,0.0
nt12_nt11,nt5_np5,0.0
nt12_nt11,nt5_np6,0.5148299277497279
nt12_nt11,nt6_np19,0.0
nt12_nt11,nt6_nt7,0.0
nt12_nt11,nt7_nt8,0.0
nt12_nt11,nt8_nt13,0.0
nt12_nt11,nt8_nt7,0.0
nt12_nt11,nt8_nt9,0.0
nt12_nt11,nt9_nt14,0.0
nt12_nt11,nt9_nt8,0.0
nt12_nt13,nt10_np7,0.0
nt12_nt13,nt10_nt9,0.047486313864070546
nt12_nt13,nt11_np18,0.0
nt12_nt13,nt12_nt13,0.0
nt12_nt13,nt12_nt17,2.1093812045736153
nt12_nt13,nt12_nt7,0.0
nt12_nt13,nt13_nt14,0.0
nt12_nt13,nt13_nt18,0.0
nt12_nt13,nt13_nt8,0.0
nt12_nt13,nt14_nt13,0.0
nt12_nt13,nt14_nt19,2.5733255812412374
nt12_nt13,nt14_nt9,0.0
nt12_nt13,nt15_np8,0.0
nt12_nt13,nt15_nt14,0.0
nt12_nt13,nt16_np17,0.0
nt12_nt13,nt16_nt17,0.0
nt12_nt13,nt17_nt18,0.0
nt12_nt13,nt18_nt13,0.0
nt12_nt13,nt18_nt17,0.0
nt12_nt13,nt18_nt19,0.0
nt12_nt13,nt19_nt14,0.9536405504415728
nt12_nt13,nt19_nt18,0.0
nt12_nt13,nt1_np1,0.0
nt12_nt13,nt1_np20,0.0
nt12_nt13,nt20_np9,0.0
nt12_nt13,nt20_nt19,0.0
nt12_nt13,nt21_np15,0.0
nt12_nt13,nt21_np16,0.0
nt12_nt13,nt22_np14,0.0
nt12_nt13,nt22_nt17,0.0
nt12_nt13,nt23_np13,0.0
nt12_nt13,nt23_nt18,0.0
nt12_nt13,nt24_np12,0.0
nt12_nt13,nt24_nt19,0.0
nt12_nt13,nt25_np10,0.0
nt12_nt13,nt25_np11,0.0
nt12_nt13,nt2_np2,0.0
nt12_nt13,nt2_nt7,0.0
nt12_nt13,nt3_np3,0.0
nt12_nt13,nt3_nt8,0.3619672601265594
nt12_nt13,nt4_np4,0.0
nt12_nt13,nt4_nt9,0.0
nt12_nt13,nt5_np5,0.0
nt12_nt13,nt5_np6,0.0
nt12_nt13,nt6_np19,0.0
nt12_nt13,nt6_nt7,0.0
nt12_nt13,nt7_nt8,0.0
nt12_nt13,nt8_nt13,0.0
nt12_nt13,nt8_nt7,0.0
nt12_nt13,nt8_nt9,0.0
nt12_nt13,nt9_nt14,0.0
nt12_nt13,nt9_nt8,0.0
nt12_nt17,nt10_np7,0.0
nt12_nt17,nt10_nt9,0.0
nt12_nt17,nt11_np18,0.8618611455546166
nt12_nt17,nt12_nt13,1.636887231266692
nt12_nt17,nt12_nt17,0.0
nt12_nt17,nt12_nt7,0.0
nt12_nt17,nt13_nt14,0.0
nt12_nt17,nt13_nt18,0.0
nt12_nt17,nt13_nt8,1.1451309137242347
nt12_nt17,nt14_nt13,0.0
nt12_nt17,nt14_nt19,0.0
nt12_nt17,nt14_nt9,1.6599608414739626
nt12_nt17,nt15_np8,0.0
nt12_nt17,nt15_nt14,0.0
nt12_nt17,nt16_np17,0.41480994778874636
nt12_nt17,nt16_nt17,0.0
nt12_nt17,nt17_nt18,0.5286328909987202
nt12_nt17,nt18_nt13,0.0
nt12_nt17,nt18_nt17,0.0
nt12_nt17,nt18_nt19,0.0
nt12_nt17,nt19_nt14,1.1037220239772578
nt12_nt17,nt19_nt18,0.0
nt12_nt17,nt1_np1,0.0
nt12_nt17,nt1_np20,0.0
nt12_nt17,nt20_np9,0.0
nt12_nt17,nt20_nt19,0.3668085979825493
nt12_nt17,nt21_np15,0.0
nt12_nt17,nt21_np16,0.0
nt12_nt17,nt22_np14,0.0
nt12_nt17,nt22_nt17,0.0
nt12_nt17,nt23_np13,0.0
nt12_nt17,nt23_nt18,0.0
nt12_nt17,nt24_np12,0.0
nt12_nt17,nt24_nt19,0.0
nt12_nt17,nt25_np10,0.0
nt12_nt17,nt25_np11,0.0
nt12_nt17,nt2_np2,0.0
nt12_nt17,nt2_nt7,0.0
nt12_nt17,nt3_np3,0.0
nt12_nt17,nt3_nt8,0.0
nt12_nt17,nt4_np4,0.0
nt12_nt17,nt4_nt9,0.6541986536891801
nt12_nt17,nt5_np5,0.0
nt12_nt17,nt5_np6,0.0
nt12_nt17,nt6_np19,0.0
nt12_nt17,nt6_nt7,0.0
nt12_nt17,nt7_nt8,0.0
nt12_nt17,nt8_nt13,0.0
nt12_nt17,nt8_nt7,0.0
nt12_nt17,nt8_nt9,0.9202662213917705
nt12_nt17,nt9_nt14,0.0
nt12_nt17,nt9_nt8,0.8792693603984949
nt12_nt7,nt10_np7,0.0
nt12_nt7,nt10_nt9,0.0
nt12_nt7,nt11_np18,0.0
nt12_nt7,nt12_nt13,0.0
nt12_nt7,nt12_nt17,0.0
nt12_nt7,nt12_nt7,1.0605620120270507
nt12_nt7,nt13_nt14,0.0
nt12_nt7,nt13_nt18,0.0
nt12_nt7,nt13_nt8,0.0
nt12_nt7,nt14_nt13,0.5681876513540415
nt12_nt7,nt14_nt19,0.0
nt12_nt7,nt14_nt9,0.0
nt12_nt7,nt15_np8,1.368759519795595
nt12_nt7,nt15_nt14,0.0
nt12_nt7,nt16_np17,0.0
nt12_nt7,nt16_nt17,0.0
nt12_nt7,nt17_nt18,0.0
nt12_nt7,nt18_nt13,0.0
nt12_nt7,nt18_nt17,0.0
nt12_nt7,nt18_nt19,0.0
nt12_nt7,nt19_nt14,0.0
nt12_nt7,nt19_nt18,0.0
nt12_nt7,nt1_np1,0.0
nt12_nt7,nt1_np20,0.0
nt12_nt7,nt20_np9,0.0
nt12_nt7,nt20_nt19,0.0
nt12_nt7,nt21_np15,0.0
nt12_nt7,nt21_np16,0.0
nt12_nt7,nt22_np14,0.0
nt12_nt7,nt22_nt17,0.0
nt12_nt7,nt23_np13,0.0
nt12_nt7,nt23_nt18,0.0
nt12_nt7,nt24_np12,0.3195282984953293
nt12_nt7,nt24_nt19,0.0
nt12_nt7,nt25_np10,0.0
nt12_nt7,nt25_np11,0.0
nt12_nt7,nt2_np2,0.0
nt12_nt7,nt2_nt7,0.0
nt12_nt7,nt3_np3,0.0
nt12_nt7,nt3_nt8,0.0
nt12_nt7,nt4_np4,0.0
nt12_nt7,nt4_nt9,0.0
nt12_nt7,nt5_np5,0.0
nt12_nt7,nt5_np6,0.930875961799578
nt12_nt7,nt6_np19,0.0
nt12_nt7,nt6_nt7,0.0
nt12_nt7,nt7_nt8,0.0
nt12_nt7,nt8_nt13,0.0
nt12_nt7,nt8_nt7,0.0
nt12_nt7,nt8_nt9,0.0
nt12_nt7,nt9_nt14,0.0
nt12_nt7,nt9_nt8,1.7685304180742456
nt13_nt12,nt10_np7,0.0
nt13_nt12,nt10_nt9,0.0
nt13_nt12,nt11_np18,0.0
nt13_nt12,nt11_nt12,0.0
nt13_nt12,nt12_nt17,0.0
nt13_nt12,nt12_nt7,0.0
nt13_nt12,nt13_nt12,0.0
nt13_nt12,nt13_nt14,1.1708827108305637
nt13_nt12,nt13_nt18,0.0
nt13_nt12,nt13_nt8,0.0
nt13_nt12,nt14_nt19,0.0
nt13_nt12,nt14_nt9,0.0
nt13_nt12,nt15_np8,0.0
nt13_nt12,nt15_nt14,0.8461010457255432
nt13_nt12,nt16_np17,0.0
nt13_nt12,nt16_nt17,0.0
nt13_nt12,nt17_nt12,0.0
nt13_nt12,nt17_nt18,0.0
nt13_nt12,nt18_nt17,0.0
nt13_nt12,nt18_nt19,0.0
nt13_nt12,nt19_nt14,0.0
nt13_nt12,nt19_nt18,0.0
nt13_nt12,nt1_np1,0.0
nt13_nt12,nt1_np20,0.0
nt13_nt12,nt20_np9,0.2098256428223681
nt13_nt12,nt20_nt19,0.7545276552154376
nt13_nt12,nt21_np15,0.0
nt13_nt12,nt21_np16,0.0
nt13_nt12,nt22_np14,0.0
nt13_nt12,nt22_nt17,0.0
nt13_nt12,nt23_np13,0.0
nt13_nt12,nt23_nt18,0.0
nt13_nt12,nt24_np12,0.0
nt13_nt12,nt24_nt19,0.0
nt13_nt12,nt25_np10,0.24495109407540078
nt13_nt12,nt25_np11,0.0
nt13_nt12,nt2_np2,1.4257224949947949
nt13_nt12,nt2_nt7,0.0005150359421265785
nt13_nt12,nt3_np3,0.0
nt13_nt12,nt3_nt8,0.0
nt13_nt12,nt4_np4,0.0
nt13_nt12,nt4_nt9,0.0
nt13_nt12,nt5_np5,0.0
nt13_nt12,nt5_np6,0.0
nt13_nt12,nt6_np19,0.0
nt13_nt12,nt6_nt7,0.0
nt13_nt12,nt7_nt12,0.0
nt13_nt12,nt7_nt8,0.0
nt13_nt12,nt8_nt7,0.0
nt13_nt12,nt8_nt9,0.0
nt13_nt12,nt9_nt14,0.0
nt13_nt12,nt9_nt8,0.0
nt13_nt14,nt10_np7,0.0
nt13_nt14,nt10_nt9,0.0
nt13_nt14,nt11_np18,0.0
nt13_nt14,nt11_nt12,0.0
nt13_nt14,nt12_nt17,0.0
nt13_nt14,nt12_nt7,0.0
nt13_nt14,nt13_nt12,0.0
nt13_nt14,nt13_nt14,0.0
nt13_nt14,nt13_nt18,0.0
nt13_nt14,nt13_nt8,0.0
nt13_nt14,nt14_nt19,0.0
nt13_nt14,nt14_nt9,0.0
nt13_nt14,nt15_np8,0.0
nt13_nt14,nt15_nt14,0.0
nt13_nt14,nt16_np17,0.0
nt13_nt14,nt16_nt17,0.0
nt13_nt14,nt17_nt12,0.0
nt13_nt14,nt17_nt18,0.0
nt13_nt14,nt18_nt17,0.0
nt13_nt14,nt18_nt19,0.0
nt13_nt14,nt19_nt14,0.0
nt13_nt14,nt19_nt18,0.0
nt13_nt14,nt1_np1,0.0
nt13_nt14,nt1_np20,0.0
nt13_nt14,nt20_np9,0.0
nt13_nt14,nt20_nt19,0.0
nt13_nt14,nt21_np15,0.0
nt13_nt14,nt21_np16,0.0
nt13_nt14,nt22_np14,0.0
nt13_nt14,nt22_nt17,0.0
nt13_nt14,nt23_np13,2.0632339841590737
nt13_nt14,nt23_nt18,0.0
nt13_nt14,nt24_np12,0.0
nt13_nt14,nt24_nt19,0.0
nt13_nt14,nt25_np10,0.0
nt13_nt14,nt25_np11,0.0
nt13_nt14,nt2_np2,0.0
nt13_nt14,nt2_nt7,0.9444729106717198
nt13_nt14,nt3_np3,0.0
nt13_nt14,nt3_nt8,0.0
nt13_nt14,nt4_np4,0.0
nt13_nt14,nt4_nt9,0.0
nt13_nt14,nt5_np5,0.9917532101589397
nt13_nt14,nt5_np6,0.0
nt13_nt14,nt6_np19,0.9639412692841044
nt13_nt14,nt6_nt7,0.0
nt13_nt14,nt7_nt12,0.0
nt13_nt14,nt7_nt8,0.5197742727941431
nt13_nt14,nt8_nt7,0.0
nt13_nt14,nt8_nt9,0.0
nt13_nt14,nt9_nt14,0.0
nt13_nt14,nt9_nt8,0.6886030546232355
nt13_nt18,nt10_np7,1.3401235214133573
nt13_nt18,nt10_nt9,0.0
nt13_nt18,nt11_np18,0.0
nt13_nt18,nt11_nt12,0.0
nt13_nt18,nt12_nt17,0.0
nt13_nt18,nt12_nt7,0.40821748772952615
nt13_nt18,nt13_nt12,1.7232072551671065
nt13_nt18,nt13_nt14,0.0
nt13_nt18,nt13_nt18,0.8836986695007835
nt13_nt18,nt13_nt8,0.0
nt13_nt18,nt14_nt19,0.0
nt13_nt18,nt14_nt9,0.0
nt13_nt18,nt15_np8,0.0
nt13_nt18,nt15_nt14,0.0
nt13_nt18,nt16_np17,0.0
nt13_nt18,nt16_nt17,0.0
nt13_nt18,nt17_nt12,0.0
nt13_nt18,nt17_nt18,0.0
nt13_nt18,nt18_nt17,0.7767772079153058
nt13_nt18,nt18_nt19,0.0
nt13_nt18,nt19_nt14,1.6233932895829757
nt13_nt18,nt19_nt18,0.0
nt13_nt18,nt1_np1,0.0
nt13_nt18,nt1_np20,0.0
nt13_nt18,nt20_np9,1.1685135454967814
nt13_nt18,nt20_nt19,0.0
nt13_nt18,nt21_np15,0.0
nt13_nt18,nt21_np16,0.0
nt13_nt18,nt22_np14,0.0
nt13_nt18,nt22_nt17,2.1727306254551846
nt13_nt18,nt23_np13,0.4552917728398954
nt13_nt18,nt23_nt18,0.0
nt13_nt18,nt24_np12,0.0
nt13_nt18,nt24_nt19,0.0
nt13_nt18,nt25_np10,0.0
nt13_nt18,nt25_np11,1.1230873754012172
nt13_nt18,nt2_np2,0.0
nt13_nt18,nt2_nt7,0.0
nt13_nt18,nt3_np3,0.0
nt13_nt18,nt3_nt8,0.0
nt13_nt18,nt4_np4,0.0
nt13_nt18,nt4_nt9,0.0
nt13_nt18,nt5_np5,0.0
nt13_nt18,nt5_np6,0.0
nt13_nt18,nt6_np19,0.0
nt13_nt18,nt6_nt7,0.0
nt13_nt18,nt7_nt12,0.0
nt13_nt18,nt7_nt8,1.7427786209679164
nt13_nt18,nt8_nt7,1.330852874455079
nt13_nt18,nt8_nt9,0.0
nt13_nt18,nt9_nt14,0.0
nt13_nt18,nt9_nt8,0.0
nt13_nt8,nt10_np7,0.0
nt13_nt8,nt10_nt9,0.0
nt13_nt8,nt11_np18,0.0
nt13_nt8,nt11_nt12,0.0
nt13_nt8,nt12_nt17,0.0
nt13_nt8,nt12_nt7,0.0
nt13_nt8,nt13_nt12,0.0
nt13_nt8,nt13_nt14,0.0
nt13_nt8,nt13_nt18,0.0
nt13_nt8,nt13_nt8,0.0
nt13_nt8,nt14_nt19,0.0
nt13_nt8,nt14_nt9,2.144094627072947
nt13_nt8,nt15_np8,0.0
nt13_nt8,nt15_nt14,0.0
nt13_nt8,nt16_np17,0.0
nt13_nt8,nt16_nt17,0.15749799110230772
nt13_nt8,nt17_nt12,0.6171160658560664
nt13_nt8,nt17_nt18,0.0
nt13_nt8,nt18_nt17,0.0
nt13_nt8,nt18_nt19,0.0
nt13_nt8,nt19_nt14,0.0
nt13_nt8,nt19_nt18,1.3771031020580458
nt13_nt8,nt1_np1,0.358568022908524
nt13_nt8,nt1_np20,0.0
nt13_nt8,nt20_np9,0.0
nt13_nt8,nt20_nt19,0.0
nt13_nt8,nt21_np15,0.0
nt13_nt8,nt21_np16,1.11752498722625
nt13_nt8,nt22_np14,1.2902680422155046
nt13_nt8,nt22_nt17,0.469815786407865
nt13_nt8,nt23_np13,0.0
nt13_nt8,nt23_nt18,0.0
nt13_nt8,nt24_np12,0.0
nt13_nt8,nt24_nt19,2.404702813788995
nt13_nt8,nt25_np10,0.0
nt13_nt8,nt25_np11,0.0
nt13_nt8,nt2_np2,0.0
nt13_nt8,nt2_nt7,0.0
nt13_nt8,nt3_np3,0.0
nt13_nt8,nt3_nt8,0.0
nt13_nt8,nt4_np4,0.0
nt13_nt8,nt4_nt9,0.0
nt13_nt8,nt5_np5,0.0
nt13_nt8,nt5_np6,0.0
nt13_nt8,nt6_np19,0.0
nt13_nt8,nt6_nt7,0.0
nt13_nt8,nt7_nt12,0.0
nt13_nt8,nt7_nt8,0.7988207462383233
nt13_nt8,nt8_nt7,0.0
nt13_nt8,nt8_nt9,0.0
nt13_nt8,nt9_nt14,0.0
nt13_nt8,nt9_nt8,0.0
nt14_nt13,nt10_np7,0.0
nt14_nt13,nt10_nt9,0.0
nt14_nt13,nt11_np18,1.9587846950958034
nt14_nt13,nt11_nt12,0.0
nt14_nt13,nt12_nt13,0.0
nt14_nt13,nt12_nt17,0.0
nt14_nt13,nt12_nt7,0.0
nt14_nt13,nt13_nt12,2.62493218264232
nt14_nt13,nt13_nt18,0.8668054905990318
nt14_nt13,nt13_nt8,0.0
nt14_nt13,nt14_nt13,0.0
nt14_nt13,nt14_nt19,0.0
nt14_nt13,nt14_nt9,0.0
nt14_nt13,nt15_np8,0.0
nt14_nt13,nt16_np17,0.0
nt14_nt13,nt16_nt17,0.0
nt14_nt13,nt17_nt12,0.0
nt14_nt13,nt17_nt18,0.0
nt14_nt13,nt18_nt13,0.0
nt14_nt13,nt18_nt17,0.0
nt14_nt13,nt18_nt19,0.0
nt14_nt13,nt19_nt18,1.0972325711064628
nt14_nt13,nt1_np1,0.0
nt14_nt13,nt1_np20,0.0
nt14_nt13,nt20_np9,0.0
nt14_nt13,nt20_nt19,0.3638213895182151
nt14_nt13,nt21_np15,0.0
nt14_nt13,nt21_np16,0.9358203068439932
nt14_nt13,nt22_np14,0.0
nt14_nt13,nt22_nt17,0.0
nt14_nt13,nt23_np13,1.2984056101011046
nt14_nt13,nt23_nt18,0.0
nt14_nt13,nt24_np12,0.0
nt14_nt13,nt24_nt19,0.0
nt14_nt13,nt25_np10,0.0
nt14_nt13,nt25_np11,0.0
nt14_nt13,nt2_np2,0.0
nt14_nt13,nt2_nt7,0.0
nt14_nt13,nt3_np3,0.0
nt14_nt13,nt3_nt8,0.0
nt14_nt13,nt4_np4,0.0
nt14_nt13,nt4_nt9,0.0
nt14_nt13,nt5_np5,0.0
nt14_nt13,nt5_np6,0.0
nt14_nt13,nt6_np19,2.0254303460069827
nt14_nt13,nt6_nt7,0.0
nt14_nt13,nt7_nt12,0.0
nt14_nt13,nt7_nt8,0.0
nt14_nt13,nt8_nt13,0.0
nt14_nt13,nt8_nt7,1.4454998751724553
nt14_nt13,nt8_nt9,1.9727936727216464
nt14_nt13,nt9_nt8,0.6965346081319849
nt14_nt15,nt10_np7,0.0
nt14_nt15,nt10_nt9,1.5910490324174265
nt14_nt15,nt11_np18,0.0
nt14_nt15,nt11_nt12,0.0
nt14_nt15,nt12_nt13,0.0
nt14_nt15,nt12_nt17,0.0
nt14_nt15,nt12_nt7,0.0
nt14_nt15,nt13_nt12,0.0
nt14_nt15,nt13_nt18,0.47785034710503954
nt14_nt15,nt13_nt8,0.0
nt14_nt15,nt14_nt13,0.0
nt14_nt15,nt14_nt19,0.0
nt14_nt15,nt14_nt9,0.0
nt14_nt15,nt15_np8,1.0389305024577342
nt14_nt15,nt16_np17,0.0
nt14_nt15,nt16_nt17,0.0
nt14_nt15,nt17_nt12,0.0
nt14_nt15,nt17_nt18,0.0
nt14_nt15,nt18_nt13,0.0
nt14_nt15,nt18_nt17,1.9952492397983654
nt14_nt15,nt18_nt19,0.0
nt14_nt15,nt19_nt18,0.0
nt14_nt15,nt1_np1,0.0
nt14_nt15,nt1_np20,0.0
nt14_nt15,nt20_np9,0.0
nt14_nt15,nt20_nt19,0.0
nt14_nt15,nt21_np15,0.0
nt14_nt15,nt21_np16,0.0
nt14_nt15,nt22_np14,0.0
nt14_nt15,nt22_nt17,0.0
nt14_nt15,nt23_np13,1.1417316765061993
nt14_nt15,nt23_nt18,0.7837816967282273
nt14_nt15,nt24_np12,0.0
nt14_nt15,nt24_nt19,0.9126436894482972
nt14_nt15,nt25_np10,0.0
nt14_nt15,nt25_np11,0.0
nt14_nt15,nt2_np2,2.7855203893973877
nt14_nt15,nt2_nt7,0.0
nt14_nt15,nt3_np3,0.0
nt14_nt15,nt3_nt8,0.0
nt14_nt15,nt4_np4,0.0
nt14_nt15,nt4_nt9,0.0
nt14_nt15,nt5_np5,0.0
nt14_nt15,nt5_np6,0.0
nt14_nt15,nt6_np19,0.0
nt14_nt15,nt6_nt7,0.0
nt14_nt15,nt7_nt12,0.0
nt14_nt15,nt7_nt8,0.0
nt14_nt15,nt8_nt13,0.0
nt14_nt15,nt8_nt7,0.0
nt14_nt15,nt8_nt9,0.0
nt14_nt15,nt9_nt8,0.0
nt14_nt19,nt10_np7,0.0
nt14_nt19,nt10_nt9,0.0
nt14_nt19,nt11_np18,0.0
nt14_nt19,nt11_nt12,0.0
nt14_nt19,nt12_nt13,1.8209610769827311
nt14_nt19,nt12_nt17,0.0
nt14_nt19,nt12_nt7,0.0
nt14_nt19,nt13_nt12,3.560546475109463
nt14_nt19,nt13_nt18,0.0
nt14_nt19,nt13_nt8,0.0
nt14_nt19,nt14_nt13,0.0
nt14_nt19,nt14_nt19,0.0
nt14_nt19,nt14_nt9,0.0
nt14_nt19,nt15_np8,0.0
nt14_nt19,nt16_np17,0.0
nt14_nt19,nt16_nt17,0.0
nt14_nt19,nt17_nt12,1.861751923599156
nt14_nt19,nt17_nt18,0.0
nt14_nt19,nt18_nt13,2.3521691476920843
nt14_nt19,nt18_nt17,0.0
nt14_nt19,nt18_nt19,0.0
nt14_nt19,nt19_nt18,0.0
nt14_nt19,nt1_np1,0.0
nt14_nt19,nt1_np20,0.0
nt14_nt19,nt20_np9,0.0
nt14_nt19,nt20_nt19,0.0
nt14_nt19,nt21_np15,1.2955214088251956
nt14_nt19,nt21_np16,0.0
nt14_nt19,nt22_np14,0.0
nt14_nt19,nt22_nt17,0.0
nt14_nt19,nt23_np13,0.0
nt14_nt19,nt23_nt18,1.0090584178143926
nt14_nt19,nt24_np12,0.0
nt14_nt19,nt24_nt19,0.0
nt14_nt19,nt25_np10,0.0
nt14_nt19,nt25_np11,0.0
nt14_nt19,nt2_np2,0.0
nt14_nt19,nt2_nt7,0.0
nt14_nt19,nt3_np3,0.0
nt14_nt19,nt3_nt8,0.9369533859166717
nt14_nt19,nt4_np4,0.0
nt14_nt19,nt4_nt9,0.0
nt14_nt19,nt5_np5,1.2312449232477987
nt14_nt19,nt5_np6,2.4837093273112125
nt14_nt19,nt6_np19,0.0
nt14_nt19,nt6_nt7,0.0
nt14_nt19,nt7_nt12,0.0
nt14_nt19,nt7_nt8,0.0
nt14_nt19,nt8_nt13,0.0
nt14_nt19,nt8_nt7,1.001950921813046
nt14_nt19,nt8_nt9,0.0
nt14_nt19,nt9_nt8,0.9839246638386158
nt14_nt9,nt10_np7,0.0
nt14_nt9,nt10_nt9,1.1297828426488628
nt14_nt9,nt11_np18,0.0
nt14_nt9,nt11_nt12,0.0
nt14_nt9,nt12_nt13,0.0
nt14_nt9,nt12_nt17,1.6509992160809601
nt14_nt9,nt12_nt7,1.6614029421119172
nt14_nt9,nt13_nt12,0.0
nt14_nt9,nt13_nt18,0.0
nt14_nt9,nt13_nt8,0.3760792449408276
nt14_nt9,nt14_nt13,0.0
nt14_nt9,nt14_nt19,0.0
nt14_nt9,nt14_nt9,1.0800303706394352
nt14_nt9,nt15_np8,0.0
nt14_nt9,nt16_np17,0.0
nt14_nt9,nt16_nt17,0.0
nt14_nt9,nt17_nt12,0.7245525633836707
nt14_nt9,nt17_nt18,0.9482841766434564
nt14_nt9,nt18_nt13,1.0587078826353948
nt14_nt9,nt18_nt17,0.0
nt14_nt9,nt18_nt19,0.0
nt14_nt9,nt19_nt18,0.0
nt14_nt9,nt1_np1,0.0
nt14_nt9,nt1_np20,0.0
nt14_nt9,nt20_np9,0.0
nt14_nt9,nt20_nt19,0.0
nt14_nt9,nt21_np15,0.0
nt14_nt9,nt21_np16,0.0
nt14_nt9,nt22_np14,0.0
nt14_nt9,nt22_nt17,0.07787343444953868
nt14_nt9,nt23_np13,0.0
nt14_nt9,nt23_nt18,0.0
nt14_nt9,nt24_np12,0.0
nt14_nt9,nt24_nt19,0.0
nt14_nt9,nt25_np10,0.0
nt14_nt9,nt25_np11,0.0
nt14_nt9,nt2_np2,2.4981303336907565
nt14_nt9,nt2_nt7,0.0
nt14_nt9,nt3_np3,0.4288189254145893
nt14_nt9,nt3_nt8,0.0
nt14_nt9,nt4_np4,0.0
nt14_nt9,nt4_nt9,0.0
nt14_nt9,nt5_np5,2.4175787123421597
nt14_nt9,nt5_np6,0.0
nt14_nt9,nt6_np19,0.0
nt14_nt9,nt6_nt7,0.0
nt14_nt9,nt7_nt12,1.1738699192948978
nt14_nt9,nt7_nt8,0.0
nt14_nt9,nt8_nt13,1.372261764202056
nt14_nt9,nt8_nt7,0.0
nt14_nt9,nt8_nt9,0.9850577429112942
nt14_nt9,nt9_nt8,0.0
nt17_nt12,nt10_np7,1.2696666045304414
nt17_nt12,nt10_nt9,0.0
nt17_nt12,nt11_np18,0.0
nt17_nt12,nt11_nt12,0.0
nt17_nt12,nt12_nt13,0.0
nt17_nt12,nt12_nt7,0.0
nt17_nt12,nt13_nt12,0.0
nt17_nt12,nt13_nt14,0.0
nt17_nt12,nt13_nt18,0.0
nt17_nt12,nt13_nt8,0.34785527531229116
nt17_nt12,nt14_nt13,0.0
nt17_nt12,nt14_nt19,0.0
nt17_nt12,nt14_nt9,0.0
nt17_nt12,nt15_np8,0.0
nt17_nt12,nt15_nt14,0.0
nt17_nt12,nt16_np17,0.0
nt17_nt12,nt17_nt12,0.0
nt17_nt12,nt17_nt18,0.0
nt17_nt12,nt18_nt13,0.0
nt17_nt12,nt18_nt19,1.971969615214244
nt17_nt12,nt19_nt14,0.6076394045209373
nt17_nt12,nt19_nt18,0.0
nt17_nt12,nt1_np1,0.0
nt17_nt12,nt1_np20,0.0
nt17_nt12,nt20_np9,0.0
nt17_nt12,nt20_nt19,0.0
nt17_nt12,nt21_np15,0.0
nt17_nt12,nt21_np16,0.0
nt17_nt12,nt22_np14,0.0
nt17_nt12,nt23_np13,0.0
nt17_nt12,nt23_nt18,0.0
nt17_nt12,nt24_np12,0.0
nt17_nt12,nt24_nt19,0.0
nt17_nt12,nt25_np10,0.0
nt17_nt12,nt25_np11,0.0
nt17_nt12,nt2_np2,0.0
nt17_nt12,nt2_nt7,0.0
nt17_nt12,nt3_np3,0.0
nt17_nt12,nt3_nt8,0.0
nt17_nt12,nt4_np4,0.0
nt17_nt12,nt4_nt9,1.5773490763568596
nt17_nt12,nt5_np5,0.0
nt17_nt12,nt5_np6,0.0
nt17_nt12,nt6_np19,0.0
nt17_nt12,nt6_nt7,1.6523383095304893
nt17_nt12,nt7_nt12,0.0
nt17_nt12,nt7_nt8,0.0
nt17_nt12,nt8_nt13,0.0
nt17_nt12,nt8_nt7,0.0
nt17_nt12,nt8_nt9,0.0
nt17_nt12,nt9_nt14,0.10764251190445491
nt17_nt12,nt9_nt8,0.0
nt17_nt16,nt10_np7,0.0
nt17_nt16,nt10_nt9,0.0
nt17_nt16,nt11_np18,0.0
nt17_nt16,nt11_nt12,0.0
nt17_nt16,nt12_nt13,0.16470849429207982
nt17_nt16,nt12_nt7,0.0
nt17_nt16,nt13_nt12,0.0
nt17_nt16,nt13_nt14,0.0
nt17_nt16,nt13_nt18,0.0
nt17_nt16,nt13_nt8,0.0
nt17_nt16,nt14_nt13,0.8178770760970068
nt17_nt16,nt14_nt19,0.0
nt17_nt16,nt14_nt9,0.0
nt17_nt16,nt15_np8,0.0
nt17_nt16,nt15_nt14,0.0
nt17_nt16,nt16_np17,0.0
nt17_nt16,nt17_nt12,0.0
nt17_nt16,nt17_nt18,0.6242235618574132
nt17_nt16,nt18_nt13,1.275744028647535
nt17_nt16,nt18_nt19,0.0
nt17_nt16,nt19_nt14,0.0
nt17_nt16,nt19_nt18,0.0
nt17_nt16,nt1_np1,0.0
nt17_nt16,nt1_np20,0.0
nt17_nt16,nt20_np9,1.0180200432073951
nt17_nt16,nt20_nt19,0.0
nt17_nt16,nt21_np15,0.0
nt17_nt16,nt21_np16,0.0
nt17_nt16,nt22_np14,0.0
nt17_nt16,nt23_np13,0.5372854948264467
nt17_nt16,nt23_nt18,0.0
nt17_nt16,nt24_np12,0.0
nt17_nt16,nt24_nt19,0.0
nt17_nt16,nt25_np10,1.3010837970001625
nt17_nt16,nt25_np11,0.0
nt17_nt16,nt2_np2,0.38133261155051873
nt17_nt16,nt2_nt7,0.41779715625308056
nt17_nt16,nt3_np3,0.0
nt17_nt16,nt3_nt8,0.0
nt17_nt16,nt4_np4,1.7060050547000787
nt17_nt16,nt4_nt9,0.0
nt17_nt16,nt5_np5,0.0
nt17_nt16,nt5_np6,0.15564386171065206
nt17_nt16,nt6_np19,0.0
nt17_nt16,nt6_nt7,0.0
nt17_nt16,nt7_nt12,0.0
nt17_nt16,nt7_nt8,0.0
nt17_nt16,nt8_nt13,2.34588570919814
nt17_nt16,nt8_nt7,0.0
nt17_nt16,nt8_nt9,0.0
nt17_nt16,nt9_nt14,0.0
nt17_nt16,nt9_nt8,0.0
nt17_nt18,nt10_np7,0.12886199272006993
nt17_nt18,nt10_nt9,0.0
nt17_nt18,nt11_np18,0.0
nt17_nt18,nt11_nt12,0.0
nt17_nt18,nt12_nt13,0.0
nt17_nt18,nt12_nt7,0.0
nt17_nt18,nt13_nt12,0.0
nt17_nt18,nt13_nt14,0.0
nt17_nt18,nt13_nt18,0.0
nt17_nt18,nt13_nt8,0.0
nt17_nt18,nt14_nt13,0.0
nt17_nt18,nt14_nt19,1.6950862927269952
nt17_nt18,nt14_nt9,0.0
nt17_nt18,nt15_np8,0.7311450234428909
nt17_nt18,nt15_nt14,0.0
nt17_nt18,nt16_np17,0.0
nt17_nt18,nt17_nt12,0.0
nt17_nt18,nt17_nt18,0.0
nt17_nt18,nt18_nt13,0.0
nt17_nt18,nt18_nt19,0.0
nt17_nt18,nt19_nt14,0.0
nt17_nt18,nt19_nt18,0.0
nt17_nt18,nt1_np1,0.0
nt17_nt18,nt1_np20,0.0
nt17_nt18,nt20_np9,0.0
nt17_nt18,nt20_nt19,0.0
nt17_nt18,nt21_np15,0.0
nt17_nt18,nt21_np16,0.0
nt17_nt18,nt22_np14,0.0
nt17_nt18,nt23_np13,0.0
nt17_nt18,nt23_nt18,0.0
nt17_nt18,nt24_np12,0.0
nt17_nt18,nt24_nt19,0.0
nt17_nt18,nt25_np10,0.0
nt17_nt18,nt25_np11,0.0
nt17_nt18,nt2_np2,1.6884938326677752
nt17_nt18,nt2_nt7,0.0
nt17_nt18,nt3_np3,0.0
nt17_nt18,nt3_nt8,0.0
nt17_nt18,nt4_np4,0.0
nt17_nt18,nt4_nt9,0.0
nt17_nt18,nt5_np5,0.0
nt17_nt18,nt5_np6,0.0
nt17_nt18,nt6_np19,0.0
nt17_nt18,nt6_nt7,0.0
nt17_nt18,nt7_nt12,0.0
nt17_nt18,nt7_nt8,0.0
nt17_nt18,nt8_nt13,0.0
nt17_nt18,nt8_nt7,0.0
nt17_nt18,nt8_nt9,0.0
nt17_nt18,nt9_nt14,0.0
nt17_nt18,nt9_nt8,0.0
nt17_nt22,nt10_np7,0.0
nt17_nt22,nt10_nt9,0.0
nt17_nt22,nt11_np18,0.0
nt17_nt22,nt11_nt12,0.0
nt17_nt22,nt12_nt13,1.698897558698732
nt17_nt22,nt12_nt7,0.0
nt17_nt22,nt13_nt12,0.0
nt17_nt22,nt13_nt14,0.0
nt17_nt22,nt13_nt18,0.504735223284047
nt17_nt22,nt13_nt8,0.0
nt17_nt22,nt14_nt13,0.0
nt17_nt22,nt14_nt19,0.28213668909693973
nt17_nt22,nt14_nt9,0.0
nt17_nt22,nt15_np8,0.0
nt17_nt22,nt15_nt14,0.0
nt17_nt22,nt16_np17,0.0
nt17_nt22,nt17_nt12,0.0
nt17_nt22,nt17_nt18,0.0
nt17_nt22,nt18_nt13,0.0
nt17_nt22,nt18_nt19,0.0
nt17_nt22,nt19_nt14,0.0
nt17_nt22,nt19_nt18,0.7462870801414123
nt17_nt22,nt1_np1,0.543259911755115
nt17_nt22,nt1_np20,0.9999937852329649
nt17_nt22,nt20_np9,0.0
nt17_nt22,nt20_nt19,0.0
nt17_nt22,nt21_np15,0.0
nt17_nt22,nt21_np16,1.0609740407807517
nt17_nt22,nt22_np14,0.0
nt17_nt22,nt23_np13,0.0
nt17_nt22,nt23_nt18,0.0
nt17_nt22,nt24_np12,0.0
nt17_nt22,nt24_nt19,0.0
nt17_nt22,nt25_np10,0.0
nt17_nt22,nt25_np11,0.0
nt17_nt22,nt2_np2,1.5852806298656088
nt17_nt22,nt2_nt7,0.0
nt17_nt22,nt3_np3,0.0
nt17_nt22,nt3_nt8,1.3845196196246685
nt17_nt22,nt4_np4,0.0
nt17_nt22,nt4_nt9,0.0
nt17_nt22,nt5_np5,0.0
nt17_nt22,nt5_np6,0.0
nt17_nt22,nt6_np19,0.0
nt17_nt22,nt6_nt7,0.0
nt17_nt22,nt7_nt12,0.0
nt17_nt22,nt7_nt8,0.0
nt17_nt22,nt8_nt13,0.11773721637013586
nt17_nt22,nt8_nt7,0.0
nt17_nt22,nt8_nt9,0.0
nt17_nt22,nt9_nt14,0.0
nt17_nt22,nt9_nt8,0.0
nt18_nt13,nt10_np7,0.0
nt18_nt13,nt10_nt9,0.0
nt18_nt13,nt11_np18,1.5044199869517358
nt18_nt13,nt11_nt12,1.6227752464524237
nt18_nt13,nt12_nt13,1.4735178304241414
nt18_nt13,nt12_nt17,0.0
nt18_nt13,nt12_nt7,0.0
nt18_nt13,nt13_nt12,1.6608879061697905
nt18_nt13,nt13_nt14,0.0
nt18_nt13,nt13_nt8,0.0
nt18_nt13,nt14_nt13,0.0
nt18_nt13,nt14_nt19,0.0
nt18_nt13,nt14_nt9,0.0
nt18_nt13,nt15_np8,0.0
nt18_nt13,nt15_nt14,0.9646623196030816
nt18_nt13,nt16_np17,0.0
nt18_nt13,nt16_nt17,0.0
nt18_nt13,nt17_nt12,0.11845826668911306
nt18_nt13,nt18_nt13,0.0
nt18_nt13,nt18_nt17,0.0
nt18_nt13,nt18_nt19,0.0
nt18_nt13,nt19_nt14,1.1389504824187158
nt18_nt13,nt1_np1,0.0
nt18_nt13,nt1_np20,0.0
nt18_nt13,nt20_np9,0.0
nt18_nt13,nt20_nt19,0.0
nt18_nt13,nt21_np15,0.0
nt18_nt13,nt21_np16,0.0
nt18_nt13,nt22_np14,2.2975753378266672
nt18_nt13,nt22_nt17,0.0
nt18_nt13,nt23_np13,0.0
nt18_nt13,nt24_np12,0.904094092808996
nt18_nt13,nt24_nt19,0.0
nt18_nt13,nt25_np10,0.0
nt18_nt13,nt25_np11,0.0
nt18_nt13,nt2_np2,0.0
nt18_nt13,nt2_nt7,0.22280454856395787
nt18_nt13,nt3_np3,0.0
nt18_nt13,nt3_nt8,0.0
nt18_nt13,nt4_np4,0.0
nt18_nt13,nt4_nt9,0.0
nt18_nt13,nt5_np5,0.0
nt18_nt13,nt5_np6,0.0
nt18_nt13,nt6_np19,0.0
nt18_nt13,nt6_nt7,0.0
nt18_nt13,nt7_nt12,1.2586448353689326
nt18_nt13,nt7_nt8,0.06973586656393874
nt18_nt13,nt8_nt13,0.0
nt18_nt13,nt8_nt7,0.9564217445290564
nt18_nt13,nt8_nt9,0.0
nt18_nt13,nt9_nt14,1.3080882858130842
nt18_nt13,nt9_nt8,0.0
nt18_nt17,nt10_np7,0.0
nt18_nt17,nt10_nt9,0.0
nt18_nt17,nt11_np18,0.0
nt18_nt17,nt11_nt12,0.0
nt18_nt17,nt12_nt13,0.0
nt18_nt17,nt12_nt17,0.0
nt18_nt17,nt12_nt7,0.0
nt18_nt17,nt13_nt12,0.0
nt18_nt17,nt13_nt14,0.0
nt18_nt17,nt13_nt8,2.312614387336763
nt18_nt17,nt14_nt13,0.0
nt18_nt17,nt14_nt19,0.0
nt18_nt17,nt14_nt9,0.0
nt18_nt17,nt15_np8,0.0
nt18_nt17,nt15_nt14,0.0
nt18_nt17,nt16_np17,0.0
nt18_nt17,nt16_nt17,0.0
nt18_nt17,nt17_nt12,0.0
nt18_nt17,nt18_nt13,0.0
nt18_nt17,nt18_nt17,0.0
nt18_nt17,nt18_nt19,0.0
nt18_nt17,nt19_nt14,0.0
nt18_nt17,nt1_np1,0.0
nt18_nt17,nt1_np20,0.0
nt18_nt17,nt20_np9,0.7853268045546069
nt18_nt17,nt20_nt19,0.0
nt18_nt17,nt21_np15,0.0
nt18_nt17,nt21_np16,0.0
nt18_nt17,nt22_np14,0.0
nt18_nt17,nt22_nt17,0.0
nt18_nt17,nt23_np13,0.0
nt18_nt17,nt24_np12,0.0
nt18_nt17,nt24_nt19,0.0
nt18_nt17,nt25_np10,0.0
nt18_nt17,nt25_np11,0.0
nt18_nt17,nt2_np2,0.0
nt18_nt17,nt2_nt7,0.0
nt18_nt17,nt3_np3,0.0
nt18_nt17,nt3_nt8,0.0
nt18_nt17,nt4_np4,0.0
nt18_nt17,nt4_nt9,0.0
nt18_nt17,nt5_np5,0.0
nt18_nt17,nt5_np6,0.0
nt18_nt17,nt6_np19,0.0
nt18_nt17,nt6_nt7,0.0
nt18_nt17,nt7_nt12,0.0
nt18_nt17,nt7_nt8,0.0
nt18_nt17,nt8_nt13,0.0
nt18_nt17,nt8_nt7,0.0
nt18_nt17,nt8_nt9,0.0
nt18_nt17,nt9_nt14,0.0
nt18_nt17,nt9_nt8,0.0
nt18_nt19,nt10_np7,0.0
nt18_nt19,nt10_nt9,0.0
nt18_nt19,nt11_np18,0.0
nt18_nt19,nt11_nt12,0.0
nt18_nt19,nt12_nt13,0.0
nt18_nt19,nt12_nt17,0.0
nt18_nt19,nt12_nt7,0.0
nt18_nt19,nt13_nt12,0.0
nt18_nt19,nt13_nt14,0.0
nt18_nt19,nt13_nt8,0.0
nt18_nt19,nt14_nt13,0.4664165491898295
nt18_nt19,nt14_nt19,0.0
nt18_nt19,nt14_nt9,0.0
nt18_nt19,nt15_np8,0.0
nt18_nt19,nt15_nt14,0.0
nt18_nt19,nt16_np17,0.0
nt18_nt19,nt16_nt17,0.0
nt18_nt19,nt17_nt12,0.0
nt18_nt19,nt18_nt13,0.0
nt18_nt19,nt18_nt17,0.0
nt18_nt19,nt18_nt19,0.0
nt18_nt19,nt19_nt14,0.0
nt18_nt19,nt1_np1,0.0
nt18_nt19,nt1_np20,0.0
nt18_nt19,nt20_np9,0.0
nt18_nt19,nt20_nt19,0.0
nt18_nt19,nt21_np15,1.0429477828063216
nt18_nt19,nt21_np16,0.0
nt18_nt19,nt22_np14,0.0
nt18_nt19,nt22_nt17,0.0
nt18_nt19,nt23_np13,0.0
nt18_nt19,nt24_np12,0.7486562454751946
nt18_nt19,nt24_nt19,0.0
nt18_nt19,nt25_np10,0.0
nt18_nt19,nt25_np11,0.529868977259824
nt18_nt19,nt2_np2,0.0
nt18_nt19,nt2_nt7,0.0
nt18_nt19,nt3_np3,0.0
nt18_nt19,nt3_nt8,1.4293277465896808
nt18_nt19,nt4_np4,0.0
nt18_nt19,nt4_nt9,0.0
nt18_nt19,nt5_np5,0.0
nt18_nt19,nt5_np6,0.0
nt18_nt19,nt6_np19,0.0
nt18_nt19,nt6_nt7,0.0
nt18_nt19,nt7_nt12,2.5260452817540173
nt18_nt19,nt7_nt8,1.6094873191455579
nt18_nt19,nt8_nt13,0.0
nt18_nt19,nt8_nt7,0.0
nt18_nt19,nt8_nt9,0.31046366591390157
nt18_nt19,nt9_nt14,0.5523245443365429
nt18_nt19,nt9_nt8,0.0
nt18_nt23,nt10_np7,0.0
nt18_nt23,nt10_nt9,0.0
nt18_nt23,nt11_np18,0.0
nt18_nt23,nt11_nt12,0.0
nt18_nt23,nt12_nt13,0.0
nt18_nt23,nt12_nt17,1.8219911488669842
nt18_nt23,nt12_nt7,0.0
nt18_nt23,nt13_nt12,0.0
nt18_nt23,nt13_nt14,0.2741021283997651
nt18_nt23,nt13_nt8,0.06540956465007548
nt18_nt23,nt14_nt13,0.0
nt18_nt23,nt14_nt19,0.26761267552897017
nt18_nt23,nt14_nt9,0.0
nt18_nt23,nt15_np8,0.0
nt18_nt23,nt15_nt14,0.0
nt18_nt23,nt16_np17,0.0
nt18_nt23,nt16_nt17,0.0
nt18_nt23,nt17_nt12,0.0
nt18_nt23,nt18_nt13,2.120815002488825
nt18_nt23,nt18_nt17,0.0
nt18_nt23,nt18_nt19,1.6251444117862062
nt18_nt23,nt19_nt14,0.0
nt18_nt23,nt1_np1,0.5212163734320975
nt18_nt23,nt1_np20,0.0
nt18_nt23,nt20_np9,1.749783109780838
nt18_nt23,nt20_nt19,0.0
nt18_nt23,nt21_np15,0.0
nt18_nt23,nt21_np16,0.6538896321239042
nt18_nt23,nt22_np14,0.0
nt18_nt23,nt22_nt17,0.0
nt18_nt23,nt23_np13,0.0
nt18_nt23,nt24_np12,0.0
nt18_nt23,nt24_nt19,0.0
nt18_nt23,nt25_np10,0.0
nt18_nt23,nt25_np11,0.0
nt18_nt23,nt2_np2,0.565406457266558
nt18_nt23,nt2_nt7,0.0
nt18_nt23,nt3_np3,0.0
nt18_nt23,nt3_nt8,0.0
nt18_nt23,nt4_np4,0.0
nt18_nt23,nt4_nt9,0.12515373393675858
nt18_nt23,nt5_np5,0.0
nt18_nt23,nt5_np6,0.0
nt18_nt23,nt6_np19,0.0
nt18_nt23,nt6_nt7,0.0
nt18_nt23,nt7_nt12,0.0
nt18_nt23,nt7_nt8,0.0
nt18_nt23,nt8_nt13,0.0
nt18_nt23,nt8_nt7,0.0
nt18_nt23,nt8_nt9,0.0
nt18_nt23,nt9_nt14,1.7963423589490806
nt18_nt23,nt9_nt8,1.5054500588359891
nt19_nt14,nt10_np7,0.0
nt19_nt14,nt10_nt9,0.0
nt19_nt14,nt11_np18,0.0
nt19_nt14,nt11_nt12,0.0
nt19_nt14,nt12_nt13,1.6592397911549854
nt19_nt14,nt12_nt17,0.0
nt19_nt14,nt12_nt7,0.4485963055922499
nt19_nt14,nt13_nt12,0.0
nt19_nt14,nt13_nt14,0.0
nt19_nt14,nt13_nt18,0.28285773941591696
nt19_nt14,nt13_nt8,0.0
nt19_nt14,nt14_nt13,0.0
nt19_nt14,nt14_nt9,0.0
nt19_nt14,nt15_np8,0.0
nt19_nt14,nt15_nt14,0.0
nt19_nt14,nt16_np17,1.1605819919880322
nt19_nt14,nt16_nt17,0.0
nt19_nt14,nt17_nt12,0.0
nt19_nt14,nt17_nt18,0.0
nt19_nt14,nt18_nt13,0.0
nt19_nt14,nt18_nt17,0.0
nt19_nt14,nt19_nt14,0.0
nt19_nt14,nt19_nt18,0.0
nt19_nt14,nt1_np1,0.0
nt19_nt14,nt1_np20,0.0
nt19_nt14,nt20_np9,2.246998808309837
nt19_nt14,nt21_np15,1.331882946339332
nt19_nt14,nt21_np16,0.0
nt19_nt14,nt22_np14,0.0
nt19_nt14,nt22_nt17,0.0
nt19_nt14,nt23_np13,0.0
nt19_nt14,nt23_nt18,0.0
nt19_nt14,nt24_np12,0.0
nt19_nt14,nt25_np10,0.0
nt19_nt14,nt25_np11,0.0
nt19_nt14,nt2_np2,0.0
nt19_nt14,nt2_nt7,0.0
nt19_nt14,nt3_np3,0.0
nt19_nt14,nt3_nt8,0.0
nt19_nt14,nt4_np4,0.0
nt19_nt14,nt4_nt9,0.0
nt19_nt14,nt5_np5,0.0
nt19_nt14,nt5_np6,0.9118196319408947
nt19_nt14,nt6_np19,0.0
nt19_nt14,nt6_nt7,0.13061311492330033
nt19_nt14,nt7_nt12,0.0
nt19_nt14,nt7_nt8,0.0
nt19_nt14,nt8_nt13,0.2445390653216995
nt19_nt14,nt8_nt7,0.0
nt19_nt14,nt8_nt9,1.3839015764941165
nt19_nt14,nt9_nt14,0.0
nt19_nt14,nt9_nt8,0.6287558781481272
nt19_nt18,nt10_np7,0.0
nt19_nt18,nt10_nt9,0.0
nt19_nt18,nt11_np18,0.0
nt19_nt18,nt11_nt12,1.942921588078305
nt19_nt18,nt12_nt13,0.0
nt19_nt18,nt12_nt17,0.44952337028807776
nt19_nt18,nt12_nt7,0.0
nt19_nt18,nt13_nt12,0.0
nt19_nt18,nt13_nt14,0.0
nt19_nt18,nt13_nt18,0.0
nt19_nt18,nt13_nt8,0.0
nt19_nt18,nt14_nt13,0.0
nt19_nt18,nt14_nt9,0.0
nt19_nt18,nt15_np8,0.0
nt19_nt18,nt15_nt14,0.0
nt19_nt18,nt16_np17,0.257105942309588
nt19_nt18,nt16_nt17,0.0
nt19_nt18,nt17_nt12,0.0
nt19_nt18,nt17_nt18,0.0
nt19_nt18,nt18_nt13,1.1935442922841333
nt19_nt18,nt18_nt17,0.0
nt19_nt18,nt19_nt14,0.0
nt19_nt18,nt19_nt18,0.0
nt19_nt18,nt1_np1,0.0
nt19_nt18,nt1_np20,0.10723048315075365
nt19_nt18,nt20_np9,0.8944114170970162
nt19_nt18,nt21_np15,0.9195451710727934
nt19_nt18,nt21_np16,0.0
nt19_nt18,nt22_np14,2.8340367751457114
nt19_nt18,nt22_nt17,0.0
nt19_nt18,nt23_np13,0.47568719614810795
nt19_nt18,nt23_nt18,0.0
nt19_nt18,nt24_np12,0.0
nt19_nt18,nt25_np10,0.0
nt19_nt18,nt25_np11,0.0
nt19_nt18,nt2_np2,0.3277688735693546
nt19_nt18,nt2_nt7,0.0
nt19_nt18,nt3_np3,0.0
nt19_nt18,nt3_nt8,0.0
nt19_nt18,nt4_np4,0.6416317767012916
nt19_nt18,nt4_nt9,0.944266896294869
nt19_nt18,nt5_np5,0.0
nt19_nt18,nt5_np6,0.0
nt19_nt18,nt6_np19,0.0
nt19_nt18,nt6_nt7,0.0
nt19_nt18,nt7_nt12,0.0
nt19_nt18,nt7_nt8,0.13730858217094585
nt19_nt18,nt8_nt13,0.0
nt19_nt18,nt8_nt7,0.0
nt19_nt18,nt8_nt9,0.0
nt19_nt18,nt9_nt14,0.0
nt19_nt18,nt9_nt8,0.0
nt19_nt20,nt10_np7,0.0
nt19_nt20,nt10_nt9,0.2679216970942462
nt19_nt20,nt11_np18,0.0
nt19_nt20,nt11_nt12,0.0
nt19_nt20,nt12_nt13,0.1435920206648901
nt19_nt20,nt12_nt17,1.4939132537323536
nt19_nt20,nt12_nt7,0.0
nt19_nt20,nt13_nt12,0.0
nt19_nt20,nt13_nt14,0.0
nt19_nt20,nt13_nt18,0.5525305587133934
nt19_nt20,nt13_nt8,0.0
nt19_nt20,nt14_nt13,0.0
nt19_nt20,nt14_nt9,0.0
nt19_nt20,nt15_np8,0.0
nt19_nt20,nt15_nt14,0.0
nt19_nt20,nt16_np17,0.0
nt19_nt20,nt16_nt17,0.0
nt19_nt20,nt17_nt12,1.123293389778068
nt19_nt20,nt17_nt18,0.0
nt19_nt20,nt18_nt13,0.0
nt19_nt20,nt18_nt17,0.0
nt19_nt20,nt19_nt14,0.0
nt19_nt20,nt19_nt18,0.0
nt19_nt20,nt1_np1,2.6721094749411147
nt19_nt20,nt1_np20,0.0
nt19_nt20,nt20_np9,0.0
nt19_nt20,nt21_np15,0.0
nt19_nt20,nt21_np16,0.0
nt19_nt20,nt22_np14,0.0
nt19_nt20,nt22_nt17,0.0
nt19_nt20,nt23_np13,0.0
nt19_nt20,nt23_nt18,0.0
nt19_nt20,nt24_np12,0.0
nt19_nt20,nt25_np10,0.0
nt19_nt20,nt25_np11,0.0
nt19_nt20,nt2_np2,0.0
nt19_nt20,nt2_nt7,0.0
nt19_nt20,nt3_np3,0.0
nt19_nt20,nt3_nt8,0.0
nt19_nt20,nt4_np4,0.0
nt19_nt20,nt4_nt9,0.0
nt19_nt20,nt5_np5,0.3414688296299216
nt19_nt20,nt5_np6,0.0
nt19_nt20,nt6_np19,0.0
nt19_nt20,nt6_nt7,0.0
nt19_nt20,nt7_nt12,0.0
nt19_nt20,nt7_nt8,0.0
nt19_nt20,nt8_nt13,0.0
nt19_nt20,nt8_nt7,0.0
nt19_nt20,nt8_nt9,0.0
nt19_nt20,nt9_nt14,0.0
nt19_nt20,nt9_nt8,0.0
nt19_nt24,nt10_np7,0.43263019138632597
nt19_nt24,nt10_nt9,0.20158506774834287
nt19_nt24,nt11_np18,0.0
nt19_nt24,nt11_nt12,0.0
nt19_nt24,nt12_nt13,0.0
nt19_nt24,nt12_nt17,0.0
nt19_nt24,nt12_nt7,0.0
nt19_nt24,nt13_nt12,0.5479982424226796
nt19_nt24,nt13_nt14,0.0
nt19_nt24,nt13_nt18,0.0
nt19_nt24,nt13_nt8,0.0
nt19_nt24,nt14_nt13,0.0
nt19_nt24,nt14_nt9,0.0
nt19_nt24,nt15_np8,0.0
nt19_nt24,nt15_nt14,0.428715918226164
nt19_nt24,nt16_np17,0.0
nt19_nt24,nt16_nt17,0.0
nt19_nt24,nt17_nt12,0.0
nt19_nt24,nt17_nt18,0.0
nt19_nt24,nt18_nt13,0.0
nt19_nt24,nt18_nt17,0.0
nt19_nt24,nt19_nt14,1.2343351389005581
nt19_nt24,nt19_nt18,0.0
nt19_nt24,nt1_np1,0.0
nt19_nt24,nt1_np20,0.0
nt19_nt24,nt20_np9,0.0
nt19_nt24,nt21_np15,0.0
nt19_nt24,nt21_np16,0.0
nt19_nt24,nt22_np14,0.0
nt19_nt24,nt22_nt17,0.0
nt19_nt24,nt23_np13,0.0
nt19_nt24,nt23_nt18,0.0
nt19_nt24,nt24_np12,0.0
nt19_nt24,nt25_np10,0.0
nt19_nt24,nt25_np11,0.0
nt19_nt24,nt2_np2,0.0
nt19_nt24,nt2_nt7,0.9788773116057752
nt19_nt24,nt3_np3,0.0
nt19_nt24,nt3_nt8,0.0
nt19_nt24,nt4_np4,0.0
nt19_nt24,nt4_nt9,0.0
nt19_nt24,nt5_np5,0.0
nt19_nt24,nt5_np6,0.0
nt19_nt24,nt6_np19,0.0
nt19_nt24,nt6_nt7,0.0
nt19_nt24,nt7_nt12,0.0
nt19_nt24,nt7_nt8,0.0
nt19_nt24,nt8_nt13,0.0
nt19_nt24,nt8_nt7,0.0
nt19_nt24,nt8_nt9,0.0
nt19_nt24,nt9_nt14,0.9818645200701094
nt19_nt24,nt9_nt8,1.5353221434793305
nt7_nt12,nt10_np7,0.0
nt7_nt12,nt10_nt9,0.0
nt7_nt12,nt11_np18,0.11124776349934097
nt7_nt12,nt11_nt12,0.0
nt7_nt12,nt12_nt13,0.0
nt7_nt12,nt12_nt17,0.0
nt7_nt12,nt13_nt12,1.978459068085039
nt7_nt12,nt13_nt14,0.0
nt7_nt12,nt13_nt18,0.0
nt7_nt12,nt13_nt8,0.0
nt7_nt12,nt14_nt13,0.0
nt7_nt12,nt14_nt19,0.052739680473761645
nt7_nt12,nt14_nt9,0.0
nt7_nt12,nt15_np8,1.3679354622881927
nt7_nt12,nt15_nt14,0.0
nt7_nt12,nt16_np17,0.0
nt7_nt12,nt16_nt17,0.0
nt7_nt12,nt17_nt12,0.0
nt7_nt12,nt17_nt18,0.0
nt7_nt12,nt18_nt13,0.0
nt7_nt12,nt18_nt17,0.0
nt7_nt12,nt18_nt19,0.0
nt7_nt12,nt19_nt14,1.8252873788965944
nt7_nt12,nt19_nt18,0.24495109407540078
nt7_nt12,nt1_np1,0.9391165368736033
nt7_nt12,nt1_np20,0.0
nt7_nt12,nt20_np9,0.0
nt7_nt12,nt20_nt19,1.5231672952451434
nt7_nt12,nt21_np15,0.0
nt7_nt12,nt21_np16,0.0
nt7_nt12,nt22_np14,0.8229244283298472
nt7_nt12,nt22_nt17,0.22651280734726925
nt7_nt12,nt23_np13,0.0
nt7_nt12,nt23_nt18,0.0
nt7_nt12,nt24_np12,0.0
nt7_nt12,nt24_nt19,0.9720788371697043
nt7_nt12,nt25_np10,1.2105404783743103
nt7_nt12,nt25_np11,2.4758807809908885
nt7_nt12,nt2_np2,0.0
nt7_nt12,nt3_np3,0.699830838161595
nt7_nt12,nt3_nt8,0.0
nt7_nt12,nt4_np4,0.0
nt7_nt12,nt4_nt9,0.4492143487228018
nt7_nt12,nt5_np5,0.0
nt7_nt12,nt5_np6,0.0
nt7_nt12,nt6_np19,0.0
nt7_nt12,nt7_nt12,0.0
nt7_nt12,nt7_nt8,0.0
nt7_nt12,nt8_nt13,0.0
nt7_nt12,nt8_nt9,0.0
nt7_nt12,nt9_nt14,0.6400866688749117
nt7_nt12,nt9_nt8,0.0
nt7_nt2,nt10_np7,0.6851008102167748
nt7_nt2,nt10_nt9,0.0
nt7_nt2,nt11_np18,0.0
nt7_nt2,nt11_nt12,0.0
nt7_nt2,nt12_nt13,0.0
nt7_nt2,nt12_nt17,0.0
nt7_nt2,nt13_nt12,2.4246862083435063
nt7_nt2,nt13_nt14,0.0
nt7_nt2,nt13_nt18,0.0
nt7_nt2,nt13_nt8,0.0
nt7_nt2,nt14_nt13,0.0
nt7_nt2,nt14_nt19,0.0
nt7_nt2,nt14_nt9,0.0
nt7_nt2,nt15_np8,0.0
nt7_nt2,nt15_nt14,2.3700923984780893
nt7_nt2,nt16_np17,0.0
nt7_nt2,nt16_nt17,1.3011868041885881
nt7_nt2,nt17_nt12,0.0
nt7_nt2,nt17_nt18,0.0
nt7_nt2,nt18_nt13,0.0
nt7_nt2,nt18_nt17,0.0
nt7_nt2,nt18_nt19,0.0
nt7_nt2,nt19_nt14,0.0
nt7_nt2,nt19_nt18,0.6579069124724914
nt7_nt2,nt1_np1,0.0
nt7_nt2,nt1_np20,0.0
nt7_nt2,nt20_np9,0.0
nt7_nt2,nt20_nt19,0.0
nt7_nt2,nt21_np15,0.0
nt7_nt2,nt21_np16,1.1309159217215412
nt7_nt2,nt22_np14,0.13617550309826737
nt7_nt2,nt22_nt17,0.0
nt7_nt2,nt23_np13,0.9973155983339067
nt7_nt2,nt23_nt18,0.0
nt7_nt2,nt24_np12,0.6068153470135348
nt7_nt2,nt24_nt19,0.0
nt7_nt2,nt25_np10,0.0
nt7_nt2,nt25_np11,0.0
nt7_nt2,nt2_np2,0.0
nt7_nt2,nt3_np3,0.0
nt7_nt2,nt3_nt8,0.0
nt7_nt2,nt4_np4,0.36536649734459486
nt7_nt2,nt4_nt9,0.08364183700135636
nt7_nt2,nt5_np5,0.0
nt7_nt2,nt5_np6,1.7578176704780124
nt7_nt2,nt6_np19,0.0
nt7_nt2,nt7_nt12,0.0
nt7_nt2,nt7_nt8,0.0
nt7_nt2,nt8_nt13,0.0
nt7_nt2,nt8_nt9,0.0
nt7_nt2,nt9_nt14,0.0
nt7_nt2,nt9_nt8,1.8838984691105989
nt7_nt6,nt10_np7,0.0
nt7_nt6,nt10_nt9,0.0
nt7_nt6,nt11_np18,0.0
nt7_nt6,nt11_nt12,0.0
nt7_nt6,nt12_nt13,0.0
nt7_nt6,nt12_nt17,0.0
nt7_nt6,nt13_nt12,0.0
nt7_nt6,nt13_nt14,0.0
nt7_nt6,nt13_nt18,1.1501782659570752
nt7_nt6,nt13_nt8,0.0
nt7_nt6,nt14_nt13,0.0
nt7_nt6,nt14_nt19,0.0
nt7_nt6,nt14_nt9,0.0
nt7_nt6,nt15_np8,0.0
nt7_nt6,nt15_nt14,0.0
nt7_nt6,nt16_np17,0.0
nt7_nt6,nt16_nt17,0.0
nt7_nt6,nt17_nt12,0.0
nt7_nt6,nt17_nt18,0.0
nt7_nt6,nt18_nt13,0.983718649461765
nt7_nt6,nt18_nt17,0.0
nt7_nt6,nt18_nt19,0.0
nt7_nt6,nt19_nt14,0.0
nt7_nt6,nt19_nt18,0.0
nt7_nt6,nt1_np1,0.0
nt7_nt6,nt1_np20,0.0
nt7_nt6,nt20_np9,0.0
nt7_nt6,nt20_nt19,0.0
nt7_nt6,nt21_np15,0.0
nt7_nt6,nt21_np16,2.955791271864434
nt7_nt6,nt22_np14,0.0
nt7_nt6,nt22_nt17,0.0
nt7_nt6,nt23_np13,0.0
nt7_nt6,nt23_nt18,0.0
nt7_nt6,nt24_np12,0.0
nt7_nt6,nt24_nt19,0.0
nt7_nt6,nt25_np10,0.0
nt7_nt6,nt25_np11,0.0
nt7_nt6,nt2_np2,0.0
nt7_nt6,nt3_np3,0.0
nt7_nt6,nt3_nt8,0.3470312178048886
nt7_nt6,nt4_np4,0.3169531187846964
nt7_nt6,nt4_nt9,0.0
nt7_nt6,nt5_np5,0.0
nt7_nt6,nt5_np6,0.0
nt7_nt6,nt6_np19,0.0
nt7_nt6,nt7_nt12,0.0
nt7_nt6,nt7_nt8,0.0
nt7_nt6,nt8_nt13,0.0
nt7_nt6,nt8_nt9,0.9743449953150612
nt7_nt6,nt9_nt14,0.0
nt7_nt6,nt9_nt8,0.0
nt7_nt8,nt10_np7,0.0
nt7_nt8,nt10_nt9,0.0
nt7_nt8,nt11_np18,2.4688762921779666
nt7_nt8,nt11_nt12,0.579827463646102
nt7_nt8,nt12_nt13,0.0
nt7_nt8,nt12_nt17,0.6430738773392459
nt7_nt8,nt13_nt12,0.0
nt7_nt8,nt13_nt14,0.0
nt7_nt8,nt13_nt18,0.0
nt7_nt8,nt13_nt8,0.5478952352342543
nt7_nt8,nt14_nt13,0.0
nt7_nt8,nt14_nt19,0.0
nt7_nt8,nt14_nt9,0.0
nt7_nt8,nt15_np8,0.0
nt7_nt8,nt15_nt14,0.0
nt7_nt8,nt16_np17,0.5951755347214741
nt7_nt8,nt16_nt17,0.0
nt7_nt8,nt17_nt12,0.0
nt7_nt8,nt17_nt18,0.0
nt7_nt8,nt18_nt13,0.8134477669947181
nt7_nt8,nt18_nt17,0.0
nt7_nt8,nt18_nt19,0.0
nt7_nt8,nt19_nt14,0.0
nt7_nt8,nt19_nt18,0.0
nt7_nt8,nt1_np1,0.0
nt7_nt8,nt1_np20,1.2392794839449734
nt7_nt8,nt20_np9,0.0
nt7_nt8,nt20_nt19,0.0
nt7_nt8,nt21_np15,0.0
nt7_nt8,nt21_np16,0.0
nt7_nt8,nt22_np14,0.0
nt7_nt8,nt22_nt17,2.070238472971995
nt7_nt8,nt23_np13,0.0
nt7_nt8,nt23_nt18,1.6014527584483833
nt7_nt8,nt24_np12,0.0
nt7_nt8,nt24_nt19,0.0
nt7_nt8,nt25_np10,0.0
nt7_nt8,nt25_np11,0.0
nt7_nt8,nt2_np2,2.3444436085601854
nt7_nt8,nt3_np3,0.0
nt7_nt8,nt3_nt8,0.0
nt7_nt8,nt4_np4,0.0
nt7_nt8,nt4_nt9,0.6043431744913272
nt7_nt8,nt5_np5,0.0
nt7_nt8,nt5_np6,0.0
nt7_nt8,nt6_np19,0.0
nt7_nt8,nt7_nt12,0.0
nt7_nt8,nt7_nt8,0.0
nt7_nt8,nt8_nt13,0.0
nt7_nt8,nt8_nt9,0.0
nt7_nt8,nt9_nt14,0.0
nt7_nt8,nt9_nt8,0.8380664850283686
nt8_nt13,nt10_np7,0.0
nt8_nt13,nt10_nt9,1.3802963248992306
nt8_nt13,nt11_np18,0.0
nt8_nt13,nt11_nt12,0.0
nt8_nt13,nt12_nt13,0.06242235618574132
nt8_nt13,nt12_nt17,0.0
nt8_nt13,nt12_nt7,0.7453600154455845
nt8_nt13,nt13_nt12,0.0
nt8_nt13,nt13_nt14,0.0
nt8_nt13,nt13_nt18,0.0
nt8_nt13,nt14_nt13,0.0
nt8_nt13,nt14_nt19,0.0
nt8_nt13,nt14_nt9,0.0
nt8_nt13,nt15_np8,0.0
nt8_nt13,nt15_nt14,0.0
nt8_nt13,nt16_np17,0.0
nt8_nt13,nt16_nt17,0.0
nt8_nt13,nt17_nt12,0.0
nt8_nt13,nt17_nt18,0.0
nt8_nt13,nt18_nt13,0.0
nt8_nt13,nt18_nt17,0.0
nt8_nt13,nt18_nt19,0.0
nt8_nt13,nt19_nt14,0.0
nt8_nt13,nt19_nt18,0.6276227990754486
nt8_nt13,nt1_np1,0.0
nt8_nt13,nt1_np20,0.0
nt8_nt13,nt20_np9,0.0
nt8_nt13,nt20_nt19,0.0
nt8_nt13,nt21_np15,0.0
nt8_nt13,nt21_np16,0.0
nt8_nt13,nt22_np14,0.0
nt8_nt13,nt22_nt17,0.0
nt8_nt13,nt23_np13,0.6990067806541924
nt8_nt13,nt23_nt18,2.1130894633569266
nt8_nt13,nt24_np12,0.06582159340377673
nt8_nt13,nt24_nt19,0.0
nt8_nt13,nt25_np10,0.0
nt8_nt13,nt25_np11,1.357943765010937
nt8_nt13,nt2_np2,0.0
nt8_nt13,nt2_nt7,0.0
nt8_nt13,nt3_np3,0.0
nt8_nt13,nt4_np4,0.0
nt8_nt13,nt4_nt9,0.0
nt8_nt13,nt5_np5,0.0
nt8_nt13,nt5_np6,0.0
nt8_nt13,nt6_np19,0.0
nt8_nt13,nt6_nt7,0.0
nt8_nt13,nt7_nt12,0.0
nt8_nt13,nt8_nt13,0.0
nt8_nt13,nt8_nt7,0.0
nt8_nt13,nt8_nt9,0.0
nt8_nt13,nt9_nt14,0.0
nt8_nt3,nt10_np7,1.4790802185991083
nt8_nt3,nt10_nt9,0.0
nt8_nt3,nt11_np18,0.0
nt8_nt3,nt11_nt12,0.0
nt8_nt3,nt12_nt13,0.0
nt8_nt3,nt12_nt17,0.0
nt8_nt3,nt12_nt7,0.0
nt8_nt3,nt13_nt12,0.0
nt8_nt3,nt13_nt14,0.0
nt8_nt3,nt13_nt18,0.0
nt8_nt3,nt14_nt13,0.0
nt8_nt3,nt14_nt19,0.0
nt8_nt3,nt14_nt9,0.0
nt8_nt3,nt15_np8,0.0
nt8_nt3,nt15_nt14,0.0
nt8_nt3,nt16_np17,0.48083755556937374
nt8_nt3,nt16_nt17,0.0
nt8_nt3,nt17_nt12,1.0891980104092882
nt8_nt3,nt17_nt18,0.0
nt8_nt3,nt18_nt13,0.0
nt8_nt3,nt18_nt17,0.0
nt8_nt3,nt18_nt19,0.0
nt8_nt3,nt19_nt14,0.0
nt8_nt3,nt19_nt18,0.0
nt8_nt3,nt1_np1,0.0
nt8_nt3,nt1_np20,2.5458226619316777
nt8_nt3,nt20_np9,0.0
nt8_nt3,nt20_nt19,0.0
nt8_nt3,nt21_np15,0.0
nt8_nt3,nt21_np16,0.0
nt8_nt3,nt22_np14,0.0
nt8_nt3,nt22_nt17,0.0
nt8_nt3,nt23_np13,0.0
nt8_nt3,nt23_nt18,0.09332451271333603
nt8_nt3,nt24_np12,0.0
nt8_nt3,nt24_nt19,0.0
nt8_nt3,nt25_np10,0.0
nt8_nt3,nt25_np11,0.0
nt8_nt3,nt2_np2,0.0
nt8_nt3,nt2_nt7,0.0
nt8_nt3,nt3_np3,0.0
nt8_nt3,nt4_np4,0.0
nt8_nt3,nt4_nt9,0.0
nt8_nt3,nt5_np5,0.0
nt8_nt3,nt5_np6,0.0
nt8_nt3,nt6_np19,1.126898641372954
nt8_nt3,nt6_nt7,0.0
nt8_nt3,nt7_nt12,0.0
nt8_nt3,nt8_nt13,0.0
nt8_nt3,nt8_nt7,0.0
nt8_nt3,nt8_nt9,0.9626021758345753
nt8_nt3,nt9_nt14,0.9707397437201752
nt8_nt7,nt10_np7,0.0
nt8_nt7,nt10_nt9,0.0
nt8_nt7,nt11_np18,0.0
nt8_nt7,nt11_nt12,0.0
nt8_nt7,nt12_nt13,0.0
nt8_nt7,nt12_nt17,0.0
nt8_nt7,nt12_nt7,0.0
nt8_nt7,nt13_nt12,1.6026888447094871
nt8_nt7,nt13_nt14,0.0
nt8_nt7,nt13_nt18,0.0
nt8_nt7,nt14_nt13,0.0
nt8_nt7,nt14_nt19,0.0
nt8_nt7,nt14_nt9,0.0
nt8_nt7,nt15_np8,0.0
nt8_nt7,nt15_nt14,0.11619210854375611
nt8_nt7,nt16_np17,0.0
nt8_nt7,nt16_nt17,1.9098562805937787
nt8_nt7,nt17_nt12,0.0
nt8_nt7,nt17_nt18,0.0
nt8_nt7,nt18_nt13,0.0
nt8_nt7,nt18_nt17,0.0
nt8_nt7,nt18_nt19,0.0
nt8_nt7,nt19_nt14,0.0
nt8_nt7,nt19_nt18,0.0
nt8_nt7,nt1_np1,0.0
nt8_nt7,nt1_np20,0.0
nt8_nt7,nt20_np9,0.0
nt8_nt7,nt20_nt19,0.0
nt8_nt7,nt21_np15,0.0
nt8_nt7,nt21_np16,0.0
nt8_nt7,nt22_np14,0.0
nt8_nt7,nt22_nt17,0.0
nt8_nt7,nt23_np13,0.0
nt8_nt7,nt23_nt18,0.0
nt8_nt7,nt24_np12,0.0
nt8_nt7,nt24_nt19,0.0
nt8_nt7,nt25_np10,0.0
nt8_nt7,nt25_np11,0.0
nt8_nt7,nt2_np2,0.0
nt8_nt7,nt2_nt7,0.0
nt8_nt7,nt3_np3,0.0
nt8_nt7,nt4_np4,0.0
nt8_nt7,nt4_nt9,0.0
nt8_nt7,nt5_np5,0.0
nt8_nt7,nt5_np6,0.0
nt8_nt7,nt6_np19,0.0
nt8_nt7,nt6_nt7,0.8586679227134317
nt8_nt7,nt7_nt12,0.0
nt8_nt7,nt8_nt13,0.0
nt8_nt7,nt8_nt7,0.0
nt8_nt7,nt8_nt9,0.0
nt8_nt7,nt9_nt14,0.0
nt8_nt9,nt10_np7,0.0
nt8_nt9,nt10_nt9,0.0
nt8_nt9,nt11_np18,0.0
nt8_nt9,nt11_nt12,0.0
nt8_nt9,nt12_nt13,0.8240575074025257
nt8_nt9,nt12_nt17,0.0
nt8_nt9,nt12_nt7,0.0
nt8_nt9,nt13_nt12,0.0
nt8_nt9,nt13_nt14,0.0
nt8_nt9,nt13_nt18,0.0
nt8_nt9,nt14_nt13,1.1050611174267868
nt8_nt9,nt14_nt19,2.874415593008435
nt8_nt9,nt14_nt9,0.6041371601144767
nt8_nt9,nt15_np8,0.09559067085869297
nt8_nt9,nt15_nt14,0.0
nt8_nt9,nt16_np17,1.7947972511227008
nt8_nt9,nt16_nt17,0.0
nt8_nt9,nt17_nt12,1.0849747156838503
nt8_nt9,nt17_nt18,0.0
nt8_nt9,nt18_nt13,0.0
nt8_nt9,nt18_nt17,0.0
nt8_nt9,nt18_nt19,0.0
nt8_nt9,nt19_nt14,0.0
nt8_nt9,nt19_nt18,0.0
nt8_nt9,nt1_np1,0.0
nt8_nt9,nt1_np20,0.0
nt8_nt9,nt20_np9,0.0
nt8_nt9,nt20_nt19,0.0
nt8_nt9,nt21_np15,0.0
nt8_nt9,nt21_np16,0.0
nt8_nt9,nt22_np14,0.0
nt8_nt9,nt22_nt17,1.2280517004066138
nt8_nt9,nt23_np13,2.5813601419384113
nt8_nt9,nt23_nt18,1.0631371917376835
nt8_nt9,nt24_np12,0.0
nt8_nt9,nt24_nt19,0.0
nt8_nt9,nt25_np10,0.0
nt8_nt9,nt25_np11,0.0
nt8_nt9,nt2_np2,0.0
nt8_nt9,nt2_nt7,0.0
nt8_nt9,nt3_np3,1.2669884176313833
nt8_nt9,nt4_np4,0.0
nt8_nt9,nt4_nt9,0.0
nt8_nt9,nt5_np5,0.0
nt8_nt9,nt5_np6,0.0
nt8_nt9,nt6_np19,0.886170842022991
nt8_nt9,nt6_nt7,0.0
nt8_nt9,nt7_nt12,0.0
nt8_nt9,nt8_nt13,0.0
nt8_nt9,nt8_nt7,0.0
nt8_nt9,nt8_nt9,0.0
nt8_nt9,nt9_nt14,0.0
nt9_nt10,nt10_np7,0.0
nt9_nt10,nt11_np18,0.0
nt9_nt10,nt11_nt12,0.0
nt9_nt10,nt12_nt13,0.0
nt9_nt10,nt12_nt17,0.0
nt9_nt10,nt12_nt7,0.0
nt9_nt10,nt13_nt12,0.0
nt9_nt10,nt13_nt14,0.9998907780445396
nt9_nt10,nt13_nt18,0.0
nt9_nt10,nt13_nt8,0.0
nt9_nt10,nt14_nt13,0.0
nt9_nt10,nt14_nt19,0.0
nt9_nt10,nt15_np8,1.622569232075573
nt9_nt10,nt15_nt14,0.0
nt9_nt10,nt16_np17,0.0
nt9_nt10,nt16_nt17,0.0
nt9_nt10,nt17_nt12,0.0
nt9_nt10,nt17_nt18,0.0
nt9_nt10,nt18_nt13,0.0
nt9_nt10,nt18_nt17,0.0
nt9_nt10,nt18_nt19,0.0
nt9_nt10,nt19_nt14,0.0
nt9_nt10,nt19_nt18,0.0
nt9_nt10,nt1_np1,0.0
nt9_nt10,nt1_np20,0.7390765769516402
nt9_nt10,nt20_np9,0.0
nt9_nt10,nt20_nt19,0.7125007223379087
nt9_nt10,nt21_np15,0.0
nt9_nt10,nt21_np16,0.0
nt9_nt10,nt22_np14,0.0
nt9_nt10,nt22_nt17,0.0
nt9_nt10,nt23_np13,0.8967805824307986
nt9_nt10,nt23_nt18,0.0
nt9_nt10,nt24_np12,0.0
nt9_nt10,nt24_nt19,0.0
nt9_nt10,nt25_np10,0.0
nt9_nt10,nt25_np11,0.0
nt9_nt10,nt2_np2,1.2236223913043254
nt9_nt10,nt2_nt7,0.0
nt9_nt10,nt3_np3,0.0
nt9_nt10,nt3_nt8,0.0
nt9_nt10,nt4_np4,0.0
nt9_nt10,nt5_np5,0.9466360616286514
nt9_nt10,nt5_np6,0.0
nt9_nt10,nt6_np19,0.0
nt9_nt10,nt6_nt7,0.0
nt9_nt10,nt7_nt12,2.3538172627068894
nt9_nt10,nt7_nt8,0.0
nt9_nt10,nt8_nt13,0.0
nt9_nt10,nt8_nt7,0.0
nt9_nt10,nt9_nt14,0.0
nt9_nt10,nt9_nt8,0.0
nt9_nt14,nt10_np7,0.0
nt9_nt14,nt11_np18,0.0
nt9_nt14,nt11_nt12,0.0
nt9_nt14,nt12_nt13,0.0
nt9_nt14,nt12_nt17,0.0
nt9_nt14,nt12_nt7,0.0
nt9_nt14,nt13_nt12,0.0
nt9_nt14,nt13_nt14,0.0
nt9_nt14,nt13_nt18,0.0
nt9_nt14,nt13_nt8,0.0
nt9_nt14,nt14_nt13,0.0
nt9_nt14,nt14_nt19,0.0
nt9_nt14,nt15_np8,0.0
nt9_nt14,nt15_nt14,0.5317231066514797
nt9_nt14,nt16_np17,0.0
nt9_nt14,nt16_nt17,0.8390965569126217
nt9_nt14,nt17_nt12,0.0
nt9_nt14,nt17_nt18,0.0
nt9_nt14,nt18_nt13,0.0
nt9_nt14,nt18_nt17,0.0
nt9_nt14,nt18_nt19,0.0
nt9_nt14,nt19_nt14,0.0
nt9_nt14,nt19_nt18,0.6076394045209373
nt9_nt14,nt1_np1,0.0
nt9_nt14,nt1_np20,0.0
nt9_nt14,nt20_np9,0.7836786895398019
nt9_nt14,nt20_nt19,0.0
nt9_nt14,nt21_np15,1.7051809971926764
nt9_nt14,nt21_np16,0.0
nt9_nt14,nt22_np14,0.0
nt9_nt14,nt22_nt17,0.0
nt9_nt14,nt23_np13,0.0
nt9_nt14,nt23_nt18,0.0
nt9_nt14,nt24_np12,0.0
nt9_nt14,nt24_nt19,0.0
nt9_nt14,nt25_np10,0.0
nt9_nt14,nt25_np11,0.0
nt9_nt14,nt2_np2,0.0
nt9_nt14,nt2_nt7,0.0
nt9_nt14,nt3_np3,0.0
nt9_nt14,nt3_nt8,0.0
nt9_nt14,nt4_np4,0.44282790304043224
nt9_nt14,nt5_np5,0.0
nt9_nt14,nt5_np6,0.0
nt9_nt14,nt6_np19,0.0
nt9_nt14,nt6_nt7,0.0
nt9_nt14,nt7_nt12,0.5955875634751755
nt9_nt14,nt7_nt8,0.5324441569704569
nt9_nt14,nt8_nt13,0.0
nt9_nt14,nt8_nt7,0.0
nt9_nt14,nt9_nt14,0.0
nt9_nt14,nt9_nt8,0.0
nt9_nt4,nt10_np7,0.0
nt9_nt4,nt11_np18,0.0
nt9_nt4,nt11_nt12,0.0
nt9_nt4,nt12_nt13,0.0
nt9_nt4,nt12_nt17,0.0
nt9_nt4,nt12_nt7,0.0
nt9_nt4,nt13_nt12,0.0
nt9_nt4,nt13_nt14,0.0
nt9_nt4,nt13_nt18,0.0
nt9_nt4,nt13_nt8,0.0
nt9_nt4,nt14_nt13,0.0
nt9_nt4,nt14_nt19,0.0
nt9_nt4,nt15_np8,0.0
nt9_nt4,nt15_nt14,0.0
nt9_nt4,nt16_np17,0.0
nt9_nt4,nt16_nt17,0.8565047717565002
nt9_nt4,nt17_nt12,1.164084236394493
nt9_nt4,nt17_nt18,2.044486675865666
nt9_nt4,nt18_nt13,0.0
nt9_nt4,nt18_nt17,0.0
nt9_nt4,nt18_nt19,0.0
nt9_nt4,nt19_nt14,0.27791339437150175
nt9_nt4,nt19_nt18,0.3718559502153897
nt9_nt4,nt1_np1,0.0
nt9_nt4,nt1_np20,0.0
nt9_nt4,nt20_np9,1.5394424310163433
nt9_nt4,nt20_nt19,0.0
nt9_nt4,nt21_np15,0.0
nt9_nt4,nt21_np16,0.0
nt9_nt4,nt22_np14,0.0
nt9_nt4,nt22_nt17,0.0
nt9_nt4,nt23_np13,0.0
nt9_nt4,nt23_nt18,0.0
nt9_nt4,nt24_np12,0.0
nt9_nt4,nt24_nt19,0.0
nt9_nt4,nt25_np10,0.0
nt9_nt4,nt25_np11,0.13195220837282942
nt9_nt4,nt2_np2,0.0
nt9_nt4,nt2_nt7,0.0
nt9_nt4,nt3_np3,0.0
nt9_nt4,nt3_nt8,1.745868836620676
nt9_nt4,nt4_np4,0.0
nt9_nt4,nt5_np5,0.0
nt9_nt4,nt5_np6,0.0
nt9_nt4,nt6_np19,0.0
nt9_nt4,nt6_nt7,0.0
nt9_nt4,nt7_nt12,0.0
nt9_nt4,nt7_nt8,0.0
nt9_nt4,nt8_nt13,0.0
nt9_nt4,nt8_nt7,0.5428478830014138
nt9_nt4,nt9_nt14,0.0
nt9_nt4,nt9_nt8,0.0
nt9_nt8,nt10_np7,1.3351791763689422
nt9_nt8,nt11_np18,0.0
nt9_nt8,nt11_nt12,0.0
nt9_nt8,nt12_nt13,0.0
nt9_nt8,nt12_nt17,0.0
nt9_nt8,nt12_nt7,0.0
nt9_nt8,nt13_nt12,0.0
nt9_nt8,nt13_nt14,0.0
nt9_nt8,nt13_nt18,0.0
nt9_nt8,nt13_nt8,0.0
nt9_nt8,nt14_nt13,0.0
nt9_nt8,nt14_nt19,0.0
nt9_nt8,nt15_np8,0.0
nt9_nt8,nt15_nt14,0.5220404309395
nt9_nt8,nt16_np17,0.0
nt9_nt8,nt16_nt17,0.11557406541320422
nt9_nt8,nt17_nt12,0.0
nt9_nt8,nt17_nt18,0.0
nt9_nt8,nt18_nt13,0.0
nt9_nt8,nt18_nt17,0.0
nt9_nt8,nt18_nt19,0.0
nt9_nt8,nt19_nt14,0.31530500376989135
nt9_nt8,nt19_nt18,0.0
nt9_nt8,nt1_np1,1.3085003145667855
nt9_nt8,nt1_np20,0.6689286816340002
nt9_nt8,nt20_np9,0.0
nt9_nt8,nt20_nt19,0.0
nt9_nt8,nt21_np15,0.0
nt9_nt8,nt21_np16,0.0
nt9_nt8,nt22_np14,0.0
nt9_nt8,nt22_nt17,0.0
nt9_nt8,nt23_np13,1.9229381935237937
nt9_nt8,nt23_nt18,0.0
nt9_nt8,nt24_np12,0.0
nt9_nt8,nt24_nt19,0.0
nt9_nt8,nt25_np10,0.0
nt9_nt8,nt25_np11,0.0
nt9_nt8,nt2_np2,0.0
nt9_nt8,nt2_nt7,1.8740097790217687
nt9_nt8,nt3_np3,0.0
nt9_nt8,nt3_nt8,2.0051379298871956
nt9_nt8,nt4_np4,0.0
nt9_nt8,nt5_np5,0.0
nt9_nt8,nt5_np6,0.0
nt9_nt8,nt6_np19,0.0
nt9_nt8,nt6_nt7,0.0
nt9_nt8,nt7_nt12,0.0
nt9_nt8,nt7_nt8,0.0
nt9_nt8,nt8_nt13,0.0
nt9_nt8,nt8_nt7,0.0
nt9_nt8,nt9_nt14,0.0
nt9_nt8,nt9_nt8,0.0
