network,controller,split,method,mean_queue,worst_queue,worst3_queue,worst_scenario,wins,improves_baseline
grid,ia2c,seen,baseline,100.0901009909091,189.231944,151.78012933333335,seen_W_to_E,3,0
grid,ia2c,seen,random_group,89.1744999909091,136.727694,119.34862033333333,seen_SE_to_NW,5,6
grid,ia2c,seen,domain_randomization,107.48591919090909,156.611306,148.94853700000002,seen_E_to_W,3,4
grid,ia2c,seen,fixed_wce,115.22188894545455,172.920722,161.11512033333335,seen_E_to_W,0,3
grid,ia2c,seen,online_wce,117.12348482727273,187.99525,170.86652766666666,seen_NW_to_SE,0,1
grid,ia2c,test,baseline,80.15288891666667,134.486917,114.7954908,switch_1200,2,0
grid,ia2c,test,random_group,79.57759025,122.543306,111.196824,switch_300,2,5
grid,ia2c,test,domain_randomization,75.95056945,119.566083,106.079463,switch_300,8,9
grid,ia2c,test,fixed_wce,81.74520603333333,128.328806,119.21967599999999,switch_300,0,6
grid,ia2c,test,online_wce,90.93617595,151.014472,133.83095366666666,switch_300,0,1
grid,ma2c,seen,baseline,92.35398237272727,147.61625,135.64539833333333,seen_W_to_E,3,0
grid,ma2c,seen,random_group,90.23751269090909,132.462472,126.75430566666667,seen_E_to_W,6,8
grid,ma2c,seen,domain_randomization,100.66101003636363,136.583472,134.674759,seen_E_to_W,2,3
grid,ma2c,seen,fixed_wce,103.65321711818181,145.700583,144.463046,seen_W_to_E,0,3
grid,ma2c,seen,online_wce,103.74482071818181,146.407778,141.77959266666667,seen_E_to_W,0,3
grid,ma2c,test,baseline,69.51258565,102.643472,92.63792586666666,switch_300,0,0
grid,ma2c,test,random_group,67.06684955,100.993778,88.0025649,switch_300,4,12
grid,ma2c,test,domain_randomization,67.75851160833334,101.635667,91.80411123333333,switch_300,8,10
grid,ma2c,test,fixed_wce,69.66814585833333,104.624167,96.51786123333333,switch_300,0,8
grid,ma2c,test,online_wce,69.57949071666667,104.884083,97.2099073,switch_300,0,7
grid,iqll,seen,baseline,242.75324238181818,433.799389,401.64337966666665,seen_Center_to_Periphery,1,0
grid,iqll,seen,random_group,164.91823245454546,347.844417,305.979963,seen_E_to_W,3,7
grid,iqll,seen,domain_randomization,190.12659097272726,397.13,332.5804353333333,seen_W_to_E,1,6
grid,iqll,seen,fixed_wce,174.1400354090909,366.332056,299.8437686666667,seen_E_to_W,5,8
grid,iqll,seen,online_wce,244.2051061,427.743972,396.20475,seen_E_to_W,1,6
grid,iqll,test,baseline,117.48363426666667,471.407028,252.45407400000002,switch_1200,3,0
grid,iqll,test,random_group,106.25213193333333,234.354861,173.846898,switch_1200,2,4
grid,iqll,test,domain_randomization,112.12780098333333,446.847389,254.35548166666666,switch_1200,0,9
grid,iqll,test,fixed_wce,106.09716429166666,289.133694,252.57599033333332,switch_1200,7,9
grid,iqll,test,online_wce,148.72070135833334,420.166417,251.9439536666667,switch_1200,0,2
grid,ppo,seen,baseline,92.80995706363636,195.121556,164.35091666666668,seen_W_to_E,0,0
grid,ppo,seen,random_group,60.89164141818182,91.5328611,84.0842037,seen_NE_to_SW,1,10
grid,ppo,seen,domain_randomization,44.521921727272726,73.2041667,68.85065743333334,seen_SW_to_NE,4,10
grid,ppo,seen,fixed_wce,58.33386362727273,111.90275,96.51742593333333,seen_NW_to_SE,0,9
grid,ppo,seen,online_wce,41.86077525454545,82.1330278,71.072,seen_SE_to_NW,6,11
grid,ppo,test,baseline,62.98461115833333,138.287917,97.10980566666666,switch_1200,0,0
grid,ppo,test,random_group,50.91233796666667,84.5444444,66.84808333333334,switch_300,0,11
grid,ppo,test,domain_randomization,26.22968519166667,36.2639167,34.32375926666667,switch_1200,0,12
grid,ppo,test,fixed_wce,32.220990758333336,55.4705556,44.4480741,switch_300,0,12
grid,ppo,test,online_wce,23.457736108333332,32.9862222,29.6492037,switch_300,12,12
monaco,ia2c,seen,baseline,52.744399009090905,125.184278,89.20389823333333,seen_Uniform,5,0
monaco,ia2c,seen,random_group,69.94760350909091,222.080861,147.23098133333332,seen_Uniform,2,2
monaco,ia2c,seen,domain_randomization,57.01553281818182,133.825,101.49574073333334,seen_Uniform,4,4
monaco,ia2c,seen,fixed_wce,62.01520707272727,177.033111,118.35262033333333,seen_Uniform,0,3
monaco,ia2c,seen,online_wce,56.15988888181818,131.5435,99.33766666666666,seen_Uniform,0,3
monaco,ia2c,test,baseline,103.29943985833333,205.102778,178.97773166666667,peak_1.5,4,0
monaco,ia2c,test,random_group,166.82872446666667,252.734694,242.03174033333335,peak_1.5,0,0
monaco,ia2c,test,domain_randomization,96.81512721666667,209.674722,181.43970333333334,peak_1.5,7,8
monaco,ia2c,test,fixed_wce,115.83340511666667,222.841722,205.083148,peak_1.5,1,4
monaco,ia2c,test,online_wce,107.5925834,213.413889,187.87275933333333,peak_1.5,0,4
monaco,ma2c,seen,baseline,22.144247472727272,37.03275,35.8475926,seen_S_to_N,3,0
monaco,ma2c,seen,random_group,22.276184342727273,36.0628889,33.88578703333333,seen_S_to_N,5,5
monaco,ma2c,seen,domain_randomization,23.911404044545456,41.3570556,36.7115926,seen_S_to_N,1,5
monaco,ma2c,seen,fixed_wce,28.736484840909092,56.9993889,46.39909256666667,seen_SE_to_NW,1,3
monaco,ma2c,seen,online_wce,24.858512624545455,41.7628611,40.65821296666667,seen_SW_to_NE,1,3
monaco,ma2c,test,baseline,21.926287033333335,55.5858056,36.10780556666667,peak_1.5,0,0
monaco,ma2c,test,random_group,20.750456016666668,46.29775,32.53794443333334,peak_1.5,7,8
monaco,ma2c,test,domain_randomization,24.231363408333333,85.3062222,46.69535183333333,peak_1.5,3,7
monaco,ma2c,test,fixed_wce,31.692939808333332,122.511,67.76599999999999,peak_1.5,0,4
monaco,ma2c,test,online_wce,29.902606516666665,110.164306,65.43422236666666,peak_1.5,2,5
monaco,iqll,seen,baseline,155.0736717909091,334.162167,258.720713,seen_Uniform,0,0
monaco,iqll,seen,random_group,94.88833585454546,229.22375,161.81120366666667,seen_Uniform,6,10
monaco,iqll,seen,domain_randomization,128.3455303,312.138028,224.05408333333335,seen_Uniform,4,9
monaco,iqll,seen,fixed_wce,143.21136875454545,319.608111,234.78837033333335,seen_Uniform,0,7
monaco,iqll,seen,online_wce,133.8591236909091,307.411472,228.89969433333334,seen_Uniform,1,10
monaco,iqll,test,baseline,285.79621983333334,341.155083,339.66984233333335,peak_1.5,0,0
monaco,iqll,test,random_group,184.48813658333333,242.893611,236.74476866666666,peak_1.5,12,12
monaco,iqll,test,domain_randomization,266.26718058333336,323.103556,319.32512966666667,peak_1.5,0,11
monaco,iqll,test,fixed_wce,277.60436575,323.158472,321.040574,peak_1.5,0,8
monaco,iqll,test,online_wce,275.877949,318.045083,314.8345923333333,peak_1.5,0,8
monaco,ppo,seen,baseline,52.67334600363636,160.396417,107.75744463333334,seen_Uniform,0,0
monaco,ppo,seen,random_group,68.94587114545455,228.680583,156.82913866666667,seen_Uniform,0,3
monaco,ppo,seen,domain_randomization,24.608666665454546,91.9206667,50.6289815,seen_Center_to_Periphery,3,11
monaco,ppo,seen,fixed_wce,31.680270153636364,106.173194,74.14227763333334,seen_Center_to_Periphery,3,9
monaco,ppo,seen,online_wce,20.717196965454544,63.6116944,47.27548146666667,seen_SW_to_NE,5,10
monaco,ppo,test,baseline,117.3413611,214.775861,190.400648,peak_1.5,0,0
monaco,ppo,test,random_group,178.34591891666668,261.129472,250.210611,peak_1.5,0,0
monaco,ppo,test,domain_randomization,19.831111125,63.1315833,46.59272223333333,peak_1.5,0,12
monaco,ppo,test,fixed_wce,28.293319433333334,127.437111,83.31829626666666,switch_900,0,11
monaco,ppo,test,online_wce,13.181881949166668,45.2461667,28.564435200000002,peak_1.5,12,12
