network,controller,split,comparator,online_minus_comparator,ci_low,ci_high,bootstrap_seed,bootstrap_samples,n_paired_indices
grid,ia2c,seen,baseline,17.033383835454547,16.110333868795454,17.99399788936364,2939129181,10000,10
grid,ia2c,seen,random_group,27.948984857272727,26.450111300386364,29.527699572045464,3132330678,10000,10
grid,ia2c,seen,domain_randomization,9.63756562090909,8.293674648795454,11.071090877272727,3987896655,10000,10
grid,ia2c,seen,fixed_wce,1.9015959390909103,0.4105701383409116,3.601105455886366,1145502970,10000,10
grid,ia2c,test,baseline,10.783287046666668,9.323638568104167,12.324556266437499,2679974348,10000,10
grid,ia2c,test,random_group,11.358585669999998,9.616893533333332,13.585856789145835,712206842,10000,10
grid,ia2c,test,domain_randomization,14.985606499166668,13.109970802770835,16.799214506145834,1840510531,10000,10
grid,ia2c,test,fixed_wce,9.190969909166665,7.564768526666666,10.870288134416665,1238307300,10000,10
grid,ma2c,seen,baseline,11.390838347272728,10.47499146509091,12.288763986613635,2104717847,10000,10
grid,ma2c,seen,random_group,13.507308061818183,12.016343797818182,14.753917526772726,691228064,10000,10
grid,ma2c,seen,domain_randomization,3.083810560909091,2.267960281249999,3.766423072090909,135250564,10000,10
grid,ma2c,seen,fixed_wce,0.09160352181818157,-0.7316634381818181,0.7986492032727258,3123769883,10000,10
grid,ma2c,test,baseline,0.06690508083333283,-0.48463097743750116,0.7070238286874996,2081095973,10000,10
grid,ma2c,test,random_group,2.5126411933333332,2.1765821695416663,2.8794175126041663,3038985482,10000,10
grid,ma2c,test,domain_randomization,1.8209791666666668,1.4461058442083323,2.1789169041458325,1743944856,10000,10
grid,ma2c,test,fixed_wce,-0.08865511416666648,-0.3804051166666663,0.24007912804166714,2569998942,10000,10
grid,iqll,seen,baseline,1.4518635990909101,-10.103301739272723,11.841339483818183,222812259,10000,10
grid,iqll,seen,random_group,79.28687371272727,74.41737380195455,84.3020134825,3929614844,10000,10
grid,iqll,seen,domain_randomization,54.07851512818182,48.09570604711364,59.888409597681814,410958122,10000,10
grid,iqll,seen,fixed_wce,70.06507069363636,63.24630917384089,76.92238114561363,3564847320,10000,10
grid,iqll,test,baseline,31.237067105,26.041321469958334,36.16366898166667,2337980377,10000,10
grid,iqll,test,random_group,42.46856942083333,33.148276890750004,52.098361903749996,877633575,10000,10
grid,iqll,test,domain_randomization,36.59290044416666,32.01064594447916,41.03107679433334,601350897,10000,10
grid,iqll,test,fixed_wce,42.62353702,34.3693901125,50.20337298037501,721732281,10000,10
grid,ppo,seen,baseline,-50.94918183181818,-53.11406567818182,-48.83715685125,2348763581,10000,10
grid,ppo,seen,random_group,-19.030866154545453,-20.933694442727273,-16.63424833715909,433982393,10000,10
grid,ppo,seen,domain_randomization,-2.6611464609090913,-4.16818750159091,-1.0270398881363652,3475557570,10000,10
grid,ppo,seen,fixed_wce,-16.473088385454545,-18.037232327272726,-14.580616285977273,3675924783,10000,10
grid,ppo,test,baseline,-39.526875010833336,-42.29460888602084,-37.201191732875,493610038,10000,10
grid,ppo,test,random_group,-27.45460185,-27.980113417499997,-26.949666264250002,4208521861,10000,10
grid,ppo,test,domain_randomization,-2.7719490775,-2.9417461221458328,-2.5816579983125,3587926253,10000,10
grid,ppo,test,fixed_wce,-8.763254635833334,-9.171659784270831,-8.428320611125,4050847440,10000,10
monaco,ia2c,seen,baseline,3.4154898836363636,1.457144927454547,5.363892331499999,37325234,10000,10
monaco,ia2c,seen,random_group,-13.787714671818183,-17.333982332727274,-10.611616010386367,3060857683,10000,10
monaco,ia2c,seen,domain_randomization,-0.8556439709090904,-4.680012230454545,1.9979497922727272,1438906433,10000,10
monaco,ia2c,seen,fixed_wce,-5.8553181854545455,-9.130305489681819,-2.6800128762272726,117136932,10000,10
monaco,ia2c,test,baseline,4.293143563333333,0.41126518079166646,8.774562563729164,1089163361,10000,10
monaco,ia2c,test,random_group,-59.23614119083332,-64.399575195625,-53.958596254395836,371384435,10000,10
monaco,ia2c,test,domain_randomization,10.777456043333334,6.596194486666667,15.818465088916666,1721516666,10000,10
monaco,ia2c,test,fixed_wce,-8.240821731666667,-15.060687299875,-1.1529993611458371,3087105168,10000,10
monaco,ma2c,seen,baseline,2.714265148727273,2.2266719078068187,3.181588318890908,4219533619,10000,10
monaco,ma2c,seen,random_group,2.582328280909091,2.050261489409091,3.1861697505477267,2339229852,10000,10
monaco,ma2c,seen,domain_randomization,0.9471085889090908,0.5436641384454545,1.386437876572727,2725611876,10000,10
monaco,ma2c,seen,fixed_wce,-3.877972222727273,-8.406416104711365,-1.0858059260181823,2828248928,10000,10
monaco,ma2c,test,baseline,7.976319439166668,5.573473204770834,10.390560179541666,3058543894,10000,10
monaco,ma2c,test,random_group,9.152150461666668,6.0777189164375,11.837662033333334,2411818226,10000,10
monaco,ma2c,test,domain_randomization,5.671243062499999,2.2455838065000004,8.84382737945833,2868616873,10000,10
monaco,ma2c,test,fixed_wce,-1.7903333175,-4.801707330270833,1.6357103674999969,468665431,10000,10
monaco,iqll,seen,baseline,-21.214547970909088,-22.804369252613636,-19.68573002231818,2755912059,10000,10
monaco,iqll,seen,random_group,38.97078787272727,35.15345574513637,42.767794933068174,772683798,10000,10
monaco,iqll,seen,domain_randomization,5.513593430909092,3.5291901019999994,7.475347591977274,748881997,10000,10
monaco,iqll,seen,fixed_wce,-9.352244947272728,-11.738226895250003,-6.916587699045458,3177408959,10000,10
monaco,iqll,test,baseline,-9.918270816666666,-12.598251872708333,-7.175100825208336,4186519929,10000,10
monaco,iqll,test,random_group,91.3898124625,80.6033633575,102.88739434427085,2016631857,10000,10
monaco,iqll,test,domain_randomization,9.61076855,7.479176283125002,11.839261480625,866852050,10000,10
monaco,iqll,test,fixed_wce,-1.726416666666669,-4.501813193750005,1.0545725781249928,3310888251,10000,10
monaco,ppo,seen,baseline,-31.95614900209091,-34.354328796913634,-29.711746717243184,3499168042,10000,10
monaco,ppo,seen,random_group,-48.22867423181818,-50.00757118882046,-46.37284041530682,598658088,10000,10
monaco,ppo,seen,domain_randomization,-3.8914696937272724,-5.250613193270455,-2.0819687524227275,993504726,10000,10
monaco,ppo,seen,fixed_wce,-10.96307322990909,-12.221293753206817,-9.349275746709091,20078406,10000,10
monaco,ppo,test,baseline,-104.15947915483335,-110.06748989874167,-98.60988693009793,3974991271,10000,10
monaco,ppo,test,random_group,-165.16403703233334,-173.86119669832294,-154.40134800894376,2127136720,10000,10
monaco,ppo,test,domain_randomization,-6.649229172166668,-9.567365137435418,-4.185372588572917,2329741734,10000,10
monaco,ppo,test,fixed_wce,-15.111437497416668,-18.069641013045835,-12.181658632166668,3960162935,10000,10
