network,controller,split,family,scenario,method,mean_queue,sd,winner
grid,ia2c,seen,seen,seen_Center_to_Periphery,baseline,60.2818056,2.61144085,domain_randomization
grid,ia2c,seen,seen,seen_Center_to_Periphery,random_group,59.4486944,3.12803075,domain_randomization
grid,ia2c,seen,seen,seen_Center_to_Periphery,domain_randomization,58.6554167,2.0685857,domain_randomization
grid,ia2c,seen,seen,seen_Center_to_Periphery,fixed_wce,62.1308056,2.30659551,domain_randomization
grid,ia2c,seen,seen,seen_Center_to_Periphery,online_wce,69.1435833,3.36259756,domain_randomization
grid,ia2c,seen,seen,seen_E_to_W,baseline,136.810583,13.309804,random_group
grid,ia2c,seen,seen,seen_E_to_W,random_group,93.9125556,11.0756559,random_group
grid,ia2c,seen,seen,seen_E_to_W,domain_randomization,156.611306,12.2036301,random_group
grid,ia2c,seen,seen,seen_E_to_W,fixed_wce,172.920722,14.7123625,random_group
grid,ia2c,seen,seen,seen_E_to_W,online_wce,167.305194,15.5034934,random_group
grid,ia2c,seen,seen,seen_NE_to_SW,baseline,114.446528,4.47234767,random_group
grid,ia2c,seen,seen,seen_NE_to_SW,random_group,97.8765278,7.1422139,random_group
grid,ia2c,seen,seen,seen_NE_to_SW,domain_randomization,154.679361,10.6224436,random_group
grid,ia2c,seen,seen,seen_NE_to_SW,fixed_wce,155.863639,10.2378656,random_group
grid,ia2c,seen,seen,seen_NE_to_SW,online_wce,149.257194,9.60012004,random_group
grid,ia2c,seen,seen,seen_NW_to_SE,baseline,110.06425,5.23835744,random_group
grid,ia2c,seen,seen,seen_NW_to_SE,random_group,99.6568889,4.58336229,random_group
grid,ia2c,seen,seen,seen_NW_to_SE,domain_randomization,129.459333,5.43716724,random_group
grid,ia2c,seen,seen,seen_NW_to_SE,fixed_wce,147.775806,9.9388625,random_group
grid,ia2c,seen,seen,seen_NW_to_SE,online_wce,187.99525,12.546077,random_group
grid,ia2c,seen,seen,seen_N_to_S,baseline,64.7083611,1.43588945,baseline
grid,ia2c,seen,seen,seen_N_to_S,random_group,65.068,3.12212289,baseline
grid,ia2c,seen,seen,seen_N_to_S,domain_randomization,84.55825,4.87693919,baseline
grid,ia2c,seen,seen,seen_N_to_S,fixed_wce,75.8556667,2.6392424,baseline
grid,ia2c,seen,seen,seen_N_to_S,online_wce,78.7345,4.13360114,baseline
grid,ia2c,seen,seen,seen_Periphery_to_Center,baseline,59.5492778,3.32807648,domain_randomization
grid,ia2c,seen,seen,seen_Periphery_to_Center,random_group,61.9927778,4.02596783,domain_randomization
grid,ia2c,seen,seen,seen_Periphery_to_Center,domain_randomization,57.30475,2.89750694,domain_randomization
grid,ia2c,seen,seen,seen_Periphery_to_Center,fixed_wce,58.9851389,2.93239227,domain_randomization
grid,ia2c,seen,seen,seen_Periphery_to_Center,online_wce,63.2600556,2.92443158,domain_randomization
grid,ia2c,seen,seen,seen_SE_to_NW,baseline,129.297861,12.0048462,baseline
grid,ia2c,seen,seen,seen_SE_to_NW,random_group,136.727694,12.3505285,baseline
grid,ia2c,seen,seen,seen_SE_to_NW,domain_randomization,133.566778,7.07983038,baseline
grid,ia2c,seen,seen,seen_SE_to_NW,fixed_wce,154.561,7.27002834,baseline
grid,ia2c,seen,seen,seen_SE_to_NW,online_wce,157.299139,11.6261769,baseline
grid,ia2c,seen,seen,seen_SW_to_NE,baseline,116.154306,3.72824466,random_group
grid,ia2c,seen,seen,seen_SW_to_NE,random_group,115.073889,10.0256472,random_group
grid,ia2c,seen,seen,seen_SW_to_NE,domain_randomization,126.858639,4.40624809,random_group
grid,ia2c,seen,seen,seen_SW_to_NE,fixed_wce,140.488861,9.67198727,random_group
grid,ia2c,seen,seen,seen_SW_to_NE,online_wce,119.257639,3.65104091,random_group
grid,ia2c,seen,seen,seen_S_to_N,baseline,62.3938611,2.16898205,baseline
grid,ia2c,seen,seen,seen_S_to_N,random_group,86.6274722,6.02180678,baseline
grid,ia2c,seen,seen,seen_S_to_N,domain_randomization,89.7655556,2.88977673,baseline
grid,ia2c,seen,seen,seen_S_to_N,fixed_wce,94.2383056,2.28707489,baseline
grid,ia2c,seen,seen,seen_S_to_N,online_wce,87.3307222,3.01507707,baseline
grid,ia2c,seen,seen,seen_Uniform,baseline,58.0523333,2.03826469,domain_randomization
grid,ia2c,seen,seen,seen_Uniform,random_group,58.2907222,2.54672285,domain_randomization
grid,ia2c,seen,seen,seen_Uniform,domain_randomization,55.3307778,2.0837948,domain_randomization
grid,ia2c,seen,seen,seen_Uniform,fixed_wce,57.7465556,2.15705916,domain_randomization
grid,ia2c,seen,seen,seen_Uniform,online_wce,62.7135,2.43647718,domain_randomization
grid,ia2c,seen,seen,seen_W_to_E,baseline,189.231944,17.5914752,random_group
grid,ia2c,seen,seen,seen_W_to_E,random_group,106.244278,11.9364038,random_group
grid,ia2c,seen,seen,seen_W_to_E,domain_randomization,135.554944,12.2221708,random_group
grid,ia2c,seen,seen,seen_W_to_E,fixed_wce,146.874278,11.5377052,random_group
grid,ia2c,seen,seen,seen_W_to_E,online_wce,146.061556,16.4550857,random_group
grid,ia2c,test,mixture,mixture_1,baseline,85.9603333,3.86500572,domain_randomization
grid,ia2c,test,mixture,mixture_1,random_group,85.516,4.42308876,domain_randomization
grid,ia2c,test,mixture,mixture_1,domain_randomization,85.3579444,3.55125652,domain_randomization
grid,ia2c,test,mixture,mixture_1,fixed_wce,94.3263611,5.31854212,domain_randomization
grid,ia2c,test,mixture,mixture_1,online_wce,134.426,33.4956382,domain_randomization
grid,ia2c,test,mixture,mixture_2,baseline,76.2771389,1.9384524,domain_randomization
grid,ia2c,test,mixture,mixture_2,random_group,75.6646111,4.51386579,domain_randomization
grid,ia2c,test,mixture,mixture_2,domain_randomization,70.9771111,3.22966517,domain_randomization
grid,ia2c,test,mixture,mixture_2,fixed_wce,75.4983889,3.44932601,domain_randomization
grid,ia2c,test,mixture,mixture_2,online_wce,81.7445556,4.61983522,domain_randomization
grid,ia2c,test,mixture,mixture_3,baseline,96.8936944,6.78680986,baseline
grid,ia2c,test,mixture,mixture_3,random_group,110.686333,9.34135328,baseline
grid,ia2c,test,mixture,mixture_3,domain_randomization,98.07575,8.70604548,baseline
grid,ia2c,test,mixture,mixture_3,fixed_wce,117.560944,11.7508543,baseline
grid,ia2c,test,mixture,mixture_3,online_wce,116.052389,9.7651312,baseline
grid,ia2c,test,peak,peak_1.1,baseline,59.9608056,2.48824914,domain_randomization
grid,ia2c,test,peak,peak_1.1,random_group,61.06325,1.87860253,domain_randomization
grid,ia2c,test,peak,peak_1.1,domain_randomization,57.1965556,1.17965678,domain_randomization
grid,ia2c,test,peak,peak_1.1,fixed_wce,59.6210278,1.90727411,domain_randomization
grid,ia2c,test,peak,peak_1.1,online_wce,65.6775833,2.10988151,domain_randomization
grid,ia2c,test,peak,peak_1.25,baseline,65.4611111,2.87839545,domain_randomization
grid,ia2c,test,peak,peak_1.25,random_group,66.4183056,2.66600183,domain_randomization
grid,ia2c,test,peak,peak_1.25,domain_randomization,62.1328889,2.01077717,domain_randomization
grid,ia2c,test,peak,peak_1.25,fixed_wce,64.8683333,2.12389785,domain_randomization
grid,ia2c,test,peak,peak_1.25,online_wce,71.3013611,2.3157027,domain_randomization
grid,ia2c,test,peak,peak_1.5,baseline,75.0955556,3.25768015,domain_randomization
grid,ia2c,test,peak,peak_1.5,random_group,78.3243333,4.35318894,domain_randomization
grid,ia2c,test,peak,peak_1.5,domain_randomization,69.3703333,2.60001874,domain_randomization
grid,ia2c,test,peak,peak_1.5,fixed_wce,73.7,3.48007794,domain_randomization
grid,ia2c,test,peak,peak_1.5,online_wce,84.9564444,5.20916028,domain_randomization
grid,ia2c,test,redistribution,redistribution_0.25,baseline,55.9384722,2.17706002,domain_randomization
grid,ia2c,test,redistribution,redistribution_0.25,random_group,56.8772222,3.03741576,domain_randomization
grid,ia2c,test,redistribution,redistribution_0.25,domain_randomization,54.6584722,2.22314395,domain_randomization
grid,ia2c,test,redistribution,redistribution_0.25,fixed_wce,56.5578056,2.61886986,domain_randomization
grid,ia2c,test,redistribution,redistribution_0.25,online_wce,61.43325,3.16148625,domain_randomization
grid,ia2c,test,redistribution,redistribution_0.5,baseline,57.2190556,1.55070355,domain_randomization
grid,ia2c,test,redistribution,redistribution_0.5,random_group,57.3569444,2.54691537,domain_randomization
grid,ia2c,test,redistribution,redistribution_0.5,domain_randomization,55.0186111,1.77025802,domain_randomization
grid,ia2c,test,redistribution,redistribution_0.5,fixed_wce,57.6751944,2.31775761,domain_randomization
grid,ia2c,test,redistribution,redistribution_0.5,online_wce,64.3504444,3.35426749,domain_randomization
grid,ia2c,test,redistribution,redistribution_0.75,baseline,58.9909167,2.35590192,domain_randomization
grid,ia2c,test,redistribution,redistribution_0.75,random_group,58.9799722,2.48314109,domain_randomization
grid,ia2c,test,redistribution,redistribution_0.75,domain_randomization,55.5622778,2.34105668,domain_randomization
grid,ia2c,test,redistribution,redistribution_0.75,fixed_wce,58.0466111,2.44876733,domain_randomization
grid,ia2c,test,redistribution,redistribution_0.75,online_wce,63.0184167,2.55353749,domain_randomization
grid,ia2c,test,temporal,switch_1200,baseline,134.486917,31.1384791,random_group
grid,ia2c,test,temporal,switch_1200,random_group,100.360833,15.0797207,random_group
grid,ia2c,test,temporal,switch_1200,domain_randomization,100.596556,9.81002677,random_group
grid,ia2c,test,temporal,switch_1200,fixed_wce,111.769278,14.4451013,random_group
grid,ia2c,test,temporal,switch_1200,online_wce,110.374556,11.6667138,random_group
grid,ia2c,test,temporal,switch_300,baseline,113.005861,6.28091742,baseline
grid,ia2c,test,temporal,switch_300,random_group,122.543306,6.51082857,baseline
grid,ia2c,test,temporal,switch_300,domain_randomization,119.566083,6.81863638,baseline
grid,ia2c,test,temporal,switch_300,fixed_wce,128.328806,9.61029196,baseline
grid,ia2c,test,temporal,switch_300,online_wce,151.014472,12.0404351,baseline
grid,ia2c,test,temporal,switch_900,baseline,82.5448056,2.23431109,random_group
grid,ia2c,test,temporal,switch_900,random_group,81.1399722,2.97886074,random_group
grid,ia2c,test,temporal,switch_900,domain_randomization,82.89425,3.75192659,random_group
grid,ia2c,test,temporal,switch_900,fixed_wce,82.9897222,2.94454847,random_group
grid,ia2c,test,temporal,switch_900,online_wce,86.8846389,2.40347268,random_group
grid,ma2c,seen,seen,seen_Center_to_Periphery,baseline,52.2083889,1.97450791,random_group
grid,ma2c,seen,seen,seen_Center_to_Periphery,random_group,50.8778611,1.47565865,random_group
grid,ma2c,seen,seen,seen_Center_to_Periphery,domain_randomization,53.1074444,2.23691302,random_group
grid,ma2c,seen,seen,seen_Center_to_Periphery,fixed_wce,53.6803611,1.97304211,random_group
grid,ma2c,seen,seen,seen_Center_to_Periphery,online_wce,53.5553889,1.83188093,random_group
grid,ma2c,seen,seen,seen_E_to_W,baseline,133.190917,15.6031871,random_group
grid,ma2c,seen,seen,seen_E_to_W,random_group,132.462472,15.8721404,random_group
grid,ma2c,seen,seen,seen_E_to_W,domain_randomization,136.583472,17.7142554,random_group
grid,ma2c,seen,seen,seen_E_to_W,fixed_wce,145.441333,16.9884631,random_group
grid,ma2c,seen,seen,seen_E_to_W,online_wce,146.407778,16.129297,random_group
grid,ma2c,seen,seen,seen_NE_to_SW,baseline,114.767667,4.32268845,baseline
grid,ma2c,seen,seen,seen_NE_to_SW,random_group,127.100389,8.62266033,baseline
grid,ma2c,seen,seen,seen_NE_to_SW,domain_randomization,127.808139,5.63500184,baseline
grid,ma2c,seen,seen,seen_NE_to_SW,fixed_wce,135.620028,10.3721117,baseline
grid,ma2c,seen,seen,seen_NE_to_SW,online_wce,137.503444,6.8946081,baseline
grid,ma2c,seen,seen,seen_NW_to_SE,baseline,97.3661389,4.3640702,baseline
grid,ma2c,seen,seen,seen_NW_to_SE,random_group,106.395639,4.92045734,baseline
grid,ma2c,seen,seen,seen_NW_to_SE,domain_randomization,118.826833,3.88711489,baseline
grid,ma2c,seen,seen,seen_NW_to_SE,fixed_wce,123.346833,6.53988337,baseline
grid,ma2c,seen,seen,seen_NW_to_SE,online_wce,123.463,4.3372508,baseline
grid,ma2c,seen,seen,seen_N_to_S,baseline,63.8490833,0.888662076,baseline
grid,ma2c,seen,seen,seen_N_to_S,random_group,65.8569444,0.936731258,baseline
grid,ma2c,seen,seen,seen_N_to_S,domain_randomization,84.0194444,3.71332989,baseline
grid,ma2c,seen,seen,seen_N_to_S,fixed_wce,80.3789722,2.92088512,baseline
grid,ma2c,seen,seen,seen_N_to_S,online_wce,83.3467222,3.75887512,baseline
grid,ma2c,seen,seen,seen_Periphery_to_Center,baseline,52.5349167,2.04607093,domain_randomization
grid,ma2c,seen,seen,seen_Periphery_to_Center,random_group,51.4340833,1.98043227,domain_randomization
grid,ma2c,seen,seen,seen_Periphery_to_Center,domain_randomization,50.7270278,1.96301824,domain_randomization
grid,ma2c,seen,seen,seen_Periphery_to_Center,fixed_wce,51.5079722,2.26493816,domain_randomization
grid,ma2c,seen,seen,seen_Periphery_to_Center,online_wce,51.4428333,2.14698251,domain_randomization
grid,ma2c,seen,seen,seen_SE_to_NW,baseline,111.370333,3.2063725,random_group
grid,ma2c,seen,seen,seen_SE_to_NW,random_group,102.495917,2.9206787,random_group
grid,ma2c,seen,seen,seen_SE_to_NW,domain_randomization,129.997167,5.99523145,random_group
grid,ma2c,seen,seen,seen_SE_to_NW,fixed_wce,142.247222,8.30616226,random_group
grid,ma2c,seen,seen,seen_SE_to_NW,online_wce,141.427556,9.03891022,random_group
grid,ma2c,seen,seen,seen_SW_to_NE,baseline,126.129028,4.67335359,random_group
grid,ma2c,seen,seen,seen_SW_to_NE,random_group,120.700056,4.4545159,random_group
grid,ma2c,seen,seen,seen_SW_to_NE,domain_randomization,131.982944,7.25443031,random_group
grid,ma2c,seen,seen,seen_SW_to_NE,fixed_wce,128.555806,3.66975521,random_group
grid,ma2c,seen,seen,seen_SW_to_NE,online_wce,129.459667,4.4106765,random_group
grid,ma2c,seen,seen,seen_S_to_N,baseline,64.0428889,1.79568587,random_group
grid,ma2c,seen,seen,seen_S_to_N,random_group,63.1953611,1.67387266,random_group
grid,ma2c,seen,seen,seen_S_to_N,domain_randomization,88.1702222,4.93241772,random_group
grid,ma2c,seen,seen,seen_S_to_N,fixed_wce,82.4469722,3.46554448,random_group
grid,ma2c,seen,seen,seen_S_to_N,online_wce,87.2243333,3.89495249,random_group
grid,ma2c,seen,seen,seen_Uniform,baseline,52.8181944,2.0082004,domain_randomization
grid,ma2c,seen,seen,seen_Uniform,random_group,51.5089167,1.94421257,domain_randomization
grid,ma2c,seen,seen,seen_Uniform,domain_randomization,50.5905556,1.7057634,domain_randomization
grid,ma2c,seen,seen,seen_Uniform,fixed_wce,51.2593056,1.66555924,domain_randomization
grid,ma2c,seen,seen,seen_Uniform,online_wce,50.7129722,1.62125301,domain_randomization
grid,ma2c,seen,seen,seen_W_to_E,baseline,147.61625,13.2031675,random_group
grid,ma2c,seen,seen,seen_W_to_E,random_group,120.585,17.8718405,random_group
grid,ma2c,seen,seen,seen_W_to_E,domain_randomization,135.457861,22.3659065,random_group
grid,ma2c,seen,seen,seen_W_to_E,fixed_wce,145.700583,20.1182779,random_group
grid,ma2c,seen,seen,seen_W_to_E,online_wce,136.649333,17.8431341,random_group
grid,ma2c,test,mixture,mixture_1,baseline,76.4201111,2.65332347,domain_randomization
grid,ma2c,test,mixture,mixture_1,random_group,74.967,3.66354322,domain_randomization
grid,ma2c,test,mixture,mixture_1,domain_randomization,73.3222778,2.64007847,domain_randomization
grid,ma2c,test,mixture,mixture_1,fixed_wce,76.3570833,2.87438626,domain_randomization
grid,ma2c,test,mixture,mixture_1,online_wce,76.5506667,2.51986688,domain_randomization
grid,ma2c,test,mixture,mixture_2,baseline,68.9449444,2.7531153,domain_randomization
grid,ma2c,test,mixture,mixture_2,random_group,66.6010833,3.11684217,domain_randomization
grid,ma2c,test,mixture,mixture_2,domain_randomization,64.1352222,2.60473659,domain_randomization
grid,ma2c,test,mixture,mixture_2,fixed_wce,65.5410278,2.78923457,domain_randomization
grid,ma2c,test,mixture,mixture_2,online_wce,64.8432222,2.39979423,domain_randomization
grid,ma2c,test,mixture,mixture_3,baseline,92.4180278,7.90985061,random_group
grid,ma2c,test,mixture,mixture_3,random_group,87.6815556,6.27357281,random_group
grid,ma2c,test,mixture,mixture_3,domain_randomization,88.3169167,7.78439409,random_group
grid,ma2c,test,mixture,mixture_3,fixed_wce,97.2010278,9.05490113,random_group
grid,ma2c,test,mixture,mixture_3,online_wce,98.3825,9.90766727,random_group
grid,ma2c,test,peak,peak_1.1,baseline,54.6040556,1.32519447,domain_randomization
grid,ma2c,test,peak,peak_1.1,random_group,52.6833333,1.17697263,domain_randomization
grid,ma2c,test,peak,peak_1.1,domain_randomization,52.1863889,1.28387961,domain_randomization
grid,ma2c,test,peak,peak_1.1,fixed_wce,52.9984444,1.19156982,domain_randomization
grid,ma2c,test,peak,peak_1.1,online_wce,52.4404167,1.20135371,domain_randomization
grid,ma2c,test,peak,peak_1.25,baseline,58.7810556,1.8314953,domain_randomization
grid,ma2c,test,peak,peak_1.25,random_group,56.8238611,1.51648456,domain_randomization
grid,ma2c,test,peak,peak_1.25,domain_randomization,56.288,1.60056697,domain_randomization
grid,ma2c,test,peak,peak_1.25,fixed_wce,56.7319444,1.33091629,domain_randomization
grid,ma2c,test,peak,peak_1.25,online_wce,56.2911389,1.38622269,domain_randomization
grid,ma2c,test,peak,peak_1.5,baseline,65.5441667,2.37052669,domain_randomization
grid,ma2c,test,peak,peak_1.5,random_group,63.3868611,1.37378019,domain_randomization
grid,ma2c,test,peak,peak_1.5,domain_randomization,62.3498889,1.9003081,domain_randomization
grid,ma2c,test,peak,peak_1.5,fixed_wce,63.3547778,1.51872119,domain_randomization
grid,ma2c,test,peak,peak_1.5,online_wce,62.8378889,2.00004736,domain_randomization
grid,ma2c,test,redistribution,redistribution_0.25,baseline,51.2905278,2.21975639,domain_randomization
grid,ma2c,test,redistribution,redistribution_0.25,random_group,49.9038333,2.18846008,domain_randomization
grid,ma2c,test,redistribution,redistribution_0.25,domain_randomization,49.7147222,1.90018938,domain_randomization
grid,ma2c,test,redistribution,redistribution_0.25,fixed_wce,50.2624167,1.89036925,domain_randomization
grid,ma2c,test,redistribution,redistribution_0.25,online_wce,49.8160556,2.02289492,domain_randomization
grid,ma2c,test,redistribution,redistribution_0.5,baseline,52.0127778,1.11656002,domain_randomization
grid,ma2c,test,redistribution,redistribution_0.5,random_group,50.5028056,1.62913194,domain_randomization
grid,ma2c,test,redistribution,redistribution_0.5,domain_randomization,50.0705556,1.35661919,domain_randomization
grid,ma2c,test,redistribution,redistribution_0.5,fixed_wce,50.3846944,1.23146854,domain_randomization
grid,ma2c,test,redistribution,redistribution_0.5,online_wce,50.2693889,1.4193179,domain_randomization
grid,ma2c,test,redistribution,redistribution_0.75,baseline,52.9858056,1.74595859,domain_randomization
grid,ma2c,test,redistribution,redistribution_0.75,random_group,51.329,1.60665398,domain_randomization
grid,ma2c,test,redistribution,redistribution_0.75,domain_randomization,50.8439722,1.76938627,domain_randomization
grid,ma2c,test,redistribution,redistribution_0.75,fixed_wce,51.3347222,1.83460766,domain_randomization
grid,ma2c,test,redistribution,redistribution_0.75,online_wce,51.0444444,1.84272319,domain_randomization
grid,ma2c,test,temporal,switch_1200,baseline,82.8522778,11.4831266,random_group
grid,ma2c,test,temporal,switch_1200,random_group,74.5967222,6.85468647,random_group
grid,ma2c,test,temporal,switch_1200,domain_randomization,85.45975,10.0085829,random_group
grid,ma2c,test,temporal,switch_1200,fixed_wce,87.7283889,7.69626598,random_group
grid,ma2c,test,temporal,switch_1200,online_wce,88.3631389,7.56470975,random_group
grid,ma2c,test,temporal,switch_300,baseline,102.643472,8.05501625,random_group
grid,ma2c,test,temporal,switch_300,random_group,100.993778,7.32786624,random_group
grid,ma2c,test,temporal,switch_300,domain_randomization,101.635667,9.17541707,random_group
grid,ma2c,test,temporal,switch_300,fixed_wce,104.624167,9.34327629,random_group
grid,ma2c,test,temporal,switch_300,online_wce,104.884083,8.46977843,random_group
grid,ma2c,test,temporal,switch_900,baseline,75.6538056,2.61057228,random_group
grid,ma2c,test,temporal,switch_900,random_group,75.3323611,3.17611095,random_group
grid,ma2c,test,temporal,switch_900,domain_randomization,78.7787778,3.09955811,random_group
grid,ma2c,test,temporal,switch_900,fixed_wce,79.4990556,3.72240212,random_group
grid,ma2c,test,temporal,switch_900,online_wce,79.2309444,3.02847898,random_group
grid,iqll,seen,seen,seen_Center_to_Periphery,baseline,433.799389,29.3053412,fixed_wce
grid,iqll,seen,seen,seen_Center_to_Periphery,random_group,86.0982778,33.8273748,fixed_wce
grid,iqll,seen,seen,seen_Center_to_Periphery,domain_randomization,108.232611,33.140961,fixed_wce
grid,iqll,seen,seen,seen_Center_to_Periphery,fixed_wce,72.3070278,18.9959684,fixed_wce
grid,iqll,seen,seen,seen_Center_to_Periphery,online_wce,303.353667,51.5030608,fixed_wce
grid,iqll,seen,seen,seen_E_to_W,baseline,132.027556,73.2525272,baseline
grid,iqll,seen,seen,seen_E_to_W,random_group,347.844417,40.0442837,baseline
grid,iqll,seen,seen,seen_E_to_W,domain_randomization,322.65225,42.9195235,baseline
grid,iqll,seen,seen,seen_E_to_W,fixed_wce,366.332056,24.9827361,baseline
grid,iqll,seen,seen,seen_E_to_W,online_wce,427.743972,21.5808948,baseline
grid,iqll,seen,seen,seen_NE_to_SW,baseline,263.323333,41.5774929,random_group
grid,iqll,seen,seen,seen_NE_to_SW,random_group,119.127306,46.8770206,random_group
grid,iqll,seen,seen,seen_NE_to_SW,domain_randomization,191.492,20.5524553,random_group
grid,iqll,seen,seen,seen_NE_to_SW,fixed_wce,186.321139,10.8101379,random_group
grid,iqll,seen,seen,seen_NE_to_SW,online_wce,194.525306,10.5731194,random_group
grid,iqll,seen,seen,seen_NW_to_SE,baseline,355.4795,26.3136891,fixed_wce
grid,iqll,seen,seen,seen_NW_to_SE,random_group,224.100861,19.2612043,fixed_wce
grid,iqll,seen,seen,seen_NW_to_SE,domain_randomization,142.616333,10.1166895,fixed_wce
grid,iqll,seen,seen,seen_NW_to_SE,fixed_wce,131.32,9.60313736,fixed_wce
grid,iqll,seen,seen,seen_NW_to_SE,online_wce,219.843639,45.7625366,fixed_wce
grid,iqll,seen,seen,seen_N_to_S,baseline,150.764667,34.4202213,random_group
grid,iqll,seen,seen,seen_N_to_S,random_group,93.0928889,10.1840499,random_group
grid,iqll,seen,seen,seen_N_to_S,domain_randomization,160.264417,10.5982913,random_group
grid,iqll,seen,seen,seen_N_to_S,fixed_wce,114.754444,8.84759057,random_group
grid,iqll,seen,seen,seen_N_to_S,online_wce,191.729889,14.3229258,random_group
grid,iqll,seen,seen,seen_Periphery_to_Center,baseline,70.4718611,13.412939,fixed_wce
grid,iqll,seen,seen,seen_Periphery_to_Center,random_group,63.38725,8.99874459,fixed_wce
grid,iqll,seen,seen,seen_Periphery_to_Center,domain_randomization,87.6749444,34.4312643,fixed_wce
grid,iqll,seen,seen,seen_Periphery_to_Center,fixed_wce,28.3829444,2.23536608,fixed_wce
grid,iqll,seen,seen,seen_Periphery_to_Center,online_wce,33.2553611,2.72207162,fixed_wce
grid,iqll,seen,seen,seen_SE_to_NW,baseline,188.967472,124.684901,domain_randomization
grid,iqll,seen,seen,seen_SE_to_NW,random_group,202.043806,20.8997987,domain_randomization
grid,iqll,seen,seen,seen_SE_to_NW,domain_randomization,168.844806,23.580086,domain_randomization
grid,iqll,seen,seen,seen_SE_to_NW,fixed_wce,206.532056,12.7574142,domain_randomization
grid,iqll,seen,seen,seen_SE_to_NW,online_wce,276.606861,29.6840305,domain_randomization
grid,iqll,seen,seen,seen_SW_to_NE,baseline,415.65125,18.6280604,random_group
grid,iqll,seen,seen,seen_SW_to_NE,random_group,91.0275,5.80886168,random_group
grid,iqll,seen,seen,seen_SW_to_NE,domain_randomization,172.55175,16.7506703,random_group
grid,iqll,seen,seen,seen_SW_to_NE,fixed_wce,235.929889,23.6126707,random_group
grid,iqll,seen,seen,seen_SW_to_NE,online_wce,395.163306,52.6620128,random_group
grid,iqll,seen,seen,seen_S_to_N,baseline,250.796694,28.0499236,online_wce
grid,iqll,seen,seen,seen_S_to_N,random_group,164.496056,29.9760421,online_wce
grid,iqll,seen,seen,seen_S_to_N,domain_randomization,277.959056,20.1931937,online_wce
grid,iqll,seen,seen,seen_S_to_N,fixed_wce,268.575222,15.9775312,online_wce
grid,iqll,seen,seen,seen_S_to_N,online_wce,156.08275,38.5827449,online_wce
grid,iqll,seen,seen,seen_Uniform,baseline,71.1148611,22.1188171,fixed_wce
grid,iqll,seen,seen,seen_Uniform,random_group,76.8875833,25.4236617,fixed_wce
grid,iqll,seen,seen,seen_Uniform,domain_randomization,61.9743333,28.9564492,fixed_wce
grid,iqll,seen,seen,seen_Uniform,fixed_wce,40.4615833,4.12089003,fixed_wce
grid,iqll,seen,seen,seen_Uniform,online_wce,122.244444,30.4441819,fixed_wce
grid,iqll,seen,seen,seen_W_to_E,baseline,337.889083,26.9649672,fixed_wce
grid,iqll,seen,seen,seen_W_to_E,random_group,345.994611,26.4015568,fixed_wce
grid,iqll,seen,seen,seen_W_to_E,domain_randomization,397.13,17.9987857,fixed_wce
grid,iqll,seen,seen,seen_W_to_E,fixed_wce,264.624028,56.2285493,fixed_wce
grid,iqll,seen,seen,seen_W_to_E,online_wce,365.706972,38.5943526,fixed_wce
grid,iqll,test,mixture,mixture_1,baseline,132.615472,64.0015695,fixed_wce
grid,iqll,test,mixture,mixture_1,random_group,110.825889,26.5364887,fixed_wce
grid,iqll,test,mixture,mixture_1,domain_randomization,130.903306,34.2756947,fixed_wce
grid,iqll,test,mixture,mixture_1,fixed_wce,100.672556,29.2262536,fixed_wce
grid,iqll,test,mixture,mixture_1,online_wce,136.879417,30.2690983,fixed_wce
grid,iqll,test,mixture,mixture_2,baseline,62.0670833,10.3703365,baseline
grid,iqll,test,mixture,mixture_2,random_group,78.5053056,20.5696422,baseline
grid,iqll,test,mixture,mixture_2,domain_randomization,64.2766389,15.1203456,baseline
grid,iqll,test,mixture,mixture_2,fixed_wce,91.4766111,29.6955618,baseline
grid,iqll,test,mixture,mixture_2,online_wce,65.1098611,8.93280096,baseline
grid,iqll,test,mixture,mixture_3,baseline,54.7746389,12.567343,baseline
grid,iqll,test,mixture,mixture_3,random_group,79.2975278,15.1818937,baseline
grid,iqll,test,mixture,mixture_3,domain_randomization,65.5733611,10.9140744,baseline
grid,iqll,test,mixture,mixture_3,fixed_wce,266.467583,41.552043,baseline
grid,iqll,test,mixture,mixture_3,online_wce,138.879611,26.3352985,baseline
grid,iqll,test,peak,peak_1.1,baseline,64.7458611,16.7844466,fixed_wce
grid,iqll,test,peak,peak_1.1,random_group,80.695,27.4711494,fixed_wce
grid,iqll,test,peak,peak_1.1,domain_randomization,53.2575833,16.6478326,fixed_wce
grid,iqll,test,peak,peak_1.1,fixed_wce,38.4288056,4.27666444,fixed_wce
grid,iqll,test,peak,peak_1.1,online_wce,107.426972,17.9193389,fixed_wce
grid,iqll,test,peak,peak_1.25,baseline,68.2166944,16.86724,fixed_wce
grid,iqll,test,peak,peak_1.25,random_group,105.718,29.6690355,fixed_wce
grid,iqll,test,peak,peak_1.25,domain_randomization,65.6437778,26.2695146,fixed_wce
grid,iqll,test,peak,peak_1.25,fixed_wce,45.3204444,5.75229945,fixed_wce
grid,iqll,test,peak,peak_1.25,online_wce,127.895639,21.5931912,fixed_wce
grid,iqll,test,peak,peak_1.5,baseline,93.5819167,26.5512527,fixed_wce
grid,iqll,test,peak,peak_1.5,random_group,148.782722,45.7702471,fixed_wce
grid,iqll,test,peak,peak_1.5,domain_randomization,87.2426389,33.5462931,fixed_wce
grid,iqll,test,peak,peak_1.5,fixed_wce,52.1009167,4.26783191,fixed_wce
grid,iqll,test,peak,peak_1.5,online_wce,175.465361,25.6178349,fixed_wce
grid,iqll,test,redistribution,redistribution_0.25,baseline,63.0181111,21.4947876,fixed_wce
grid,iqll,test,redistribution,redistribution_0.25,random_group,69.8655556,20.9154525,fixed_wce
grid,iqll,test,redistribution,redistribution_0.25,domain_randomization,46.8265,15.9292444,fixed_wce
grid,iqll,test,redistribution,redistribution_0.25,fixed_wce,37.1205556,3.66082895,fixed_wce
grid,iqll,test,redistribution,redistribution_0.25,online_wce,94.1614722,22.92759,fixed_wce
grid,iqll,test,redistribution,redistribution_0.5,baseline,65.6938056,24.3373023,fixed_wce
grid,iqll,test,redistribution,redistribution_0.5,random_group,93.6835556,33.6666692,fixed_wce
grid,iqll,test,redistribution,redistribution_0.5,domain_randomization,39.8076389,8.63065529,fixed_wce
grid,iqll,test,redistribution,redistribution_0.5,fixed_wce,34.4612778,4.23584635,fixed_wce
grid,iqll,test,redistribution,redistribution_0.5,online_wce,95.79125,12.1072448,fixed_wce
grid,iqll,test,redistribution,redistribution_0.75,baseline,62.2713611,15.7404543,fixed_wce
grid,iqll,test,redistribution,redistribution_0.75,random_group,57.82925,16.7029952,fixed_wce
grid,iqll,test,redistribution,redistribution_0.75,domain_randomization,45.6571389,6.81189824,fixed_wce
grid,iqll,test,redistribution,redistribution_0.75,fixed_wce,36.9592222,3.67162714,fixed_wce
grid,iqll,test,redistribution,redistribution_0.75,online_wce,137.98275,23.3874266,fixed_wce
grid,iqll,test,temporal,switch_1200,baseline,471.407028,24.3442483,random_group
grid,iqll,test,temporal,switch_1200,random_group,234.354861,58.6951227,random_group
grid,iqll,test,temporal,switch_1200,domain_randomization,446.847389,82.9738717,random_group
grid,iqll,test,temporal,switch_1200,fixed_wce,289.133694,92.7299271,random_group
grid,iqll,test,temporal,switch_1200,online_wce,420.166417,37.0787601,random_group
grid,iqll,test,temporal,switch_300,baseline,118.071917,20.6681328,baseline
grid,iqll,test,temporal,switch_300,random_group,138.403111,32.889847,baseline
grid,iqll,test,temporal,switch_300,domain_randomization,185.31575,22.6806849,baseline
grid,iqll,test,temporal,switch_300,fixed_wce,202.126694,25.659236,baseline
grid,iqll,test,temporal,switch_300,online_wce,160.200083,31.1022991,baseline
grid,iqll,test,temporal,switch_900,baseline,153.339722,39.262501,random_group
grid,iqll,test,temporal,switch_900,random_group,77.0648056,10.8435278,random_group
grid,iqll,test,temporal,switch_900,domain_randomization,114.181889,10.672396,random_group
grid,iqll,test,temporal,switch_900,fixed_wce,78.8976111,5.49121021,random_group
grid,iqll,test,temporal,switch_900,online_wce,124.689583,10.1122465,random_group
grid,ppo,seen,seen,seen_Center_to_Periphery,baseline,34.5682222,1.2994599,online_wce
grid,ppo,seen,seen,seen_Center_to_Periphery,random_group,33.1983056,1.3706003,online_wce
grid,ppo,seen,seen,seen_Center_to_Periphery,domain_randomization,22.0805556,0.85913926,online_wce
grid,ppo,seen,seen,seen_Center_to_Periphery,fixed_wce,26.41,0.956189084,online_wce
grid,ppo,seen,seen,seen_Center_to_Periphery,online_wce,19.2789444,0.561088173,online_wce
grid,ppo,seen,seen,seen_E_to_W,baseline,138.285111,39.5731934,online_wce
grid,ppo,seen,seen,seen_E_to_W,random_group,85.0708889,18.7827565,online_wce
grid,ppo,seen,seen,seen_E_to_W,domain_randomization,27.09325,1.49993944,online_wce
grid,ppo,seen,seen,seen_E_to_W,fixed_wce,50.5961944,9.97394519,online_wce
grid,ppo,seen,seen,seen_E_to_W,online_wce,26.5030556,1.67260734,online_wce
grid,ppo,seen,seen,seen_NE_to_SW,baseline,101.059861,9.19932554,domain_randomization
grid,ppo,seen,seen,seen_NE_to_SW,random_group,91.5328611,7.09230763,domain_randomization
grid,ppo,seen,seen,seen_NE_to_SW,domain_randomization,59.6600278,6.63078865,domain_randomization
grid,ppo,seen,seen,seen_NE_to_SW,fixed_wce,97.35625,3.19761335,domain_randomization
grid,ppo,seen,seen,seen_NE_to_SW,online_wce,65.2483889,4.51167588,domain_randomization
grid,ppo,seen,seen,seen_NW_to_SE,baseline,123.366139,8.90973714,domain_randomization
grid,ppo,seen,seen,seen_NW_to_SE,random_group,75.6488611,3.78691444,domain_randomization
grid,ppo,seen,seen,seen_NW_to_SE,domain_randomization,62.6326667,3.97626531,domain_randomization
grid,ppo,seen,seen,seen_NW_to_SE,fixed_wce,111.90275,5.20075341,domain_randomization
grid,ppo,seen,seen,seen_NW_to_SE,online_wce,65.8345833,6.24071688,domain_randomization
grid,ppo,seen,seen,seen_N_to_S,baseline,44.4582222,0.291056245,domain_randomization
grid,ppo,seen,seen,seen_N_to_S,random_group,48.5723056,0.803746405,domain_randomization
grid,ppo,seen,seen,seen_N_to_S,domain_randomization,38.7533333,1.29981441,domain_randomization
grid,ppo,seen,seen,seen_N_to_S,fixed_wce,45.5069722,0.855904134,domain_randomization
grid,ppo,seen,seen,seen_N_to_S,online_wce,43.5695,8.52678672,domain_randomization
grid,ppo,seen,seen,seen_Periphery_to_Center,baseline,47.3709722,2.04485765,online_wce
grid,ppo,seen,seen,seen_Periphery_to_Center,random_group,43.3784722,3.02531653,online_wce
grid,ppo,seen,seen,seen_Periphery_to_Center,domain_randomization,20.7175833,0.753664255,online_wce
grid,ppo,seen,seen,seen_Periphery_to_Center,fixed_wce,24.3935833,0.931710877,online_wce
grid,ppo,seen,seen,seen_Periphery_to_Center,online_wce,18.9443889,0.813480935,online_wce
grid,ppo,seen,seen,seen_SE_to_NW,baseline,83.6213889,6.83168048,domain_randomization
grid,ppo,seen,seen,seen_SE_to_NW,random_group,72.9490833,1.71928822,domain_randomization
grid,ppo,seen,seen,seen_SE_to_NW,domain_randomization,58.7355278,6.51499933,domain_randomization
grid,ppo,seen,seen,seen_SE_to_NW,fixed_wce,79.7709722,8.31066125,domain_randomization
grid,ppo,seen,seen,seen_SE_to_NW,online_wce,82.1330278,5.20964448,domain_randomization
grid,ppo,seen,seen,seen_SW_to_NE,baseline,159.646083,8.97165354,online_wce
grid,ppo,seen,seen,seen_SW_to_NE,random_group,73.0248333,6.22024679,online_wce
grid,ppo,seen,seen,seen_SW_to_NE,domain_randomization,73.2041667,4.56906492,online_wce
grid,ppo,seen,seen,seen_SW_to_NE,fixed_wce,80.2932778,4.47419613,online_wce
grid,ppo,seen,seen,seen_SW_to_NE,online_wce,50.44475,3.52947075,online_wce
grid,ppo,seen,seen,seen_S_to_N,baseline,48.4679444,1.8847239,random_group
grid,ppo,seen,seen,seen_S_to_N,random_group,43.7218056,0.426192836,random_group
grid,ppo,seen,seen,seen_S_to_N,domain_randomization,70.7151389,14.8017851,random_group
grid,ppo,seen,seen,seen_S_to_N,fixed_wce,57.1529444,7.37891436,random_group
grid,ppo,seen,seen,seen_S_to_N,online_wce,45.2716111,20.0243848,random_group
grid,ppo,seen,seen,seen_Uniform,baseline,44.9440278,2.53677973,online_wce
grid,ppo,seen,seen,seen_Uniform,random_group,38.5386389,1.51922667,online_wce
grid,ppo,seen,seen,seen_Uniform,domain_randomization,21.1553611,0.991398899,online_wce
grid,ppo,seen,seen,seen_Uniform,fixed_wce,24.3413056,1.01250452,online_wce
grid,ppo,seen,seen,seen_Uniform,online_wce,18.9459722,0.787268346,online_wce
grid,ppo,seen,seen,seen_W_to_E,baseline,195.121556,6.57649573,online_wce
grid,ppo,seen,seen,seen_W_to_E,random_group,64.172,3.33736573,online_wce
grid,ppo,seen,seen,seen_W_to_E,domain_randomization,34.9935278,5.97751244,online_wce
grid,ppo,seen,seen,seen_W_to_E,fixed_wce,43.94825,4.2813604,online_wce
grid,ppo,seen,seen,seen_W_to_E,online_wce,24.2943056,1.44642996,online_wce
grid,ppo,test,mixture,mixture_1,baseline,66.6762778,5.26411839,online_wce
grid,ppo,test,mixture,mixture_1,random_group,58.33375,2.28376943,online_wce
grid,ppo,test,mixture,mixture_1,domain_randomization,27.1067778,1.14622699,online_wce
grid,ppo,test,mixture,mixture_1,fixed_wce,33.7899722,1.093671,online_wce
grid,ppo,test,mixture,mixture_1,online_wce,24.1771111,0.898244909,online_wce
grid,ppo,test,mixture,mixture_2,baseline,53.0254167,1.83190117,online_wce
grid,ppo,test,mixture,mixture_2,random_group,51.9200556,1.62455705,online_wce
grid,ppo,test,mixture,mixture_2,domain_randomization,24.5810833,0.511433397,online_wce
grid,ppo,test,mixture,mixture_2,fixed_wce,29.1165556,0.690510924,online_wce
grid,ppo,test,mixture,mixture_2,online_wce,22.4278333,0.717432787,online_wce
grid,ppo,test,mixture,mixture_3,baseline,71.0378333,7.42861273,online_wce
grid,ppo,test,mixture,mixture_3,random_group,57.6660556,2.08580618,online_wce
grid,ppo,test,mixture,mixture_3,domain_randomization,26.7150278,0.414502103,online_wce
grid,ppo,test,mixture,mixture_3,fixed_wce,35.0111389,2.27456766,online_wce
grid,ppo,test,mixture,mixture_3,online_wce,25.53575,0.832129893,online_wce
grid,ppo,test,peak,peak_1.1,baseline,44.6991667,1.46947138,online_wce
grid,ppo,test,peak,peak_1.1,random_group,40.1665556,1.79112295,online_wce
grid,ppo,test,peak,peak_1.1,domain_randomization,21.8333333,0.657471541,online_wce
grid,ppo,test,peak,peak_1.1,fixed_wce,25.373,0.637496212,online_wce
grid,ppo,test,peak,peak_1.1,online_wce,19.5354722,0.635287003,online_wce
grid,ppo,test,peak,peak_1.25,baseline,48.3975556,1.81598152,online_wce
grid,ppo,test,peak,peak_1.25,random_group,43.85575,1.74136649,online_wce
grid,ppo,test,peak,peak_1.25,domain_randomization,23.2157778,0.606199706,online_wce
grid,ppo,test,peak,peak_1.25,fixed_wce,27.211,0.272549727,online_wce
grid,ppo,test,peak,peak_1.25,online_wce,21.2505833,0.503069172,online_wce
grid,ppo,test,peak,peak_1.5,baseline,54.5185,1.81164276,online_wce
grid,ppo,test,peak,peak_1.5,random_group,51.1238056,3.24546482,online_wce
grid,ppo,test,peak,peak_1.5,domain_randomization,26.0914444,0.714807448,online_wce
grid,ppo,test,peak,peak_1.5,fixed_wce,30.2798889,0.84655175,online_wce
grid,ppo,test,peak,peak_1.5,online_wce,23.6870556,0.608750311,online_wce
grid,ppo,test,redistribution,redistribution_0.25,baseline,41.5052778,2.15703983,online_wce
grid,ppo,test,redistribution,redistribution_0.25,random_group,37.7126944,2.1270538,online_wce
grid,ppo,test,redistribution,redistribution_0.25,domain_randomization,20.7087778,0.893614159,online_wce
grid,ppo,test,redistribution,redistribution_0.25,fixed_wce,24.0786389,0.754928485,online_wce
grid,ppo,test,redistribution,redistribution_0.25,online_wce,18.6846389,0.627148229,online_wce
grid,ppo,test,redistribution,redistribution_0.5,baseline,42.3645556,1.74168489,online_wce
grid,ppo,test,redistribution,redistribution_0.5,random_group,38.1914444,1.17202856,online_wce
grid,ppo,test,redistribution,redistribution_0.5,domain_randomization,20.6589167,0.491111102,online_wce
grid,ppo,test,redistribution,redistribution_0.5,fixed_wce,24.2009167,0.724706412,online_wce
grid,ppo,test,redistribution,redistribution_0.5,online_wce,18.3785556,0.589557517,online_wce
grid,ppo,test,redistribution,redistribution_0.75,baseline,45.1889167,2.33041844,online_wce
grid,ppo,test,redistribution,redistribution_0.75,random_group,39.8566389,1.8189419,online_wce
grid,ppo,test,redistribution,redistribution_0.75,domain_randomization,20.8738056,0.703172632,online_wce
grid,ppo,test,redistribution,redistribution_0.75,fixed_wce,24.2465556,0.799572322,online_wce
grid,ppo,test,redistribution,redistribution_0.75,online_wce,18.8682222,0.666035584,online_wce
grid,ppo,test,temporal,switch_1200,baseline,138.287917,52.6582383,online_wce
grid,ppo,test,temporal,switch_1200,random_group,49.9136389,3.11409994,online_wce
grid,ppo,test,temporal,switch_1200,domain_randomization,36.2639167,2.59661121,online_wce
grid,ppo,test,temporal,switch_1200,fixed_wce,39.9141111,1.5214704,online_wce
grid,ppo,test,temporal,switch_1200,online_wce,27.7998889,2.7622302,online_wce
grid,ppo,test,temporal,switch_300,baseline,82.0036667,4.07714301,online_wce
grid,ppo,test,temporal,switch_300,random_group,84.5444444,6.52068649,online_wce
grid,ppo,test,temporal,switch_300,domain_randomization,36.2389167,2.33471288,online_wce
grid,ppo,test,temporal,switch_300,fixed_wce,55.4705556,7.65608157,online_wce
grid,ppo,test,temporal,switch_300,online_wce,32.9862222,1.83275268,online_wce
grid,ppo,test,temporal,switch_900,baseline,68.11025,2.72621069,online_wce
grid,ppo,test,temporal,switch_900,random_group,57.6632222,2.23910033,online_wce
grid,ppo,test,temporal,switch_900,domain_randomization,30.4684444,1.6940638,online_wce
grid,ppo,test,temporal,switch_900,fixed_wce,37.9595556,2.65996336,online_wce
grid,ppo,test,temporal,switch_900,online_wce,28.1615,2.99225355,online_wce
monaco,ia2c,seen,seen,seen_Center_to_Periphery,baseline,76.1414167,11.7313691,domain_randomization
monaco,ia2c,seen,seen,seen_Center_to_Periphery,random_group,104.344444,11.1915335,domain_randomization
monaco,ia2c,seen,seen,seen_Center_to_Periphery,domain_randomization,74.8871667,18.5695432,domain_randomization
monaco,ia2c,seen,seen,seen_Center_to_Periphery,fixed_wce,88.8349444,17.8704433,domain_randomization
monaco,ia2c,seen,seen,seen_Center_to_Periphery,online_wce,93.9396667,12.4283715,domain_randomization
monaco,ia2c,seen,seen,seen_E_to_W,baseline,44.8762222,1.79893047,domain_randomization
monaco,ia2c,seen,seen,seen_E_to_W,random_group,50.0681389,2.67764393,domain_randomization
monaco,ia2c,seen,seen,seen_E_to_W,domain_randomization,35.9303333,1.25341938,domain_randomization
monaco,ia2c,seen,seen,seen_E_to_W,fixed_wce,44.6842222,2.43745783,domain_randomization
monaco,ia2c,seen,seen,seen_E_to_W,online_wce,41.6244444,2.24973291,domain_randomization
monaco,ia2c,seen,seen,seen_NE_to_SW,baseline,16.1855833,1.74645999,domain_randomization
monaco,ia2c,seen,seen,seen_NE_to_SW,random_group,17.0344167,1.48488729,domain_randomization
monaco,ia2c,seen,seen,seen_NE_to_SW,domain_randomization,12.4154444,0.505715332,domain_randomization
monaco,ia2c,seen,seen,seen_NE_to_SW,fixed_wce,13.6520278,0.738775333,domain_randomization
monaco,ia2c,seen,seen,seen_NE_to_SW,online_wce,13.3396944,0.518955395,domain_randomization
monaco,ia2c,seen,seen,seen_NW_to_SE,baseline,31.4923889,0.647011771,baseline
monaco,ia2c,seen,seen,seen_NW_to_SE,random_group,37.6841389,1.08937692,baseline
monaco,ia2c,seen,seen,seen_NW_to_SE,domain_randomization,32.9804167,1.3019553,baseline
monaco,ia2c,seen,seen,seen_NW_to_SE,fixed_wce,35.0085556,1.176947,baseline
monaco,ia2c,seen,seen,seen_NW_to_SE,online_wce,34.9286944,0.990802136,baseline
monaco,ia2c,seen,seen,seen_N_to_S,baseline,12.1661111,0.239442905,domain_randomization
monaco,ia2c,seen,seen,seen_N_to_S,random_group,15.3244167,0.473313037,domain_randomization
monaco,ia2c,seen,seen,seen_N_to_S,domain_randomization,11.5694444,0.251511651,domain_randomization
monaco,ia2c,seen,seen,seen_N_to_S,fixed_wce,12.05675,0.270631978,domain_randomization
monaco,ia2c,seen,seen,seen_N_to_S,online_wce,11.8486944,0.158315954,domain_randomization
monaco,ia2c,seen,seen,seen_Periphery_to_Center,baseline,66.286,14.9017736,baseline
monaco,ia2c,seen,seen,seen_Periphery_to_Center,random_group,115.267639,14.3028419,baseline
monaco,ia2c,seen,seen,seen_Periphery_to_Center,domain_randomization,93.09425,39.8852221,baseline
monaco,ia2c,seen,seen,seen_Periphery_to_Center,fixed_wce,72.2215556,18.7261701,baseline
monaco,ia2c,seen,seen,seen_Periphery_to_Center,online_wce,72.5298333,20.185075,baseline
monaco,ia2c,seen,seen,seen_SE_to_NW,baseline,65.3909722,2.68287058,random_group
monaco,ia2c,seen,seen,seen_SE_to_NW,random_group,58.7411667,2.82983216,random_group
monaco,ia2c,seen,seen,seen_SE_to_NW,domain_randomization,77.5679722,5.88295172,random_group
monaco,ia2c,seen,seen,seen_SE_to_NW,fixed_wce,89.1898056,3.98445416,random_group
monaco,ia2c,seen,seen,seen_SE_to_NW,online_wce,71.6022222,4.8270389,random_group
monaco,ia2c,seen,seen,seen_SW_to_NE,baseline,44.6358056,1.21318749,baseline
monaco,ia2c,seen,seen,seen_SW_to_NE,random_group,48.5298056,1.32619286,baseline
monaco,ia2c,seen,seen,seen_SW_to_NE,domain_randomization,47.1354444,1.62878535,baseline
monaco,ia2c,seen,seen,seen_SW_to_NE,fixed_wce,47.1831667,1.23469127,baseline
monaco,ia2c,seen,seen,seen_SW_to_NE,online_wce,45.4330556,0.851560719,baseline
monaco,ia2c,seen,seen,seen_S_to_N,baseline,53.8057778,5.52498917,baseline
monaco,ia2c,seen,seen,seen_S_to_N,random_group,64.1851111,1.95998156,baseline
monaco,ia2c,seen,seen,seen_S_to_N,domain_randomization,62.7574722,4.1343562,baseline
monaco,ia2c,seen,seen,seen_S_to_N,fixed_wce,58.2406389,3.78440324,baseline
monaco,ia2c,seen,seen,seen_S_to_N,online_wce,56.6850556,4.53763283,baseline
monaco,ia2c,seen,seen,seen_Uniform,baseline,125.184278,44.4613507,baseline
monaco,ia2c,seen,seen,seen_Uniform,random_group,222.080861,14.2008639,baseline
monaco,ia2c,seen,seen,seen_Uniform,domain_randomization,133.825,53.059332,baseline
monaco,ia2c,seen,seen,seen_Uniform,fixed_wce,177.033111,50.4818546,baseline
monaco,ia2c,seen,seen,seen_Uniform,online_wce,131.5435,46.8087956,baseline
monaco,ia2c,seen,seen,seen_W_to_E,baseline,44.0238333,0.869299536,random_group
monaco,ia2c,seen,seen,seen_W_to_E,random_group,36.1635,1.14374494,random_group
monaco,ia2c,seen,seen,seen_W_to_E,domain_randomization,45.0079167,1.52101829,random_group
monaco,ia2c,seen,seen,seen_W_to_E,fixed_wce,44.0625,1.49235173,random_group
monaco,ia2c,seen,seen,seen_W_to_E,online_wce,44.2839167,1.11855541,random_group
monaco,ia2c,test,mixture,mixture_1,baseline,40.0756667,9.63655966,domain_randomization
monaco,ia2c,test,mixture,mixture_1,random_group,127.165389,21.0945686,domain_randomization
monaco,ia2c,test,mixture,mixture_1,domain_randomization,27.4058889,0.913660097,domain_randomization
monaco,ia2c,test,mixture,mixture_1,fixed_wce,27.582,0.53504855,domain_randomization
monaco,ia2c,test,mixture,mixture_1,online_wce,29.3355,0.81977685,domain_randomization
monaco,ia2c,test,mixture,mixture_2,baseline,36.0057222,5.53369621,domain_randomization
monaco,ia2c,test,mixture,mixture_2,random_group,113.223139,24.9101699,domain_randomization
monaco,ia2c,test,mixture,mixture_2,domain_randomization,26.3649722,1.13237508,domain_randomization
monaco,ia2c,test,mixture,mixture_2,fixed_wce,28.0539444,1.8017386,domain_randomization
monaco,ia2c,test,mixture,mixture_2,online_wce,29.8258333,1.7972164,domain_randomization
monaco,ia2c,test,mixture,mixture_3,baseline,37.8356944,2.97186168,domain_randomization
monaco,ia2c,test,mixture,mixture_3,random_group,73.8900556,10.3741563,domain_randomization
monaco,ia2c,test,mixture,mixture_3,domain_randomization,32.7861389,4.34963838,domain_randomization
monaco,ia2c,test,mixture,mixture_3,fixed_wce,36.5358889,4.01858307,domain_randomization
monaco,ia2c,test,mixture,mixture_3,online_wce,38.2077778,4.9161426,domain_randomization
monaco,ia2c,test,peak,peak_1.1,baseline,158.545306,24.2309763,baseline
monaco,ia2c,test,peak,peak_1.1,random_group,235.692833,16.0902696,baseline
monaco,ia2c,test,peak,peak_1.1,domain_randomization,160.465194,38.208777,baseline
monaco,ia2c,test,peak,peak_1.1,fixed_wce,185.053806,47.135631,baseline
monaco,ia2c,test,peak,peak_1.1,online_wce,170.558778,32.4896449,baseline
monaco,ia2c,test,peak,peak_1.25,baseline,173.285111,22.8800877,baseline
monaco,ia2c,test,peak,peak_1.25,random_group,237.667694,12.7535826,baseline
monaco,ia2c,test,peak,peak_1.25,domain_randomization,174.179194,22.2518509,baseline
monaco,ia2c,test,peak,peak_1.25,fixed_wce,200.333472,30.645684,baseline
monaco,ia2c,test,peak,peak_1.25,online_wce,179.645611,30.3164517,baseline
monaco,ia2c,test,peak,peak_1.5,baseline,205.102778,22.5466516,baseline
monaco,ia2c,test,peak,peak_1.5,random_group,252.734694,15.6483582,baseline
monaco,ia2c,test,peak,peak_1.5,domain_randomization,209.674722,16.7098711,baseline
monaco,ia2c,test,peak,peak_1.5,fixed_wce,222.841722,27.0939966,baseline
monaco,ia2c,test,peak,peak_1.5,online_wce,213.413889,21.1203355,baseline
monaco,ia2c,test,redistribution,redistribution_0.25,baseline,148.209528,63.0483089,domain_randomization
monaco,ia2c,test,redistribution,redistribution_0.25,random_group,222.860417,32.0159343,domain_randomization
monaco,ia2c,test,redistribution,redistribution_0.25,domain_randomization,129.319528,50.4253723,domain_randomization
monaco,ia2c,test,redistribution,redistribution_0.25,fixed_wce,175.094667,60.86157,domain_randomization
monaco,ia2c,test,redistribution,redistribution_0.25,online_wce,150.946111,47.4685937,domain_randomization
monaco,ia2c,test,redistribution,redistribution_0.5,baseline,155.747639,26.5719635,domain_randomization
monaco,ia2c,test,redistribution,redistribution_0.5,random_group,217.443722,32.0941723,domain_randomization
monaco,ia2c,test,redistribution,redistribution_0.5,domain_randomization,130.005361,35.3331267,domain_randomization
monaco,ia2c,test,redistribution,redistribution_0.5,fixed_wce,192.07425,43.1243704,domain_randomization
monaco,ia2c,test,redistribution,redistribution_0.5,online_wce,149.881889,32.3331554,domain_randomization
monaco,ia2c,test,redistribution,redistribution_0.75,baseline,128.197083,66.2798941,domain_randomization
monaco,ia2c,test,redistribution,redistribution_0.75,random_group,224.972667,29.9131006,domain_randomization
monaco,ia2c,test,redistribution,redistribution_0.75,domain_randomization,106.042722,59.49902,domain_randomization
monaco,ia2c,test,redistribution,redistribution_0.75,fixed_wce,132.47775,70.3816594,domain_randomization
monaco,ia2c,test,redistribution,redistribution_0.75,online_wce,131.637028,56.8371057,domain_randomization
monaco,ia2c,test,temporal,switch_1200,baseline,40.694,7.39257815,domain_randomization
monaco,ia2c,test,temporal,switch_1200,random_group,87.6176944,16.9653801,domain_randomization
monaco,ia2c,test,temporal,switch_1200,domain_randomization,38.9020556,8.51529365,domain_randomization
monaco,ia2c,test,temporal,switch_1200,fixed_wce,59.2260833,36.9911549,domain_randomization
monaco,ia2c,test,temporal,switch_1200,online_wce,41.1538333,8.56095269,domain_randomization
monaco,ia2c,test,temporal,switch_300,baseline,55.0762222,6.05401422,fixed_wce
monaco,ia2c,test,temporal,switch_300,random_group,89.9745556,14.3572481,fixed_wce
monaco,ia2c,test,temporal,switch_300,domain_randomization,52.4541667,20.1232345,fixed_wce
monaco,ia2c,test,temporal,switch_300,fixed_wce,47.3663889,3.42127067,fixed_wce
monaco,ia2c,test,temporal,switch_300,online_wce,55.0519444,19.4697495,fixed_wce
monaco,ia2c,test,temporal,switch_900,baseline,60.8185278,5.80152632,baseline
monaco,ia2c,test,temporal,switch_900,random_group,118.701833,26.7317693,baseline
monaco,ia2c,test,temporal,switch_900,domain_randomization,74.1815833,41.8145661,baseline
monaco,ia2c,test,temporal,switch_900,fixed_wce,83.3608889,30.5217892,baseline
monaco,ia2c,test,temporal,switch_900,online_wce,101.452806,51.4502368,baseline
monaco,ma2c,seen,seen,seen_Center_to_Periphery,baseline,18.3527222,1.2958096,baseline
monaco,ma2c,seen,seen,seen_Center_to_Periphery,random_group,22.9786389,2.98603388,baseline
monaco,ma2c,seen,seen,seen_Center_to_Periphery,domain_randomization,32.4611389,6.1541649,baseline
monaco,ma2c,seen,seen,seen_Center_to_Periphery,fixed_wce,42.4879444,16.3730873,baseline
monaco,ma2c,seen,seen,seen_Center_to_Periphery,online_wce,25.2092222,3.52993352,baseline
monaco,ma2c,seen,seen,seen_E_to_W,baseline,20.7439167,0.407491141,baseline
monaco,ma2c,seen,seen,seen_E_to_W,random_group,21.2194167,0.525547162,baseline
monaco,ma2c,seen,seen,seen_E_to_W,domain_randomization,20.9715278,1.03894338,baseline
monaco,ma2c,seen,seen,seen_E_to_W,fixed_wce,21.5000278,0.737444488,baseline
monaco,ma2c,seen,seen,seen_E_to_W,online_wce,21.3142222,1.30360834,baseline
monaco,ma2c,seen,seen,seen_NE_to_SW,baseline,4.75333333,0.204141995,domain_randomization
monaco,ma2c,seen,seen,seen_NE_to_SW,random_group,4.82627778,0.116295132,domain_randomization
monaco,ma2c,seen,seen,seen_NE_to_SW,domain_randomization,4.61761111,0.200816885,domain_randomization
monaco,ma2c,seen,seen,seen_NE_to_SW,fixed_wce,4.66283333,0.164893385,domain_randomization
monaco,ma2c,seen,seen,seen_NE_to_SW,online_wce,4.72455556,0.173846591,domain_randomization
monaco,ma2c,seen,seen,seen_NW_to_SE,baseline,19.1158611,0.84005427,random_group
monaco,ma2c,seen,seen,seen_NW_to_SE,random_group,17.9376111,0.969619746,random_group
monaco,ma2c,seen,seen,seen_NW_to_SE,domain_randomization,18.7018611,1.04565402,random_group
monaco,ma2c,seen,seen,seen_NW_to_SE,fixed_wce,20.1614444,2.04270804,random_group
monaco,ma2c,seen,seen,seen_NW_to_SE,online_wce,19.8671667,2.08417713,random_group
monaco,ma2c,seen,seen,seen_N_to_S,baseline,6.40541667,0.165602687,online_wce
monaco,ma2c,seen,seen,seen_N_to_S,random_group,6.84488889,0.144394887,online_wce
monaco,ma2c,seen,seen,seen_N_to_S,domain_randomization,6.11177778,0.236588994,online_wce
monaco,ma2c,seen,seen,seen_N_to_S,fixed_wce,6.13197222,0.302881352,online_wce
monaco,ma2c,seen,seen,seen_N_to_S,online_wce,6.11136111,0.203722451,online_wce
monaco,ma2c,seen,seen,seen_Periphery_to_Center,baseline,25.6558611,1.73470745,fixed_wce
monaco,ma2c,seen,seen,seen_Periphery_to_Center,random_group,27.9554722,0.751686262,fixed_wce
monaco,ma2c,seen,seen,seen_Periphery_to_Center,domain_randomization,25.4813611,1.76686307,fixed_wce
monaco,ma2c,seen,seen,seen_Periphery_to_Center,fixed_wce,25.0063889,1.59007279,fixed_wce
monaco,ma2c,seen,seen,seen_Periphery_to_Center,online_wce,25.4556944,1.514168,fixed_wce
monaco,ma2c,seen,seen,seen_SE_to_NW,baseline,36.7591667,1.29033103,random_group
monaco,ma2c,seen,seen,seen_SE_to_NW,random_group,32.1821111,1.00604989,random_group
monaco,ma2c,seen,seen,seen_SE_to_NW,domain_randomization,33.5912222,1.21463814,random_group
monaco,ma2c,seen,seen,seen_SE_to_NW,fixed_wce,56.9993889,9.24119323,random_group
monaco,ma2c,seen,seen,seen_SE_to_NW,online_wce,41.439,6.51354916,random_group
monaco,ma2c,seen,seen,seen_SW_to_NE,baseline,33.7508611,1.82855606,random_group
monaco,ma2c,seen,seen,seen_SW_to_NE,random_group,33.4123611,2.64138178,random_group
monaco,ma2c,seen,seen,seen_SW_to_NE,domain_randomization,35.1865,1.62992375,random_group
monaco,ma2c,seen,seen,seen_SW_to_NE,fixed_wce,37.1327778,2.08359868,random_group
monaco,ma2c,seen,seen,seen_SW_to_NE,online_wce,41.7628611,3.17631442,random_group
monaco,ma2c,seen,seen,seen_S_to_N,baseline,37.03275,3.2152494,random_group
monaco,ma2c,seen,seen,seen_S_to_N,random_group,36.0628889,4.8177059,random_group
monaco,ma2c,seen,seen,seen_S_to_N,domain_randomization,41.3570556,1.71228698,random_group
monaco,ma2c,seen,seen,seen_S_to_N,fixed_wce,39.7099444,3.12102982,random_group
monaco,ma2c,seen,seen,seen_S_to_N,online_wce,38.7727778,3.63884966,random_group
monaco,ma2c,seen,seen,seen_Uniform,baseline,17.3264722,1.83164064,random_group
monaco,ma2c,seen,seen,seen_Uniform,random_group,16.8063333,1.86764145,random_group
monaco,ma2c,seen,seen,seen_Uniform,domain_randomization,17.9114167,2.64811545,random_group
monaco,ma2c,seen,seen,seen_Uniform,fixed_wce,37.2937222,59.0038903,random_group
monaco,ma2c,seen,seen,seen_Uniform,online_wce,20.7206111,5.45949426,random_group
monaco,ma2c,seen,seen,seen_W_to_E,baseline,23.6903611,0.8220104,baseline
monaco,ma2c,seen,seen,seen_W_to_E,random_group,24.8120278,1.31152503,baseline
monaco,ma2c,seen,seen,seen_W_to_E,domain_randomization,26.6339722,3.08076088,baseline
monaco,ma2c,seen,seen,seen_W_to_E,fixed_wce,25.0148889,2.16916771,baseline
monaco,ma2c,seen,seen,seen_W_to_E,online_wce,28.0661667,1.57036615,baseline
monaco,ma2c,test,mixture,mixture_1,baseline,15.4924722,0.263809782,domain_randomization
monaco,ma2c,test,mixture,mixture_1,random_group,15.7949722,0.380575007,domain_randomization
monaco,ma2c,test,mixture,mixture_1,domain_randomization,14.7970833,0.35634185,domain_randomization
monaco,ma2c,test,mixture,mixture_1,fixed_wce,15.2557222,0.310125483,domain_randomization
monaco,ma2c,test,mixture,mixture_1,online_wce,14.9488056,0.254318566,domain_randomization
monaco,ma2c,test,mixture,mixture_2,baseline,14.71825,0.719447329,online_wce
monaco,ma2c,test,mixture,mixture_2,random_group,15.1969167,0.630715124,online_wce
monaco,ma2c,test,mixture,mixture_2,domain_randomization,14.2696111,0.646482359,online_wce
monaco,ma2c,test,mixture,mixture_2,fixed_wce,14.3215833,0.652468328,online_wce
monaco,ma2c,test,mixture,mixture_2,online_wce,14.0164167,0.55510365,online_wce
monaco,ma2c,test,mixture,mixture_3,baseline,14.7454444,0.846725843,online_wce
monaco,ma2c,test,mixture,mixture_3,random_group,16.8171111,1.78418725,online_wce
monaco,ma2c,test,mixture,mixture_3,domain_randomization,13.7936389,0.65001313,online_wce
monaco,ma2c,test,mixture,mixture_3,fixed_wce,14.0994167,0.345294115,online_wce
monaco,ma2c,test,mixture,mixture_3,online_wce,13.4088611,0.400314743,online_wce
monaco,ma2c,test,peak,peak_1.1,baseline,18.2197222,1.23110158,random_group
monaco,ma2c,test,peak,peak_1.1,random_group,17.5477778,0.947595461,random_group
monaco,ma2c,test,peak,peak_1.1,domain_randomization,18.26425,1.57038784,random_group
monaco,ma2c,test,peak,peak_1.1,fixed_wce,36.1073889,25.7151668,random_group
monaco,ma2c,test,peak,peak_1.1,online_wce,21.9250833,4.34916398,random_group
monaco,ma2c,test,peak,peak_1.25,baseline,22.2073056,3.53073248,random_group
monaco,ma2c,test,peak,peak_1.25,random_group,20.6311389,1.95171588,random_group
monaco,ma2c,test,peak,peak_1.25,domain_randomization,21.3474444,1.94230678,random_group
monaco,ma2c,test,peak,peak_1.25,fixed_wce,44.6796111,39.3140237,random_group
monaco,ma2c,test,peak,peak_1.25,online_wce,55.6331111,39.5300049,random_group
monaco,ma2c,test,peak,peak_1.5,baseline,55.5858056,40.0947422,random_group
monaco,ma2c,test,peak,peak_1.5,random_group,46.29775,37.909008,random_group
monaco,ma2c,test,peak,peak_1.5,domain_randomization,85.3062222,46.3068775,random_group
monaco,ma2c,test,peak,peak_1.5,fixed_wce,122.511,48.1723252,random_group
monaco,ma2c,test,peak,peak_1.5,online_wce,110.164306,38.201724,random_group
monaco,ma2c,test,redistribution,redistribution_0.25,baseline,17.2168611,1.84178787,random_group
monaco,ma2c,test,redistribution,redistribution_0.25,random_group,16.0826111,0.812823083,random_group
monaco,ma2c,test,redistribution,redistribution_0.25,domain_randomization,17.3185278,2.00272683,random_group
monaco,ma2c,test,redistribution,redistribution_0.25,fixed_wce,19.79275,2.23257,random_group
monaco,ma2c,test,redistribution,redistribution_0.25,online_wce,18.2139167,4.70719033,random_group
monaco,ma2c,test,redistribution,redistribution_0.5,baseline,16.5547222,1.49202787,random_group
monaco,ma2c,test,redistribution,redistribution_0.5,random_group,15.8405,0.852983948,random_group
monaco,ma2c,test,redistribution,redistribution_0.5,domain_randomization,16.7558333,1.88450943,random_group
monaco,ma2c,test,redistribution,redistribution_0.5,fixed_wce,19.108,2.14401511,random_group
monaco,ma2c,test,redistribution,redistribution_0.5,online_wce,18.9286111,3.49628028,random_group
monaco,ma2c,test,redistribution,redistribution_0.75,baseline,17.1945556,1.78831652,random_group
monaco,ma2c,test,redistribution,redistribution_0.75,random_group,15.82025,1.05151748,random_group
monaco,ma2c,test,redistribution,redistribution_0.75,domain_randomization,16.7327222,1.14117486,random_group
monaco,ma2c,test,redistribution,redistribution_0.75,fixed_wce,19.1305833,1.91345894,random_group
monaco,ma2c,test,redistribution,redistribution_0.75,online_wce,19.7038333,7.45400624,random_group
monaco,ma2c,test,temporal,switch_1200,baseline,18.4426944,1.03704469,domain_randomization
monaco,ma2c,test,temporal,switch_1200,random_group,17.6603611,1.1546713,domain_randomization
monaco,ma2c,test,temporal,switch_1200,domain_randomization,17.4111944,1.28088176,domain_randomization
monaco,ma2c,test,temporal,switch_1200,fixed_wce,18.7714444,1.77161129,domain_randomization
monaco,ma2c,test,temporal,switch_1200,online_wce,17.83275,1.86586687,domain_randomization
monaco,ma2c,test,temporal,switch_300,baseline,24.8043611,1.29534742,domain_randomization
monaco,ma2c,test,temporal,switch_300,random_group,25.2545,1.73552794,domain_randomization
monaco,ma2c,test,temporal,switch_300,domain_randomization,23.4457222,1.2109036,domain_randomization
monaco,ma2c,test,temporal,switch_300,fixed_wce,24.0690556,1.28186878,domain_randomization
monaco,ma2c,test,temporal,switch_300,online_wce,23.5503333,1.52799219,domain_randomization
monaco,ma2c,test,temporal,switch_900,baseline,27.93325,2.43110015,random_group
monaco,ma2c,test,temporal,switch_900,random_group,26.0615833,2.30337501,random_group
monaco,ma2c,test,temporal,switch_900,domain_randomization,31.3341111,7.32411935,random_group
monaco,ma2c,test,temporal,switch_900,fixed_wce,32.4687222,4.38008343,random_group
monaco,ma2c,test,temporal,switch_900,online_wce,30.50525,7.32297473,random_group
monaco,iqll,seen,seen,seen_Center_to_Periphery,baseline,160.994444,10.5584414,random_group
monaco,iqll,seen,seen,seen_Center_to_Periphery,random_group,68.0365833,22.3714459,random_group
monaco,iqll,seen,seen,seen_Center_to_Periphery,domain_randomization,125.135028,11.7478852,random_group
monaco,iqll,seen,seen,seen_Center_to_Periphery,fixed_wce,155.090417,10.0449736,random_group
monaco,iqll,seen,seen,seen_Center_to_Periphery,online_wce,150.34725,10.1186431,random_group
monaco,iqll,seen,seen,seen_E_to_W,baseline,206.723583,12.7312053,domain_randomization
monaco,iqll,seen,seen,seen_E_to_W,random_group,153.865694,6.52380501,domain_randomization
monaco,iqll,seen,seen,seen_E_to_W,domain_randomization,121.544861,4.3993356,domain_randomization
monaco,iqll,seen,seen,seen_E_to_W,fixed_wce,130.548361,6.27545007,domain_randomization
monaco,iqll,seen,seen,seen_E_to_W,online_wce,149.2555,6.50438123,domain_randomization
monaco,iqll,seen,seen,seen_NE_to_SW,baseline,100.378917,8.08405249,domain_randomization
monaco,iqll,seen,seen,seen_NE_to_SW,random_group,79.2820833,3.29122574,domain_randomization
monaco,iqll,seen,seen,seen_NE_to_SW,domain_randomization,73.7404722,8.0579908,domain_randomization
monaco,iqll,seen,seen,seen_NE_to_SW,fixed_wce,84.5339722,10.5680892,domain_randomization
monaco,iqll,seen,seen,seen_NE_to_SW,online_wce,96.9680556,5.47094905,domain_randomization
monaco,iqll,seen,seen,seen_NW_to_SE,baseline,109.167639,15.7069892,random_group
monaco,iqll,seen,seen,seen_NW_to_SE,random_group,57.00825,18.4542559,random_group
monaco,iqll,seen,seen,seen_NW_to_SE,domain_randomization,113.893889,14.2465508,random_group
monaco,iqll,seen,seen,seen_NW_to_SE,fixed_wce,128.355056,9.43443843,random_group
monaco,iqll,seen,seen,seen_NW_to_SE,online_wce,108.355944,18.4058527,random_group
monaco,iqll,seen,seen,seen_N_to_S,baseline,84.9801944,4.01709906,domain_randomization
monaco,iqll,seen,seen,seen_N_to_S,random_group,74.2208333,4.19252839,domain_randomization
monaco,iqll,seen,seen,seen_N_to_S,domain_randomization,64.2350833,9.03513502,domain_randomization
monaco,iqll,seen,seen,seen_N_to_S,fixed_wce,78.6856389,8.02658127,domain_randomization
monaco,iqll,seen,seen,seen_N_to_S,online_wce,95.0706111,11.0155495,domain_randomization
monaco,iqll,seen,seen,seen_Periphery_to_Center,baseline,235.276389,13.2657047,random_group
monaco,iqll,seen,seen,seen_Periphery_to_Center,random_group,55.9421111,37.1401546,random_group
monaco,iqll,seen,seen,seen_Periphery_to_Center,domain_randomization,234.889194,8.33149389,random_group
monaco,iqll,seen,seen,seen_Periphery_to_Center,fixed_wce,229.666583,7.07766193,random_group
monaco,iqll,seen,seen,seen_Periphery_to_Center,online_wce,228.940361,8.68305786,random_group
monaco,iqll,seen,seen,seen_SE_to_NW,baseline,184.288278,3.96509335,random_group
monaco,iqll,seen,seen,seen_SE_to_NW,random_group,102.344167,2.404192,random_group
monaco,iqll,seen,seen,seen_SE_to_NW,domain_randomization,117.653306,3.37943262,random_group
monaco,iqll,seen,seen,seen_SE_to_NW,fixed_wce,124.646083,3.59740535,random_group
monaco,iqll,seen,seen,seen_SE_to_NW,online_wce,120.060028,7.83378779,random_group
monaco,iqll,seen,seen,seen_SW_to_NE,baseline,96.2295556,6.29563729,domain_randomization
monaco,iqll,seen,seen,seen_SW_to_NE,random_group,56.2383611,1.42529769,domain_randomization
monaco,iqll,seen,seen,seen_SW_to_NE,domain_randomization,54.5064444,7.18998013,domain_randomization
monaco,iqll,seen,seen,seen_SW_to_NE,fixed_wce,107.649056,9.84375134,domain_randomization
monaco,iqll,seen,seen,seen_SW_to_NE,online_wce,67.7238333,7.72907018,domain_randomization
monaco,iqll,seen,seen,seen_S_to_N,baseline,89.1689167,3.27365587,online_wce
monaco,iqll,seen,seen,seen_S_to_N,random_group,101.224028,4.71907846,online_wce
monaco,iqll,seen,seen,seen_S_to_N,domain_randomization,81.7356944,3.11366325,online_wce
monaco,iqll,seen,seen,seen_S_to_N,fixed_wce,89.6882222,9.96546406,online_wce
monaco,iqll,seen,seen,seen_S_to_N,online_wce,51.1225556,2.53050361,online_wce
monaco,iqll,seen,seen,seen_Uniform,baseline,334.162167,7.61163248,random_group
monaco,iqll,seen,seen,seen_Uniform,random_group,229.22375,44.4323285,random_group
monaco,iqll,seen,seen,seen_Uniform,domain_randomization,312.138028,8.41450441,random_group
monaco,iqll,seen,seen,seen_Uniform,fixed_wce,319.608111,10.259067,random_group
monaco,iqll,seen,seen,seen_Uniform,online_wce,307.411472,8.80322738,random_group
monaco,iqll,seen,seen,seen_W_to_E,baseline,104.440306,8.16598003,random_group
monaco,iqll,seen,seen,seen_W_to_E,random_group,66.3858333,24.8515837,random_group
monaco,iqll,seen,seen,seen_W_to_E,domain_randomization,112.328833,6.5391444,random_group
monaco,iqll,seen,seen,seen_W_to_E,fixed_wce,126.853556,6.46329665,random_group
monaco,iqll,seen,seen,seen_W_to_E,online_wce,97.19475,13.1592991,random_group
monaco,iqll,test,mixture,mixture_1,baseline,248.7835,23.8280515,random_group
monaco,iqll,test,mixture,mixture_1,random_group,136.455028,55.7344605,random_group
monaco,iqll,test,mixture,mixture_1,domain_randomization,262.442639,10.1237265,random_group
monaco,iqll,test,mixture,mixture_1,fixed_wce,273.585972,6.67995428,random_group
monaco,iqll,test,mixture,mixture_1,online_wce,277.507306,9.85672443,random_group
monaco,iqll,test,mixture,mixture_2,baseline,244.378472,13.7778222,random_group
monaco,iqll,test,mixture,mixture_2,random_group,163.126889,40.0990752,random_group
monaco,iqll,test,mixture,mixture_2,domain_randomization,240.844611,9.99147443,random_group
monaco,iqll,test,mixture,mixture_2,fixed_wce,249.719111,5.4810748,random_group
monaco,iqll,test,mixture,mixture_2,online_wce,256.104972,5.92865179,random_group
monaco,iqll,test,mixture,mixture_3,baseline,180.826028,13.2960193,random_group
monaco,iqll,test,mixture,mixture_3,random_group,126.085833,22.9291026,random_group
monaco,iqll,test,mixture,mixture_3,domain_randomization,161.466944,13.3185582,random_group
monaco,iqll,test,mixture,mixture_3,fixed_wce,190.961306,17.4113404,random_group
monaco,iqll,test,mixture,mixture_3,online_wce,196.49925,12.6021029,random_group
monaco,iqll,test,peak,peak_1.1,baseline,338.15075,10.5178765,random_group
monaco,iqll,test,peak,peak_1.1,random_group,218.659111,36.69946,random_group
monaco,iqll,test,peak,peak_1.1,domain_randomization,316.973194,7.26353984,random_group
monaco,iqll,test,peak,peak_1.1,fixed_wce,317.126806,12.7513205,random_group
monaco,iqll,test,peak,peak_1.1,online_wce,311.433194,11.2729078,random_group
monaco,iqll,test,peak,peak_1.25,baseline,338.832861,12.4829405,random_group
monaco,iqll,test,peak,peak_1.25,random_group,224.877361,33.8748269,random_group
monaco,iqll,test,peak,peak_1.25,domain_randomization,317.898639,7.95371593,random_group
monaco,iqll,test,peak,peak_1.25,fixed_wce,318.174389,12.3853703,random_group
monaco,iqll,test,peak,peak_1.25,online_wce,315.0255,11.6960044,random_group
monaco,iqll,test,peak,peak_1.5,baseline,341.155083,8.0185122,random_group
monaco,iqll,test,peak,peak_1.5,random_group,242.893611,34.4200936,random_group
monaco,iqll,test,peak,peak_1.5,domain_randomization,323.103556,6.23479961,random_group
monaco,iqll,test,peak,peak_1.5,fixed_wce,323.158472,12.8802553,random_group
monaco,iqll,test,peak,peak_1.5,online_wce,318.045083,9.69006911,random_group
monaco,iqll,test,redistribution,redistribution_0.25,baseline,331.958556,10.015104,random_group
monaco,iqll,test,redistribution,redistribution_0.25,random_group,238.198639,18.093102,random_group
monaco,iqll,test,redistribution,redistribution_0.25,domain_randomization,311.26875,7.20311434,random_group
monaco,iqll,test,redistribution,redistribution_0.25,fixed_wce,313.975,9.41461299,random_group
monaco,iqll,test,redistribution,redistribution_0.25,online_wce,309.299583,8.84840814,random_group
monaco,iqll,test,redistribution,redistribution_0.5,baseline,331.348611,9.26182264,random_group
monaco,iqll,test,redistribution,redistribution_0.5,random_group,229.142056,32.1998429,random_group
monaco,iqll,test,redistribution,redistribution_0.5,domain_randomization,309.707667,15.6836853,random_group
monaco,iqll,test,redistribution,redistribution_0.5,fixed_wce,308.900111,13.175128,random_group
monaco,iqll,test,redistribution,redistribution_0.5,online_wce,305.461944,10.1377164,random_group
monaco,iqll,test,redistribution,redistribution_0.75,baseline,339.021583,10.994447,random_group
monaco,iqll,test,redistribution,redistribution_0.75,random_group,227.379917,64.7596724,random_group
monaco,iqll,test,redistribution,redistribution_0.75,domain_randomization,309.512556,10.2902964,random_group
monaco,iqll,test,redistribution,redistribution_0.75,fixed_wce,321.788861,8.66006606,random_group
monaco,iqll,test,redistribution,redistribution_0.75,online_wce,310.070611,8.42498809,random_group
monaco,iqll,test,temporal,switch_1200,baseline,290.120194,11.4583737,random_group
monaco,iqll,test,temporal,switch_1200,random_group,132.965028,36.241446,random_group
monaco,iqll,test,temporal,switch_1200,domain_randomization,279.57325,12.6426407,random_group
monaco,iqll,test,temporal,switch_1200,fixed_wce,270.405472,16.1153017,random_group
monaco,iqll,test,temporal,switch_1200,online_wce,265.2115,14.1721259,random_group
monaco,iqll,test,temporal,switch_300,baseline,187.698083,21.6124816,random_group
monaco,iqll,test,temporal,switch_300,random_group,145.891583,11.6784921,random_group
monaco,iqll,test,temporal,switch_300,domain_randomization,167.836361,17.4435632,random_group
monaco,iqll,test,temporal,switch_300,fixed_wce,210.166056,8.69224087,random_group
monaco,iqll,test,temporal,switch_300,online_wce,215.043389,11.8589389,random_group
monaco,iqll,test,temporal,switch_900,baseline,257.280917,5.06705136,random_group
monaco,iqll,test,temporal,switch_900,random_group,128.182583,14.7860578,random_group
monaco,iqll,test,temporal,switch_900,domain_randomization,194.578,18.1684211,random_group
monaco,iqll,test,temporal,switch_900,fixed_wce,233.290833,4.14494075,random_group
monaco,iqll,test,temporal,switch_900,online_wce,230.833056,3.1656327,random_group
monaco,ppo,seen,seen,seen_Center_to_Periphery,baseline,102.315778,11.144837,online_wce
monaco,ppo,seen,seen,seen_Center_to_Periphery,random_group,108.8515,5.98954882,online_wce
monaco,ppo,seen,seen,seen_Center_to_Periphery,domain_randomization,91.9206667,13.3611685,online_wce
monaco,ppo,seen,seen,seen_Center_to_Periphery,fixed_wce,106.173194,19.3072397,online_wce
monaco,ppo,seen,seen,seen_Center_to_Periphery,online_wce,17.1292778,26.1433889,online_wce
monaco,ppo,seen,seen,seen_E_to_W,baseline,37.4416667,1.37334682,fixed_wce
monaco,ppo,seen,seen,seen_E_to_W,random_group,36.5354444,0.779861585,fixed_wce
monaco,ppo,seen,seen,seen_E_to_W,domain_randomization,28.2316111,6.68903785,fixed_wce
monaco,ppo,seen,seen,seen_E_to_W,fixed_wce,17.9809444,1.32068569,fixed_wce
monaco,ppo,seen,seen,seen_E_to_W,online_wce,19.5578056,4.40014883,fixed_wce
monaco,ppo,seen,seen,seen_NE_to_SW,baseline,9.00044444,0.326741147,online_wce
monaco,ppo,seen,seen,seen_NE_to_SW,random_group,13.746,0.368373045,online_wce
monaco,ppo,seen,seen,seen_NE_to_SW,domain_randomization,2.97038889,0.143381847,online_wce
monaco,ppo,seen,seen,seen_NE_to_SW,fixed_wce,2.21969444,0.166269096,online_wce
monaco,ppo,seen,seen,seen_NE_to_SW,online_wce,1.80586111,0.107827757,online_wce
monaco,ppo,seen,seen,seen_NW_to_SE,baseline,25.1309722,1.68812229,online_wce
monaco,ppo,seen,seen,seen_NW_to_SE,random_group,29.1906111,1.0612429,online_wce
monaco,ppo,seen,seen,seen_NW_to_SE,domain_randomization,17.1121389,1.95265049,online_wce
monaco,ppo,seen,seen,seen_NW_to_SE,fixed_wce,16.8729444,0.902401661,online_wce
monaco,ppo,seen,seen,seen_NW_to_SE,online_wce,14.8323611,0.541539147,online_wce
monaco,ppo,seen,seen,seen_N_to_S,baseline,10.0908333,0.296870942,fixed_wce
monaco,ppo,seen,seen,seen_N_to_S,random_group,15.1288889,0.447761675,fixed_wce
monaco,ppo,seen,seen,seen_N_to_S,domain_randomization,4.95558333,0.769046053,fixed_wce
monaco,ppo,seen,seen,seen_N_to_S,fixed_wce,3.02538889,0.133334825,fixed_wce
monaco,ppo,seen,seen,seen_N_to_S,online_wce,3.35363889,0.138864285,fixed_wce
monaco,ppo,seen,seen,seen_Periphery_to_Center,baseline,46.1028333,2.87884759,fixed_wce
monaco,ppo,seen,seen,seen_Periphery_to_Center,random_group,132.955333,21.8892543,fixed_wce
monaco,ppo,seen,seen,seen_Periphery_to_Center,domain_randomization,13.8154444,0.7443788,fixed_wce
monaco,ppo,seen,seen,seen_Periphery_to_Center,fixed_wce,9.06422222,0.488347831,fixed_wce
monaco,ppo,seen,seen,seen_Periphery_to_Center,online_wce,10.0943611,2.76873467,fixed_wce
monaco,ppo,seen,seen,seen_SE_to_NW,baseline,51.7689722,1.73065444,domain_randomization
monaco,ppo,seen,seen,seen_SE_to_NW,random_group,40.9721944,1.68926744,domain_randomization
monaco,ppo,seen,seen,seen_SE_to_NW,domain_randomization,29.7625556,1.66113565,domain_randomization
monaco,ppo,seen,seen,seen_SE_to_NW,fixed_wce,46.2251667,1.70004934,domain_randomization
monaco,ppo,seen,seen,seen_SE_to_NW,online_wce,33.7541667,1.49441553,domain_randomization
monaco,ppo,seen,seen,seen_SW_to_NE,baseline,36.0875556,1.028583,domain_randomization
monaco,ppo,seen,seen,seen_SW_to_NE,random_group,41.0267778,0.63254772,domain_randomization
monaco,ppo,seen,seen,seen_SW_to_NE,domain_randomization,30.2037222,1.12109075,domain_randomization
monaco,ppo,seen,seen,seen_SW_to_NE,fixed_wce,31.4698333,2.14156257,domain_randomization
monaco,ppo,seen,seen,seen_SW_to_NE,online_wce,63.6116944,2.19762044,domain_randomization
monaco,ppo,seen,seen,seen_S_to_N,baseline,60.5601389,3.21128773,domain_randomization
monaco,ppo,seen,seen,seen_S_to_N,random_group,70.8526389,4.12354022,domain_randomization
monaco,ppo,seen,seen,seen_S_to_N,domain_randomization,25.4235,1.98973815,domain_randomization
monaco,ppo,seen,seen,seen_S_to_N,fixed_wce,70.0284722,7.5518157,domain_randomization
monaco,ppo,seen,seen,seen_S_to_N,online_wce,44.4605833,1.55112421,domain_randomization
monaco,ppo,seen,seen,seen_Uniform,baseline,160.396417,43.6888352,online_wce
monaco,ppo,seen,seen,seen_Uniform,random_group,228.680583,21.1689692,online_wce
monaco,ppo,seen,seen,seen_Uniform,domain_randomization,10.3248889,0.353314654,online_wce
monaco,ppo,seen,seen,seen_Uniform,fixed_wce,7.86319444,0.233380295,online_wce
monaco,ppo,seen,seen,seen_Uniform,online_wce,7.58822222,0.246713278,online_wce
monaco,ppo,seen,seen,seen_W_to_E,baseline,40.5111944,1.01424654,online_wce
monaco,ppo,seen,seen,seen_W_to_E,random_group,40.4646111,1.04065284,online_wce
monaco,ppo,seen,seen,seen_W_to_E,domain_randomization,15.9748333,2.04667737,online_wce
monaco,ppo,seen,seen,seen_W_to_E,fixed_wce,37.5599167,4.24769125,online_wce
monaco,ppo,seen,seen,seen_W_to_E,online_wce,11.7011944,1.15194699,online_wce
monaco,ppo,test,mixture,mixture_1,baseline,130.987083,29.0740781,online_wce
monaco,ppo,test,mixture,mixture_1,random_group,147.739944,24.8741328,online_wce
monaco,ppo,test,mixture,mixture_1,domain_randomization,10.6664167,0.367427812,online_wce
monaco,ppo,test,mixture,mixture_1,fixed_wce,7.92913889,0.161110975,online_wce
monaco,ppo,test,mixture,mixture_1,online_wce,7.6215,0.185012429,online_wce
monaco,ppo,test,mixture,mixture_2,baseline,43.7976667,5.91136667,online_wce
monaco,ppo,test,mixture,mixture_2,random_group,160.772444,29.9549367,online_wce
monaco,ppo,test,mixture,mixture_2,domain_randomization,10.3670278,0.513504929,online_wce
monaco,ppo,test,mixture,mixture_2,fixed_wce,7.44522222,0.485338271,online_wce
monaco,ppo,test,mixture,mixture_2,online_wce,6.97177778,0.437799637,online_wce
monaco,ppo,test,mixture,mixture_3,baseline,45.5813333,7.29988349,online_wce
monaco,ppo,test,mixture,mixture_3,random_group,47.5651667,3.82750707,online_wce
monaco,ppo,test,mixture,mixture_3,domain_randomization,10.6551389,0.690322349,online_wce
monaco,ppo,test,mixture,mixture_3,fixed_wce,9.06075,1.20365832,online_wce
monaco,ppo,test,mixture,mixture_3,online_wce,8.34516667,0.82051438,online_wce
monaco,ppo,test,peak,peak_1.1,baseline,171.770861,35.022391,online_wce
monaco,ppo,test,peak,peak_1.1,random_group,242.812722,22.9552645,online_wce
monaco,ppo,test,peak,peak_1.1,domain_randomization,11.0595556,0.436635413,online_wce
monaco,ppo,test,peak,peak_1.1,fixed_wce,8.63969444,0.597301494,online_wce
monaco,ppo,test,peak,peak_1.1,online_wce,8.37961111,0.525418153,online_wce
monaco,ppo,test,peak,peak_1.25,baseline,184.655222,26.0076378,online_wce
monaco,ppo,test,peak,peak_1.25,random_group,246.689639,22.4398253,online_wce
monaco,ppo,test,peak,peak_1.25,domain_randomization,12.8399722,1.12332447,online_wce
monaco,ppo,test,peak,peak_1.25,fixed_wce,21.7212222,36.7910638,online_wce
monaco,ppo,test,peak,peak_1.25,online_wce,9.54661111,0.745775124,online_wce
monaco,ppo,test,peak,peak_1.5,baseline,214.775861,16.4595342,online_wce
monaco,ppo,test,peak,peak_1.5,random_group,261.129472,17.9887712,online_wce
monaco,ppo,test,peak,peak_1.5,domain_randomization,63.1315833,62.9226679,online_wce
monaco,ppo,test,peak,peak_1.5,fixed_wce,96.0283056,62.0899727,online_wce
monaco,ppo,test,peak,peak_1.5,online_wce,45.2461667,57.7140239,online_wce
monaco,ppo,test,redistribution,redistribution_0.25,baseline,127.4315,33.7295213,online_wce
monaco,ppo,test,redistribution,redistribution_0.25,random_group,221.500833,12.6745056,online_wce
monaco,ppo,test,redistribution,redistribution_0.25,domain_randomization,10.2669722,0.379992226,online_wce
monaco,ppo,test,redistribution,redistribution_0.25,fixed_wce,8.008,0.405374173,online_wce
monaco,ppo,test,redistribution,redistribution_0.25,online_wce,7.63663889,0.49286609,online_wce
monaco,ppo,test,redistribution,redistribution_0.5,baseline,162.199306,32.7338269,online_wce
monaco,ppo,test,redistribution,redistribution_0.5,random_group,217.883056,37.4310485,online_wce
monaco,ppo,test,redistribution,redistribution_0.5,domain_randomization,10.1610278,0.445950689,online_wce
monaco,ppo,test,redistribution,redistribution_0.5,fixed_wce,7.76186111,0.404957746,online_wce
monaco,ppo,test,redistribution,redistribution_0.5,online_wce,7.53580556,0.201183333,online_wce
monaco,ppo,test,redistribution,redistribution_0.75,baseline,147.406028,58.1778546,online_wce
monaco,ppo,test,redistribution,redistribution_0.75,random_group,238.956472,21.0177964,online_wce
monaco,ppo,test,redistribution,redistribution_0.75,domain_randomization,10.2603889,0.384425158,online_wce
monaco,ppo,test,redistribution,redistribution_0.75,fixed_wce,7.95844444,0.397917185,online_wce
monaco,ppo,test,redistribution,redistribution_0.75,online_wce,7.57066667,0.419360023,online_wce
monaco,ppo,test,temporal,switch_1200,baseline,41.2091667,8.15024291,online_wce
monaco,ppo,test,temporal,switch_1200,random_group,134.943528,39.2289662,online_wce
monaco,ppo,test,temporal,switch_1200,domain_randomization,11.9186667,0.810027443,online_wce
monaco,ppo,test,temporal,switch_1200,fixed_wce,11.0406111,4.81067431,online_wce
monaco,ppo,test,temporal,switch_1200,online_wce,8.8815,0.566617315,online_wce
monaco,ppo,test,temporal,switch_300,baseline,72.9388611,7.90869221,online_wce
monaco,ppo,test,temporal,switch_300,random_group,97.1128333,10.023733,online_wce
monaco,ppo,test,temporal,switch_300,domain_randomization,30.1979167,35.8945382,online_wce
monaco,ppo,test,temporal,switch_300,fixed_wce,26.4894722,10.714463,online_wce
monaco,ppo,test,temporal,switch_300,online_wce,17.2609167,1.99193877,online_wce
monaco,ppo,test,temporal,switch_900,baseline,65.3434444,6.74145188,online_wce
monaco,ppo,test,temporal,switch_900,random_group,123.044917,32.0499034,online_wce
monaco,ppo,test,temporal,switch_900,domain_randomization,46.4486667,49.5240482,online_wce
monaco,ppo,test,temporal,switch_900,fixed_wce,127.437111,21.7628761,online_wce
monaco,ppo,test,temporal,switch_900,online_wce,23.1862222,8.68598881,online_wce
