network,controller,method,period,window_count,mean_weight_entropy,mean_max_weight,top_mean_profile,top_mean_weight,mean_training_queue,max_episode_reward_clip_fraction
grid,ia2c,fixed_wce,first100,1100,2.233827049174432,0.2109431742508336,E_to_W,0.10140380341576077,87.9789,0.0
grid,ia2c,fixed_wce,last100,1100,2.234399274296413,0.21105177149606222,E_to_W,0.09913135430929336,87.30003181818182,0.0
grid,ia2c,online_wce,first100,1100,2.231851755667294,0.21204405225233314,E_to_W,0.10177859556191565,87.23362272727273,0.0
grid,ia2c,online_wce,last100,1100,0.938995499687203,0.7336206821088964,SW_to_NE,0.7270923086841906,134.38001666666668,0.0
grid,ma2c,fixed_wce,first100,1100,2.2340136974939027,0.2109701514695168,E_to_W,0.10119407190569675,72.46332575757576,0.0
grid,ma2c,fixed_wce,last100,1100,2.234898814972004,0.2111014052527035,E_to_W,0.09813718673492577,69.82509242424243,0.0
grid,ma2c,online_wce,first100,1100,2.2325676989453678,0.2117984826652923,E_to_W,0.10091717471670439,71.88280303030304,0.0
grid,ma2c,online_wce,last100,1100,2.1780209678611095,0.23515321326088215,E_to_W,0.11936534987952112,72.98737727272727,0.0
grid,iqll,fixed_wce,first100,1100,2.225942561081607,0.2148679508489571,E_to_W,0.10991520389110533,142.40879545454544,0.0
grid,iqll,fixed_wce,last100,1100,2.224851771251488,0.21525963110659874,Center_to_Periphery,0.10723711394334054,179.99701212121212,0.0
grid,iqll,online_wce,first100,1100,2.2233586326670336,0.2160942324094664,E_to_W,0.11988987428658006,145.6707106060606,0.0
grid,iqll,online_wce,last100,1100,1.9935822161584866,0.3037575206620472,NE_to_SW,0.21593106204736034,168.99998181818182,0.0
grid,ppo,fixed_wce,first100,1100,2.2343753441389724,0.21078160495386916,E_to_W,0.09891142116999103,51.670580303030306,0.0
grid,ppo,fixed_wce,last100,1100,2.235268268696118,0.21108551880078513,E_to_W,0.09534513955087119,32.25149393939394,0.0
grid,ppo,online_wce,first100,1100,2.2335321947518536,0.21112586929976004,E_to_W,0.09875775269821256,50.10188787878788,0.0
grid,ppo,online_wce,last100,1100,2.162787547205036,0.24340894420675546,E_to_W,0.10257728568882349,25.21708787878788,0.0
monaco,ia2c,fixed_wce,first100,1100,2.235602897497519,0.21024230132945365,S_to_N,0.09633460645224748,57.22679545454545,0.0
monaco,ia2c,fixed_wce,last100,1100,2.2362692126390766,0.21059438529681235,NW_to_SE,0.09561237755879932,28.845098484848485,0.0
monaco,ia2c,online_wce,first100,1100,2.2343037362495908,0.21091679126790078,S_to_N,0.09687213513729896,60.99446363636363,0.0
monaco,ia2c,online_wce,last100,1100,2.217197356838101,0.2196432601026968,Uniform,0.107303842273663,30.70728484848485,0.0
monaco,ma2c,fixed_wce,first100,1100,2.2352949283105494,0.2104994544787045,S_to_N,0.09707481011562263,19.026857575757575,0.0
monaco,ma2c,fixed_wce,last100,1100,2.235821480995971,0.21076988553283596,S_to_N,0.09428210441254084,16.989519696969698,0.0
monaco,ma2c,online_wce,first100,1100,2.2342424348221384,0.21101666813463896,S_to_N,0.09721080630774497,18.827630303030304,0.0
monaco,ma2c,online_wce,last100,1100,2.177647008167425,0.23736575979181174,NW_to_SE,0.09593491955716645,16.01840303030303,0.0
monaco,iqll,fixed_wce,first100,1100,2.1847001031927418,0.2353237464804303,S_to_N,0.1713142133257622,313.5966818181818,0.0
monaco,iqll,fixed_wce,last100,1100,2.194595789167265,0.22970213161633152,S_to_N,0.1645010173114201,314.19869393939393,0.0
monaco,iqll,online_wce,first100,1100,2.168869314156552,0.24249209666367247,S_to_N,0.18102944569485208,321.4940772727273,0.0
monaco,iqll,online_wce,last100,1100,2.0973526814215373,0.2657252894261394,Uniform,0.19726688830496844,324.4584803030303,0.0
monaco,ppo,fixed_wce,first100,1100,2.235378370404171,0.2104232241857424,S_to_N,0.09858540904030892,47.85909242424243,0.0
monaco,ppo,fixed_wce,last100,1100,2.237137643435202,0.21006462823514788,NW_to_SE,0.09649100809964146,10.00019393939394,0.0
monaco,ppo,online_wce,first100,1100,2.2349057873513574,0.21062157813554605,S_to_N,0.0981223256756189,48.99205454545454,0.0
monaco,ppo,online_wce,last100,1100,2.2211308085301176,0.2174693935476066,NW_to_SE,0.10150829131631357,7.909210606060606,0.0
