,agent,step,test_id,avg_reward,std_reward
0,iqll,720,-1,-738.4405555555556,438.35123932973386
1,iqll,1440,-1,-770.5402777777778,565.4280512633579
2,iqll,2160,-1,-750.5122222222222,566.3259333100563
3,iqll,2880,-1,-687.0208333333334,464.3722172751976
4,iqll,3600,-1,-605.0425,379.8807030932723
5,iqll,4320,-1,-1355.2850000000003,1324.2466509921364
6,iqll,5040,-1,-755.7597222222222,445.1163885122015
7,iqll,5760,-1,-706.465,438.85868340186937
8,iqll,6480,-1,-1005.2719444444446,995.6194881644723
9,iqll,7200,-1,-887.8722222222223,704.852042792241
10,iqll,7920,-1,-906.0088888888889,869.6202647828463
11,iqll,8640,-1,-653.751388888889,426.20510962480637
12,iqll,9360,-1,-861.8291666666669,617.056095851166
13,iqll,10080,-1,-1122.2586111111111,1191.2235027055465
14,iqll,10800,-1,-845.7755555555556,640.7947175727464
15,iqll,11520,-1,-1757.8475000000003,1716.1380916074243
16,iqll,12240,-1,-844.4436111111112,722.7474527709937
17,iqll,12960,-1,-594.1705555555556,386.037688602957
18,iqll,13680,-1,-622.95,283.0263265139835
19,iqll,14400,-1,-1298.7155555555557,1351.8781420602402
20,iqll,15120,-1,-1141.9869444444444,1077.0182859257504
21,iqll,15840,-1,-695.5361111111112,393.48078708762745
22,iqll,16560,-1,-650.5191666666666,382.23558859451384
23,iqll,17280,-1,-758.5047222222222,464.06605346405235
24,iqll,18000,-1,-1060.2272222222223,849.3093008982559
25,iqll,18720,-1,-966.3941666666667,722.5276807610711
26,iqll,19440,-1,-703.5941666666668,499.2577464144759
27,iqll,20160,-1,-595.9816666666667,308.1186919525584
28,iqll,20880,-1,-982.6305555555556,883.6940240073812
29,iqll,21600,-1,-740.2580555555556,528.4529391604614
30,iqll,22320,-1,-774.5736111111111,486.00245978259994
31,iqll,23040,-1,-686.1155555555556,363.88054859653266
32,iqll,23760,-1,-879.771111111111,578.6690067626349
33,iqll,24480,-1,-919.7652777777778,753.8269842498717
34,iqll,25200,-1,-1551.042777777778,1226.9933816053758
35,iqll,25920,-1,-900.2188888888888,700.6993154293858
36,iqll,26640,-1,-849.186388888889,697.7299809487462
37,iqll,27360,-1,-667.4180555555556,370.76548586314
38,iqll,28080,-1,-579.791111111111,301.43639153760097
39,iqll,28800,-1,-672.151111111111,395.4638496596804
40,iqll,29520,-1,-820.1472222222222,594.9683745031753
41,iqll,30240,-1,-1271.5472222222222,1251.071662568205
42,iqll,30960,-1,-728.8974999999999,448.0423345503252
43,iqll,31680,-1,-849.0644444444445,661.0764630192372
44,iqll,32400,-1,-638.8061111111111,359.071464979681
45,iqll,33120,-1,-671.0663888888889,587.7980143281118
46,iqll,33840,-1,-1044.5983333333334,953.4625687446897
47,iqll,34560,-1,-678.7625,475.78298319060343
48,iqll,35280,-1,-1412.528888888889,1402.8811308434308
49,iqll,36000,-1,-1074.4130555555557,967.4672685227578
50,iqll,36720,-1,-967.9641666666668,888.5372991573005
51,iqll,37440,-1,-1315.4433333333332,947.4456621241019
52,iqll,38160,-1,-1206.7183333333335,1227.5236344398154
53,iqll,38880,-1,-1304.7811111111112,1282.0591493890206
54,iqll,39600,-1,-970.7622222222221,740.1875468161622
55,iqll,40320,-1,-895.381388888889,664.1418693306958
56,iqll,41040,-1,-714.9113888888888,513.1385779724874
57,iqll,41760,-1,-546.7027777777779,310.770753115997
58,iqll,42480,-1,-591.9602777777777,293.7713321425556
59,iqll,43200,-1,-982.6097222222222,935.7845381549766
60,iqll,43920,-1,-649.5122222222222,476.30073490688585
61,iqll,44640,-1,-825.0072222222221,646.4852297471094
62,iqll,45360,-1,-1165.908888888889,983.244432212328
63,iqll,46080,-1,-1197.1422222222222,1047.2528620133066
64,iqll,46800,-1,-783.5177777777778,536.4840885240737
65,iqll,47520,-1,-922.2658333333335,765.4592761860723
66,iqll,48240,-1,-691.0658333333333,460.93512154866585
67,iqll,48960,-1,-1039.6072222222224,966.7918589926718
68,iqll,49680,-1,-906.3494444444444,731.1211687840366
69,iqll,50400,-1,-809.8655555555556,607.3583908407716
70,iqll,51120,-1,-914.3969444444446,763.7820917000965
71,iqll,51840,-1,-1674.3447222222221,1647.5159195318977
72,iqll,52560,-1,-578.15,336.0544229238274
73,iqll,53280,-1,-651.8708333333333,435.83602247019337
74,iqll,54000,-1,-732.1319444444445,543.3372223599031
75,iqll,54720,-1,-886.8119444444445,776.1464877640311
76,iqll,55440,-1,-1254.802222222222,1138.3236567160968
77,iqll,56160,-1,-828.7116666666667,695.4976684021146
78,iqll,56880,-1,-990.3472222222224,872.0488752823278
79,iqll,57600,-1,-660.4722222222222,430.36578163949423
80,iqll,58320,-1,-684.0233333333334,441.14156005879914
81,iqll,59040,-1,-815.8886111111112,644.7506990072156
82,iqll,59760,-1,-1115.0188888888888,1015.2014753397962
83,iqll,60480,-1,-627.3294444444443,468.88304312805417
84,iqll,61200,-1,-1338.7633333333333,1160.1103486737804
85,iqll,61920,-1,-859.4241666666667,761.5555730975726
86,iqll,62640,-1,-912.8741666666665,775.6785114404141
87,iqll,63360,-1,-898.1822222222223,845.2573731089614
88,iqll,64080,-1,-828.3555555555556,587.0802235756032
89,iqll,64800,-1,-471.19,235.32884936710258
90,iqll,65520,-1,-1229.9125,1150.9514071504184
91,iqll,66240,-1,-812.9016666666668,717.3178234828068
92,iqll,66960,-1,-834.6819444444444,717.7823291272433
93,iqll,67680,-1,-1126.207777777778,1063.638117680986
94,iqll,68400,-1,-1015.8283333333335,1020.0463595006629
95,iqll,69120,-1,-1243.5597222222223,1292.3546450783076
96,iqll,69840,-1,-1455.3111111111114,1558.6690989034664
97,iqll,70560,-1,-904.5636111111112,742.2641264388783
98,iqll,71280,-1,-1627.4694444444447,1662.3254168181668
99,iqll,72000,-1,-801.3908333333334,627.224090802194
100,iqll,72720,-1,-1189.1036111111111,1171.605096669742
101,iqll,73440,-1,-990.2255555555556,911.874182483662
102,iqll,74160,-1,-936.7402777777778,806.7915548227164
103,iqll,74880,-1,-874.2044444444446,716.1741386486501
104,iqll,75600,-1,-646.4097222222222,420.44260087162985
105,iqll,76320,-1,-1414.7905555555556,1405.4881251799725
106,iqll,77040,-1,-584.483611111111,307.96379595707873
107,iqll,77760,-1,-552.3369444444444,390.13179065484076
108,iqll,78480,-1,-773.8494444444444,611.8827068970747
109,iqll,79200,-1,-810.1255555555556,511.69933610386465
110,iqll,79920,-1,-552.9652777777778,331.05192789203625
111,iqll,80640,-1,-967.5719444444445,898.4588193998267
112,iqll,81360,-1,-1193.6902777777777,1193.1382971507119
113,iqll,82080,-1,-764.3466666666668,644.8144213992459
114,iqll,82800,-1,-717.6902777777777,526.1426188306008
115,iqll,83520,-1,-1251.781388888889,1168.3515363480976
116,iqll,84240,-1,-1060.7741666666668,1033.2051352462906
117,iqll,84960,-1,-938.4661111111111,799.9032264151215
118,iqll,85680,-1,-604.8561111111111,403.492375346368
119,iqll,86400,-1,-820.318888888889,787.6620747354434
120,iqll,87120,-1,-1249.97,1278.75174030076
121,iqll,87840,-1,-898.5783333333334,783.49284707612
122,iqll,88560,-1,-1214.8008333333332,1168.8296073657875
123,iqll,89280,-1,-682.0572222222223,450.5908900211607
124,iqll,90000,-1,-1009.4333333333333,836.8219144145572
125,iqll,90720,-1,-1155.7241666666669,902.358899880613
126,iqll,91440,-1,-608.6888888888889,332.2882593787925
127,iqll,92160,-1,-956.2863888888888,752.6635664486373
128,iqll,92880,-1,-797.3325,639.311606468999
129,iqll,93600,-1,-918.0225000000002,720.3464626247375
130,iqll,94320,-1,-898.3027777777778,790.3665496274888
131,iqll,95040,-1,-913.5813888888889,827.0487500331552
132,iqll,95760,-1,-816.1408333333334,750.8048289812259
133,iqll,96480,-1,-830.5005555555556,691.7669714415896
134,iqll,97200,-1,-949.0827777777778,873.4190839155277
135,iqll,97920,-1,-1134.375,1106.6490917969436
136,iqll,98640,-1,-919.2644444444445,719.8604365216468
137,iqll,99360,-1,-1159.2733333333333,1118.2372350961828
138,iqll,100080,-1,-812.7338888888889,682.4125170357727
139,iqll,100800,-1,-795.41,692.5565994599688
140,iqll,101520,-1,-1038.5655555555556,952.554472885189
141,iqll,102240,-1,-1203.601388888889,1072.0097047903707
142,iqll,102960,-1,-872.8422222222223,776.8678378917596
143,iqll,103680,-1,-679.4194444444445,473.58160807911713
144,iqll,104400,-1,-1206.748888888889,1112.717045668389
145,iqll,105120,-1,-755.9533333333331,583.8044861462135
146,iqll,105840,-1,-744.5672222222222,624.3171279557774
147,iqll,106560,-1,-1168.216388888889,1257.3772500320144
148,iqll,107280,-1,-932.0069444444445,733.8034262257595
149,iqll,108000,-1,-975.0852777777778,957.0638354449455
150,iqll,108720,-1,-1527.5083333333334,1644.4409847312518
151,iqll,109440,-1,-1102.9375,1025.3507187702357
152,iqll,110160,-1,-561.0486111111111,301.9054552583269
153,iqll,110880,-1,-1547.7658333333331,1320.7025529784328
154,iqll,111600,-1,-963.8030555555555,783.528457925781
155,iqll,112320,-1,-1291.012777777778,1351.2263204433782
156,iqll,113040,-1,-931.7661111111111,831.1690455593181
157,iqll,113760,-1,-1792.5227777777777,1585.391247481922
158,iqll,114480,-1,-1076.0680555555555,1039.431461842695
159,iqll,115200,-1,-652.0722222222222,423.32555649753846
160,iqll,115920,-1,-700.1541666666667,559.9728181492136
161,iqll,116640,-1,-1288.1847222222225,1319.0206624781765
162,iqll,117360,-1,-889.6966666666666,796.0946505633332
163,iqll,118080,-1,-1272.3116666666667,1230.4473514753802
164,iqll,118800,-1,-1209.0575,1133.6639532332395
165,iqll,119520,-1,-1179.9611111111112,1296.5598037965651
166,iqll,120240,-1,-1106.3483333333331,1120.6157321845185
167,iqll,120960,-1,-892.7272222222222,795.6677145175724
168,iqll,121680,-1,-847.3725,739.4631025047648
169,iqll,122400,-1,-1168.010277777778,1054.163149957207
170,iqll,123120,-1,-1287.1702777777778,1128.4881404166524
171,iqll,123840,-1,-1478.3594444444445,1521.2249750045091
172,iqll,124560,-1,-1311.394722222222,1260.4985951444112
173,iqll,125280,-1,-722.0144444444444,445.9300284078237
174,iqll,126000,-1,-1186.1961111111111,1126.0512228759542
175,iqll,126720,-1,-854.7075,642.2801481608534
176,iqll,127440,-1,-612.9822222222223,508.6319507764109
177,iqll,128160,-1,-1037.502777777778,885.4716484532445
178,iqll,128880,-1,-801.6675000000001,856.8883435945401
179,iqll,129600,-1,-802.3758333333333,630.6269296187855
180,iqll,130320,-1,-1160.5497222222223,1080.9555874702976
181,iqll,131040,-1,-903.0166666666667,935.3640936079977
182,iqll,131760,-1,-667.4725,513.5654551156985
183,iqll,132480,-1,-1582.2530555555559,1475.416717374224
184,iqll,133200,-1,-624.3327777777778,432.79201000667433
185,iqll,133920,-1,-738.7155555555555,616.8909700012928
186,iqll,134640,-1,-719.4958333333334,615.3317526924219
187,iqll,135360,-1,-1027.6202777777778,1055.423347119234
188,iqll,136080,-1,-693.4283333333334,530.8824446957265
189,iqll,136800,-1,-791.9736111111112,672.1685828745841
190,iqll,137520,-1,-1142.779722222222,1177.9584040382613
191,iqll,138240,-1,-1380.5458333333333,1200.7646878872993
192,iqll,138960,-1,-1068.8430555555556,916.3404506099231
193,iqll,139680,-1,-1243.5688888888888,1177.4300156739155
194,iqll,140400,-1,-524.3844444444445,266.59447915060105
195,iqll,141120,-1,-1225.1794444444445,1255.6840709437681
196,iqll,141840,-1,-700.9883333333333,523.0757117255802
197,iqll,142560,-1,-1276.8772222222224,1140.450553038411
198,iqll,143280,-1,-691.4047222222223,473.45414717552177
199,iqll,144000,-1,-1201.4594444444444,1286.0657799919716
200,iqll,144720,-1,-535.0369444444444,349.39739937593066
201,iqll,145440,-1,-736.8633333333335,620.0811874173324
202,iqll,146160,-1,-1571.131111111111,1679.9156312905482
203,iqll,146880,-1,-656.7855555555556,531.6371421397015
204,iqll,147600,-1,-1334.6863888888888,1341.670744893704
205,iqll,148320,-1,-542.3513888888889,342.11346935591075
206,iqll,149040,-1,-573.9227777777778,362.77957898098026
207,iqll,149760,-1,-606.2263888888889,373.30814516706033
208,iqll,150480,-1,-1640.3275,1638.6363356697188
209,iqll,151200,-1,-1276.966388888889,1261.4919044234289
210,iqll,151920,-1,-788.6316666666665,642.4086673497728
211,iqll,152640,-1,-533.2091666666666,334.0585397374655
212,iqll,153360,-1,-1239.7611111111112,1206.3703386324196
213,iqll,154080,-1,-1026.3172222222224,871.3948848019196
214,iqll,154800,-1,-530.1119444444445,354.97493381238627
215,iqll,155520,-1,-654.2263888888889,470.5324158431405
216,iqll,156240,-1,-1193.87,1215.249665519166
217,iqll,156960,-1,-621.8897222222223,385.5083349796885
218,iqll,157680,-1,-933.2436111111111,749.5193776594172
219,iqll,158400,-1,-1019.6372222222222,1049.6768396633402
220,iqll,159120,-1,-1292.6238888888888,1342.2420235008078
221,iqll,159840,-1,-1006.4002777777779,999.4414057361856
222,iqll,160560,-1,-902.1091666666666,688.6754095317692
223,iqll,161280,-1,-1073.358611111111,1090.9921491255686
224,iqll,162000,-1,-916.9363888888888,728.1083727396812
225,iqll,162720,-1,-1586.5475000000004,1547.702177627414
226,iqll,163440,-1,-1203.181111111111,1546.0680333524529
227,iqll,164160,-1,-1051.653888888889,903.4310244755139
228,iqll,164880,-1,-1289.3027777777777,1153.2223426329545
229,iqll,165600,-1,-1549.3530555555558,1389.1662686528514
230,iqll,166320,-1,-660.8491666666667,472.9318759661492
231,iqll,167040,-1,-1036.9811111111112,897.9935976503328
232,iqll,167760,-1,-1220.4858333333334,1169.5740139609118
233,iqll,168480,-1,-810.1733333333334,643.6116213818531
234,iqll,169200,-1,-753.7272222222222,647.0236200677818
235,iqll,169920,-1,-1017.5536111111111,894.2281927967354
236,iqll,170640,-1,-1151.9588888888889,1258.723505019134
237,iqll,171360,-1,-944.9625,923.8664789197235
238,iqll,172080,-1,-519.3172222222222,315.70169170886544
239,iqll,172800,-1,-1357.583611111111,1323.854358475141
240,iqll,173520,-1,-747.641388888889,606.1651067785482
241,iqll,174240,-1,-1345.1419444444446,1408.079331460095
242,iqll,174960,-1,-701.1863888888889,456.9599313619228
243,iqll,175680,-1,-661.5275,442.2203861316399
244,iqll,176400,-1,-860.5016666666668,751.4563375336218
245,iqll,177120,-1,-1132.2208333333333,981.3295617904059
246,iqll,177840,-1,-1294.788888888889,1354.1575375236437
247,iqll,178560,-1,-1127.4533333333334,1110.4675706105866
248,iqll,179280,-1,-806.6955555555554,682.8771950620422
249,iqll,180000,-1,-766.851111111111,512.0453287756736
250,iqll,180720,-1,-1039.733888888889,822.4772456605235
251,iqll,181440,-1,-1892.753888888889,1912.683721919541
252,iqll,182160,-1,-855.8205555555556,764.9041908193633
253,iqll,182880,-1,-1160.0608333333332,975.7877352963918
254,iqll,183600,-1,-831.0219444444446,780.5029685448546
255,iqll,184320,-1,-670.4027777777778,497.57924493721
256,iqll,185040,-1,-1068.931388888889,1074.5907312984398
257,iqll,185760,-1,-571.2266666666667,417.3777466516393
258,iqll,186480,-1,-926.875,831.2738134517144
259,iqll,187200,-1,-1068.0202777777777,1018.2205334579922
260,iqll,187920,-1,-1478.5430555555556,1327.4981954085233
261,iqll,188640,-1,-1154.3994444444445,1128.7825292468983
262,iqll,189360,-1,-1388.0627777777777,1308.9937777006242
263,iqll,190080,-1,-735.8011111111111,506.0082655219608
264,iqll,190800,-1,-880.8550000000001,838.6142774293397
265,iqll,191520,-1,-1391.5602777777779,1609.6050546398471
266,iqll,192240,-1,-810.8002777777778,659.3884362295537
267,iqll,192960,-1,-1188.298888888889,1187.5964363176245
268,iqll,193680,-1,-1149.093888888889,1068.42833304417
269,iqll,194400,-1,-1007.927222222222,1135.9509317616064
270,iqll,195120,-1,-799.4625,684.042266347121
271,iqll,195840,-1,-1274.6358333333333,1219.4276633342631
272,iqll,196560,-1,-1246.5877777777778,1080.903950746553
273,iqll,197280,-1,-597.84,338.07075255533914
274,iqll,198000,-1,-1377.7569444444443,1307.3648801147026
275,iqll,198720,-1,-1227.4661111111113,1076.4103967799585
276,iqll,199440,-1,-1073.033611111111,1026.9955432843167
277,iqll,200160,-1,-688.0447222222223,508.94692394080914
278,iqll,200880,-1,-1124.4730555555557,1076.898162133881
279,iqll,201600,-1,-964.5427777777778,763.4262454757322
280,iqll,202320,-1,-425.6041666666667,234.51638543648596
281,iqll,203040,-1,-529.8327777777778,362.5262981005739
282,iqll,203760,-1,-711.6383333333333,640.6340580302716
283,iqll,204480,-1,-1653.4930555555557,1750.9662768047049
284,iqll,205200,-1,-1050.5291666666667,996.2063514678379
285,iqll,205920,-1,-1229.1338888888888,955.0434908458875
286,iqll,206640,-1,-735.1019444444445,702.609677003129
287,iqll,207360,-1,-565.1872222222223,376.7849160301398
288,iqll,208080,-1,-911.473888888889,820.4815166083802
289,iqll,208800,-1,-680.2975,557.8263858688721
290,iqll,209520,-1,-1005.145,965.8484061967374
291,iqll,210240,-1,-630.4086111111111,496.7062610428644
292,iqll,210960,-1,-1154.7958333333333,1047.8515134069835
293,iqll,211680,-1,-712.6563888888891,572.8876572905449
294,iqll,212400,-1,-1021.8658333333334,1052.8982082536518
295,iqll,213120,-1,-670.6644444444445,559.8057236044009
296,iqll,213840,-1,-1281.0283333333334,1326.9777098427255
297,iqll,214560,-1,-606.2852777777778,415.8066432382171
298,iqll,215280,-1,-913.7402777777778,703.9590283531584
299,iqll,216000,-1,-962.6416666666667,894.4146088907662
300,iqll,216720,-1,-1189.7211111111112,1264.8557533476076
301,iqll,217440,-1,-1049.6791666666666,985.5650408152085
302,iqll,218160,-1,-1052.5147222222222,1098.4875356623209
303,iqll,218880,-1,-1431.6286111111112,1469.8022242666466
304,iqll,219600,-1,-1042.3591666666669,1074.9775670265947
305,iqll,220320,-1,-1655.2472222222223,1503.990726660631
306,iqll,221040,-1,-1613.8705555555557,1662.9743421618327
307,iqll,221760,-1,-682.6627777777778,464.54632713966276
308,iqll,222480,-1,-468.21861111111116,270.44880238075024
309,iqll,223200,-1,-790.5511111111111,629.2293150698002
310,iqll,223920,-1,-1259.3172222222224,1334.7864237951476
311,iqll,224640,-1,-1092.6991666666668,1037.1826872185886
312,iqll,225360,-1,-1690.745,1450.9488544004957
313,iqll,226080,-1,-978.0541666666667,881.6649956564977
314,iqll,226800,-1,-604.7347222222223,439.99539532304016
315,iqll,227520,-1,-840.4630555555556,620.9590135620845
316,iqll,228240,-1,-930.2977777777778,736.2570548958771
317,iqll,228960,-1,-1325.3694444444445,1310.475009961283
318,iqll,229680,-1,-1265.0741666666668,1368.8610795919094
319,iqll,230400,-1,-800.9472222222222,686.8581683555409
320,iqll,231120,-1,-1127.9988888888888,1049.3991052549438
321,iqll,231840,-1,-1153.595277777778,1043.4695085945682
322,iqll,232560,-1,-1505.1633333333334,1366.1349196384506
323,iqll,233280,-1,-757.698888888889,491.9722514746007
324,iqll,234000,-1,-1186.6761111111111,1089.2264565514113
325,iqll,234720,-1,-895.8655555555555,845.9487679734526
326,iqll,235440,-1,-554.7722222222222,410.1990057758626
327,iqll,236160,-1,-683.2066666666667,524.4721778024922
328,iqll,236880,-1,-428.0975000000001,272.3710665299067
329,iqll,237600,-1,-610.2797222222223,445.0943146369599
330,iqll,238320,-1,-1167.2358333333334,1032.3114694673068
331,iqll,239040,-1,-1082.041388888889,958.7979586778112
332,iqll,239760,-1,-1136.0783333333334,1092.4285537164433
333,iqll,240480,-1,-1370.2552777777778,1331.1142212029786
334,iqll,241200,-1,-868.5719444444445,794.1260448104061
335,iqll,241920,-1,-932.8555555555556,749.9154634744004
336,iqll,242640,-1,-1215.8302777777778,1228.5508365210574
337,iqll,243360,-1,-644.8841666666667,465.1716834488519
338,iqll,244080,-1,-573.3480555555556,351.21895152865227
339,iqll,244800,-1,-1499.7183333333332,1492.080774138176
340,iqll,245520,-1,-1144.7177777777779,1069.4570066760025
341,iqll,246240,-1,-888.2194444444444,699.3530410789375
342,iqll,246960,-1,-700.5641666666666,540.4765210178216
343,iqll,247680,-1,-849.7108333333334,628.3209013751342
344,iqll,248400,-1,-1101.3700000000001,1002.7050920662343
345,iqll,249120,-1,-889.2661111111111,820.9004722907027
346,iqll,249840,-1,-1600.3761111111112,1479.4151921870227
347,iqll,250560,-1,-1054.2333333333333,1014.5763613449705
348,iqll,251280,-1,-759.245,731.7344119567337
349,iqll,252000,-1,-901.9127777777777,701.27433604281
350,iqll,252720,-1,-594.2002777777777,368.81662629721046
351,iqll,253440,-1,-779.0769444444445,779.7135724964058
352,iqll,254160,-1,-629.8627777777778,454.86411054176455
353,iqll,254880,-1,-1391.786388888889,1470.5822629841646
354,iqll,255600,-1,-541.2083333333334,314.91743598300667
355,iqll,256320,-1,-539.0133333333334,332.8353358978313
356,iqll,257040,-1,-935.3025,917.6318951484577
357,iqll,257760,-1,-1050.07,1023.5666876662215
358,iqll,258480,-1,-939.7116666666668,880.2543497178656
359,iqll,259200,-1,-1077.9347222222225,986.9888107633972
360,iqll,259920,-1,-1176.65,1100.5844664692181
361,iqll,260640,-1,-1785.7975,1667.1566717166404
362,iqll,261360,-1,-1002.3825,886.9607126927419
363,iqll,262080,-1,-1091.2708333333333,986.6605787167896
364,iqll,262800,-1,-1212.5069444444443,1104.963374584876
365,iqll,263520,-1,-1025.4394444444442,887.6832648965899
366,iqll,264240,-1,-788.7708333333334,590.7741643944598
367,iqll,264960,-1,-565.8425000000001,416.42953241998555
368,iqll,265680,-1,-878.5619444444445,840.5788846890624
369,iqll,266400,-1,-966.3644444444446,767.1533604916167
370,iqll,267120,-1,-944.4236111111111,814.5973626742532
371,iqll,267840,-1,-1247.7755555555557,1075.5666419056734
372,iqll,268560,-1,-813.8191666666665,653.5957873515939
373,iqll,269280,-1,-597.1766666666667,379.18652403680056
374,iqll,270000,-1,-1081.4133333333334,1076.0817601836768
375,iqll,270720,-1,-598.7177777777779,461.92161313793343
376,iqll,271440,-1,-841.0852777777778,840.4669169937827
377,iqll,272160,-1,-1037.2205555555556,1190.0273115538719
378,iqll,272880,-1,-1992.9297222222222,1812.6883637309195
379,iqll,273600,-1,-1133.2383333333332,1178.7427796774268
380,iqll,274320,-1,-831.9405555555555,619.622915991584
381,iqll,275040,-1,-1348.961111111111,1206.6199195543857
382,iqll,275760,-1,-742.0808333333334,619.0352298082477
383,iqll,276480,-1,-1427.5547222222222,1205.1443353414058
384,iqll,277200,-1,-721.1080555555557,607.1394013839703
385,iqll,277920,-1,-617.8147222222223,536.8253706901245
386,iqll,278640,-1,-848.1888888888889,835.1493355408487
387,iqll,279360,-1,-1591.9650000000001,1394.7655021533985
388,iqll,280080,-1,-1448.7019444444443,1248.271845124111
389,iqll,280800,-1,-910.4619444444446,641.4662017567404
390,iqll,281520,-1,-571.7027777777778,384.17350983501007
391,iqll,282240,-1,-1314.2122222222222,1312.6152020830425
392,iqll,282960,-1,-666.4019444444444,493.5619151147855
393,iqll,283680,-1,-1209.2238888888887,1068.802458614515
394,iqll,284400,-1,-1961.446388888889,1962.127612118274
395,iqll,285120,-1,-1134.5944444444444,935.0789166768656
396,iqll,285840,-1,-1218.5638888888889,1157.9555659899472
397,iqll,286560,-1,-645.0661111111111,487.6476432452579
398,iqll,287280,-1,-797.7383333333333,609.9995466095766
399,iqll,288000,-1,-660.1466666666666,506.21079067913996
400,iqll,288720,-1,-1264.2552777777778,1196.8179218243363
401,iqll,289440,-1,-778.6855555555557,633.7035276077206
402,iqll,290160,-1,-1217.072777777778,1080.9822514387631
403,iqll,290880,-1,-1714.9713888888887,1602.1363500766595
404,iqll,291600,-1,-1182.5316666666668,1091.652964238432
405,iqll,292320,-1,-505.9244444444444,312.10258456372645
406,iqll,293040,-1,-722.9911111111112,479.8171217927015
407,iqll,293760,-1,-718.7322222222223,712.6005047754127
408,iqll,294480,-1,-908.1630555555556,708.426338381688
409,iqll,295200,-1,-508.7247222222221,353.82359611335914
410,iqll,295920,-1,-992.3272222222222,868.7489075504278
411,iqll,296640,-1,-737.7594444444445,638.565294077036
412,iqll,297360,-1,-659.97,432.8105039416468
413,iqll,298080,-1,-982.4055555555556,903.3064687101385
414,iqll,298800,-1,-1103.605,1184.5351361410846
415,iqll,299520,-1,-890.7227777777778,714.7749831108899
416,iqll,300240,-1,-1053.8366666666668,896.9520744598219
417,iqll,300960,-1,-726.095,609.7034144907396
418,iqll,301680,-1,-1668.6025000000004,1644.227910987868
419,iqll,302400,-1,-1085.216666666667,902.2786565443935
420,iqll,303120,-1,-1021.2841666666668,952.3851977327328
421,iqll,303840,-1,-1002.6497222222223,856.8442993689308
422,iqll,304560,-1,-589.5508333333333,406.0369194685722
423,iqll,305280,-1,-818.9230555555555,781.3309368717495
424,iqll,306000,-1,-954.6947222222221,941.1206409706643
425,iqll,306720,-1,-999.8252777777777,868.5875279728134
426,iqll,307440,-1,-1146.7175000000002,1032.8297270790547
427,iqll,308160,-1,-1412.1236111111114,1242.7396668911545
428,iqll,308880,-1,-1674.2866666666669,1638.815961072709
429,iqll,309600,-1,-933.0219444444446,704.7780751702365
430,iqll,310320,-1,-1398.0738888888889,1330.4555487527941
431,iqll,311040,-1,-1420.206111111111,1423.3191458568433
432,iqll,311760,-1,-1084.7855555555557,904.200358212359
433,iqll,312480,-1,-726.1047222222222,491.0821661052145
434,iqll,313200,-1,-900.3605555555555,955.1170393085181
435,iqll,313920,-1,-1360.4894444444444,1253.4547057365196
436,iqll,314640,-1,-898.0694444444445,695.1703805221041
437,iqll,315360,-1,-884.8433333333335,775.0972432253617
438,iqll,316080,-1,-952.7819444444444,947.5958716413736
439,iqll,316800,-1,-1074.9580555555556,1015.4332255887399
440,iqll,317520,-1,-672.0352777777778,498.94420510818037
441,iqll,318240,-1,-514.1333333333334,324.1779924328266
442,iqll,318960,-1,-685.0800000000002,568.3027293226346
443,iqll,319680,-1,-1503.7116666666668,1613.8744447162962
444,iqll,320400,-1,-1062.125,1046.9052147679529
445,iqll,321120,-1,-1637.0183333333332,1496.0130701291425
446,iqll,321840,-1,-1370.2655555555555,1302.6176701516674
447,iqll,322560,-1,-603.7847222222222,508.5860160396017
448,iqll,323280,-1,-888.1586111111111,820.8008428820287
449,iqll,324000,-1,-1029.2083333333333,863.4515353686943
450,iqll,324720,-1,-823.8233333333334,787.8765241034495
451,iqll,325440,-1,-1298.5172222222225,1437.063605618166
452,iqll,326160,-1,-1102.4894444444446,1088.3785614898902
453,iqll,326880,-1,-695.715,473.1811301035906
454,iqll,327600,-1,-553.7622222222222,393.3264609788831
455,iqll,328320,-1,-1483.7297222222223,1525.5105644795817
456,iqll,329040,-1,-1090.256388888889,988.5111276214368
457,iqll,329760,-1,-1175.3941666666667,1232.4983115243676
458,iqll,330480,-1,-623.4561111111111,500.0063048117926
459,iqll,331200,-1,-1036.716388888889,1137.0136328012295
460,iqll,331920,-1,-1264.3763888888889,1169.5584450021508
461,iqll,332640,-1,-1479.8519444444444,1416.955064849191
462,iqll,333360,-1,-820.6419444444443,765.4898623805087
463,iqll,334080,-1,-870.8547222222224,802.6257945400422
464,iqll,334800,-1,-502.35805555555555,349.8735096297855
465,iqll,335520,-1,-982.0069444444445,1118.7077838622547
466,iqll,336240,-1,-1255.3719444444446,1263.3057048173243
467,iqll,336960,-1,-821.3163888888889,772.1931902475816
468,iqll,337680,-1,-1499.2197222222221,1534.7054251911127
469,iqll,338400,-1,-1541.7558333333336,1415.5289606497615
470,iqll,339120,-1,-610.8294444444444,430.8021286181321
471,iqll,339840,-1,-1321.7227777777778,1193.8636802104406
472,iqll,340560,-1,-1244.3247222222221,1326.8524207687617
473,iqll,341280,-1,-1475.5538888888889,1445.351553654523
474,iqll,342000,-1,-433.5275,276.22145004682784
475,iqll,342720,-1,-1386.2180555555553,1386.7699462165858
476,iqll,343440,-1,-1170.526388888889,1087.1393838741624
477,iqll,344160,-1,-405.7761111111111,233.67522068600755
478,iqll,344880,-1,-904.95,797.0476102118646
479,iqll,345600,-1,-1076.996111111111,1254.449474420459
480,iqll,346320,-1,-1336.1447222222223,1404.0261069114108
481,iqll,347040,-1,-938.1422222222222,784.4661936597789
482,iqll,347760,-1,-1011.5444444444445,938.5013452439433
483,iqll,348480,-1,-1070.2930555555556,884.4689673951868
484,iqll,349200,-1,-1340.4138888888892,1175.515251154143
485,iqll,349920,-1,-555.3558333333334,376.65991379547773
486,iqll,350640,-1,-918.51,731.5133906346335
487,iqll,351360,-1,-570.1794444444445,532.672275230926
488,iqll,352080,-1,-542.6044444444444,456.899448556636
489,iqll,352800,-1,-1168.1697222222222,1069.114193477183
490,iqll,353520,-1,-580.5794444444444,394.29994521898095
491,iqll,354240,-1,-605.2933333333333,471.91169861414636
492,iqll,354960,-1,-974.1622222222223,739.5679417482402
493,iqll,355680,-1,-720.2466666666667,600.9570722698179
494,iqll,356400,-1,-685.3525,555.9405478000274
495,iqll,357120,-1,-1173.7111111111112,1049.1433855446542
496,iqll,357840,-1,-594.5669444444444,382.21348421849456
497,iqll,358560,-1,-863.9305555555555,905.7647831527186
498,iqll,359280,-1,-591.4705555555556,458.8867583858937
499,iqll,360000,-1,-379.44000000000005,236.22794937658554
500,iqll,360720,-1,-1054.3666666666666,1027.525937547726
501,iqll,361440,-1,-788.8519444444445,677.5593248496133
502,iqll,362160,-1,-856.2486111111112,626.0407563261392
503,iqll,362880,-1,-538.6238888888889,350.34382252992066
504,iqll,363600,-1,-507.2136111111111,339.1205139495462
505,iqll,364320,-1,-742.3597222222222,618.1102992094629
506,iqll,365040,-1,-977.0138888888889,888.1233294777558
507,iqll,365760,-1,-905.0416666666669,830.0895829417047
508,iqll,366480,-1,-1160.0847222222221,1335.486640055448
509,iqll,367200,-1,-795.1025000000001,731.3909111293624
510,iqll,367920,-1,-690.0127777777778,566.07798613997
511,iqll,368640,-1,-516.8627777777778,315.9119779886929
512,iqll,369360,-1,-982.0752777777778,861.8342365430261
513,iqll,370080,-1,-1199.2783333333334,1154.9390538886553
514,iqll,370800,-1,-902.0894444444444,678.8354981549263
515,iqll,371520,-1,-920.0016666666668,840.073653449175
516,iqll,372240,-1,-1034.621388888889,972.4748439124353
517,iqll,372960,-1,-1267.9622222222222,1203.2496476512426
518,iqll,373680,-1,-1366.220277777778,1338.7540465671514
519,iqll,374400,-1,-486.7224999999999,340.3783429988443
520,iqll,375120,-1,-670.3494444444445,513.8467976392728
521,iqll,375840,-1,-423.0625,278.8278342441901
522,iqll,376560,-1,-458.9844444444444,353.6274536574429
523,iqll,377280,-1,-531.3686111111111,335.9073902849877
524,iqll,378000,-1,-681.7852777777778,504.32300083591775
525,iqll,378720,-1,-587.3575,507.26535859161856
526,iqll,379440,-1,-391.6988888888888,257.86349338552685
527,iqll,380160,-1,-718.6972222222222,568.5069821647415
528,iqll,380880,-1,-518.2905555555557,377.9012237487496
529,iqll,381600,-1,-570.2997222222223,413.51484670367915
530,iqll,382320,-1,-418.89777777777783,307.4965224655314
531,iqll,383040,-1,-924.6930555555557,1038.8451652658443
532,iqll,383760,-1,-1085.5402777777779,1014.9237087036698
533,iqll,384480,-1,-658.3769444444443,560.4032168116862
534,iqll,385200,-1,-1087.8958333333333,1074.9633443282175
535,iqll,385920,-1,-746.173888888889,540.8251199031068
536,iqll,386640,-1,-829.4297222222223,779.8063475810521
537,iqll,387360,-1,-506.7391666666666,377.2959600445945
538,iqll,388080,-1,-837.2466666666668,866.7134101753461
539,iqll,388800,-1,-696.1019444444444,617.3516973479876
540,iqll,389520,-1,-705.4225000000001,599.3446406927181
541,iqll,390240,-1,-784.8027777777778,634.4808985769001
542,iqll,390960,-1,-1440.178611111111,1233.4737996759234
543,iqll,391680,-1,-1227.6436111111113,1061.2848514043217
544,iqll,392400,-1,-1550.3075000000001,1466.0111988921108
545,iqll,393120,-1,-1083.8772222222224,1088.4981024497602
546,iqll,393840,-1,-760.6316666666668,652.7826703152351
547,iqll,394560,-1,-879.5547222222224,884.7485870792967
548,iqll,395280,-1,-976.611388888889,1047.2344101029278
549,iqll,396000,-1,-607.5030555555555,461.4560744614056
550,iqll,396720,-1,-665.1275,564.7716312510502
551,iqll,397440,-1,-1181.8383333333334,1014.2684262163762
552,iqll,398160,-1,-1014.6758333333335,867.3518533600326
553,iqll,398880,-1,-1197.1480555555556,1112.1714480248872
554,iqll,399600,-1,-387.95638888888885,253.58885323878076
555,iqll,400320,-1,-1078.7552777777778,885.270817917025
556,iqll,401040,-1,-1063.3647222222223,945.2352098404635
557,iqll,401760,-1,-430.7347222222222,310.98713052138163
558,iqll,402480,-1,-1268.4558333333334,967.8569225323287
559,iqll,403200,-1,-795.3119444444445,560.5260018466754
560,iqll,403920,-1,-1644.6591666666668,1796.6077265222104
561,iqll,404640,-1,-1154.5741666666668,1082.5909912229472
562,iqll,405360,-1,-2000.1647222222223,1554.3800290469262
563,iqll,406080,-1,-589.9305555555555,374.10030081030146
564,iqll,406800,-1,-1151.2,968.3946015614366
565,iqll,407520,-1,-693.3452777777778,617.1559768224729
566,iqll,408240,-1,-1077.1544444444446,1057.1395659105663
567,iqll,408960,-1,-1854.3302777777778,1912.4126330298452
568,iqll,409680,-1,-988.2794444444445,889.0556060098094
569,iqll,410400,-1,-658.7611111111112,521.6787223728252
570,iqll,411120,-1,-1069.9936111111112,1121.9635724494922
571,iqll,411840,-1,-1564.0272222222225,1321.438029796435
572,iqll,412560,-1,-1005.3425000000001,919.867640161329
573,iqll,413280,-1,-1080.4752777777778,916.1874534358437
574,iqll,414000,-1,-1426.8444444444447,1240.2302006402872
575,iqll,414720,-1,-1714.6716666666664,1440.5538640388363
576,iqll,415440,-1,-1763.6197222222224,1542.7541794537929
577,iqll,416160,-1,-989.5255555555555,840.7016996481916
578,iqll,416880,-1,-1238.431388888889,1212.5266516948373
579,iqll,417600,-1,-1293.0002777777777,1313.0101919084552
580,iqll,418320,-1,-1336.8155555555556,1119.3703670080795
581,iqll,419040,-1,-1455.0205555555556,1391.4395634736318
582,iqll,419760,-1,-1236.6075000000003,1181.0617191038912
583,iqll,420480,-1,-994.5305555555556,787.934512972382
584,iqll,421200,-1,-1080.8894444444445,873.4379149848172
585,iqll,421920,-1,-886.9897222222222,670.2503663681129
586,iqll,422640,-1,-823.333888888889,742.803767616237
587,iqll,423360,-1,-1338.113888888889,1185.7850362740894
588,iqll,424080,-1,-657.6963888888889,574.8097285075818
589,iqll,424800,-1,-998.0111111111111,949.7515180818431
590,iqll,425520,-1,-613.8927777777778,542.1352969232512
591,iqll,426240,-1,-417.1347222222222,294.8593676369401
592,iqll,426960,-1,-1275.8580555555557,1317.754484642803
593,iqll,427680,-1,-975.6541666666668,1007.5169004975522
594,iqll,428400,-1,-1298.2211111111112,1123.7743814677438
595,iqll,429120,-1,-1841.7591666666667,1730.3970389445872
596,iqll,429840,-1,-1163.4327777777778,869.5371780008129
597,iqll,430560,-1,-1264.0766666666666,1309.1250422451376
598,iqll,431280,-1,-1065.8569444444445,886.0953185067352
599,iqll,432000,-1,-1154.2777777777778,1054.9006361083154
600,iqll,432720,-1,-1127.4952777777778,1115.1229098075694
601,iqll,433440,-1,-1026.6119444444446,893.2546883427028
602,iqll,434160,-1,-1404.3691666666668,1253.610315180552
603,iqll,434880,-1,-945.3141666666666,859.2551266580809
604,iqll,435600,-1,-1175.408888888889,972.5596919292061
605,iqll,436320,-1,-624.5361111111112,481.268019721962
606,iqll,437040,-1,-689.8208333333333,489.3842452617541
607,iqll,437760,-1,-571.1155555555556,456.75623121970074
608,iqll,438480,-1,-324.8183333333333,222.6609682342193
609,iqll,439200,-1,-366.7527777777778,240.36226800638417
610,iqll,439920,-1,-755.3825,541.1218133289552
611,iqll,440640,-1,-696.2733333333333,508.36911235833355
612,iqll,441360,-1,-813.2144444444444,610.2966726766966
613,iqll,442080,-1,-456.98138888888883,367.5920056231786
614,iqll,442800,-1,-769.3924999999999,677.761089830476
615,iqll,443520,-1,-1377.2027777777778,1368.8200322390635
616,iqll,444240,-1,-1085.6094444444445,1010.2747744053058
617,iqll,444960,-1,-525.2575,361.2995471202608
618,iqll,445680,-1,-974.9633333333333,862.3464868794523
619,iqll,446400,-1,-1047.79,1058.0630687513649
620,iqll,447120,-1,-829.6155555555555,722.736120341936
621,iqll,447840,-1,-1153.8194444444446,1122.5263822980942
622,iqll,448560,-1,-737.9916666666667,566.7331049655463
623,iqll,449280,-1,-1344.0488888888892,1302.5135855759343
624,iqll,450000,-1,-951.5844444444447,860.4567630574811
625,iqll,450720,-1,-998.0688888888889,737.8750011793543
626,iqll,451440,-1,-1679.9997222222219,1504.0405152454914
627,iqll,452160,-1,-1832.5030555555559,1691.3761289066097
628,iqll,452880,-1,-1279.2522222222224,1223.9188137316025
629,iqll,453600,-1,-782.8672222222223,760.5867391056692
630,iqll,454320,-1,-1042.3258333333333,825.0942002781494
631,iqll,455040,-1,-1584.9875,1473.7389122792315
632,iqll,455760,-1,-1146.778888888889,1043.0197900002179
633,iqll,456480,-1,-763.3325,598.7837948239331
634,iqll,457200,-1,-407.39,288.2877420795642
635,iqll,457920,-1,-1372.3333333333333,1273.3103329947146
636,iqll,458640,-1,-980.4630555555556,843.591729235836
637,iqll,459360,-1,-1287.3055555555557,1199.852931715764
638,iqll,460080,-1,-601.4069444444444,489.1202608386672
639,iqll,460800,-1,-700.5847222222224,639.0681235117363
640,iqll,461520,-1,-1703.8633333333332,1528.45848047778
641,iqll,462240,-1,-859.9222222222222,815.9581616831123
642,iqll,462960,-1,-732.4516666666667,549.8951533373329
643,iqll,463680,-1,-606.3108333333334,414.49491525412924
644,iqll,464400,-1,-1369.4133333333334,1246.3020663992784
645,iqll,465120,-1,-470.46305555555557,344.1051613672083
646,iqll,465840,-1,-1047.4305555555557,1076.880596527521
647,iqll,466560,-1,-757.8530555555557,597.5950490801509
648,iqll,467280,-1,-439.8233333333333,293.2472269642498
649,iqll,468000,-1,-1040.088611111111,996.7345481249503
650,iqll,468720,-1,-901.7222222222224,946.8661772485509
651,iqll,469440,-1,-541.3838888888889,396.1585448142208
652,iqll,470160,-1,-835.7636111111112,665.6968761783598
653,iqll,470880,-1,-918.9741666666667,829.1931020572383
654,iqll,471600,-1,-413.80666666666673,275.6511000441601
655,iqll,472320,-1,-1481.6213888888888,1400.124354770066
656,iqll,473040,-1,-821.6672222222224,700.5323217486159
657,iqll,473760,-1,-1116.6530555555555,912.0088319605228
658,iqll,474480,-1,-687.2430555555557,564.290527793379
659,iqll,475200,-1,-1112.5877777777778,1095.554463459564
660,iqll,475920,-1,-1100.8502777777778,1038.1130811744347
661,iqll,476640,-1,-608.1375,492.80715524474346
662,iqll,477360,-1,-611.6416666666667,574.415260298583
663,iqll,478080,-1,-1064.5666666666668,898.8581949092725
664,iqll,478800,-1,-890.4330555555558,772.6978243405787
665,iqll,479520,-1,-939.416111111111,818.2538523291798
666,iqll,480240,-1,-1548.6341666666667,1547.078414804777
667,iqll,480960,-1,-1570.3986111111112,1634.5174443677608
668,iqll,481680,-1,-933.8019444444445,927.1501469836343
669,iqll,482400,-1,-831.3694444444444,647.9911971793395
670,iqll,483120,-1,-1572.3038888888889,1485.578342145423
671,iqll,483840,-1,-1394.7936111111112,1398.7155519790547
672,iqll,484560,-1,-1028.0936111111112,928.4272666799149
673,iqll,485280,-1,-1144.8505555555555,1087.9034015530988
674,iqll,486000,-1,-437.61749999999995,322.1215199861606
675,iqll,486720,-1,-1056.6075000000003,1055.544613931266
676,iqll,487440,-1,-1470.4272222222223,1275.95526098556
677,iqll,488160,-1,-597.6763888888889,476.83634310859964
678,iqll,488880,-1,-557.8672222222223,455.1261448251409
679,iqll,489600,-1,-1139.8497222222222,926.650090574125
680,iqll,490320,-1,-1734.703888888889,1775.2381490901091
681,iqll,491040,-1,-1247.822222222222,1281.485381611492
682,iqll,491760,-1,-964.8591666666666,785.7736592396446
683,iqll,492480,-1,-1316.3869444444447,1309.414170067667
684,iqll,493200,-1,-1142.4530555555555,1067.242568447928
685,iqll,493920,-1,-1631.695833333333,1468.3139092488875
686,iqll,494640,-1,-563.2536111111111,380.1972515291151
687,iqll,495360,-1,-821.2375,597.8036737223788
688,iqll,496080,-1,-525.3752777777778,332.98664254145984
689,iqll,496800,-1,-728.3383333333333,646.4967969994559
690,iqll,497520,-1,-1573.1030555555556,1728.092315979161
691,iqll,498240,-1,-1745.0013888888889,1654.1039743445742
692,iqll,498960,-1,-1006.2402777777778,824.1304521803778
693,iqll,499680,-1,-1678.3405555555555,1491.2599974591665
694,iqll,500400,-1,-1399.2558333333334,1239.7440352052852
695,iqll,501120,-1,-864.1527777777778,826.6869049895328
696,iqll,501840,-1,-345.98111111111115,256.04371041525286
697,iqll,502560,-1,-469.56638888888887,399.66284448167323
698,iqll,503280,-1,-1667.0652777777777,1555.3861895987015
699,iqll,504000,-1,-1361.7758333333334,1342.3498171011638
700,iqll,504720,-1,-1179.9944444444445,1152.3519433326214
701,iqll,505440,-1,-867.1925000000001,743.7654777469808
702,iqll,506160,-1,-1134.2297222222223,971.6769752768953
703,iqll,506880,-1,-1821.2108333333333,1737.9550661127817
704,iqll,507600,-1,-1307.9216666666666,1219.8819098482443
705,iqll,508320,-1,-509.64000000000004,378.5027895978223
706,iqll,509040,-1,-1849.4847222222222,1646.4866217663227
707,iqll,509760,-1,-1153.9913888888889,1118.6726135535534
708,iqll,510480,-1,-1306.3380555555557,1207.263257904053
709,iqll,511200,-1,-1354.7366666666665,1397.5759158430158
710,iqll,511920,-1,-1543.7180555555556,1401.115125338305
711,iqll,512640,-1,-616.2463888888889,488.22367746449976
712,iqll,513360,-1,-786.0100000000001,845.3743701330068
713,iqll,514080,-1,-826.1602777777777,695.3312836578376
714,iqll,514800,-1,-1888.235,1761.8031894427243
715,iqll,515520,-1,-1263.3444444444444,1302.6515503311878
716,iqll,516240,-1,-1055.5769444444445,994.8662133794659
717,iqll,516960,-1,-1887.1147222222223,1545.7494073192138
718,iqll,517680,-1,-1452.7091666666665,1347.7368346496758
719,iqll,518400,-1,-1479.3411111111109,1540.6854825329062
720,iqll,519120,-1,-1072.545277777778,1130.195924683922
721,iqll,519840,-1,-1717.3588888888887,1570.964727971987
722,iqll,520560,-1,-1065.5661111111112,863.6607439436627
723,iqll,521280,-1,-1383.201388888889,1357.108273396155
724,iqll,522000,-1,-1544.9133333333334,1612.963478590469
725,iqll,522720,-1,-1205.4033333333334,1246.064525478338
726,iqll,523440,-1,-1333.1097222222224,1369.9630167007067
727,iqll,524160,-1,-1724.6108333333334,1703.9496957377767
728,iqll,524880,-1,-1378.9933333333333,1293.6466486727443
729,iqll,525600,-1,-1446.6255555555556,1465.024699037992
730,iqll,526320,-1,-1660.7755555555557,1505.3478900839657
731,iqll,527040,-1,-1794.5205555555556,1791.4304221672573
732,iqll,527760,-1,-1186.7119444444445,969.7219869470019
733,iqll,528480,-1,-1085.6855555555555,995.4250758747476
734,iqll,529200,-1,-2016.4019444444446,1974.2090719651635
735,iqll,529920,-1,-1755.4025000000001,1547.3086045145815
736,iqll,530640,-1,-1810.6416666666667,1540.679345735186
737,iqll,531360,-1,-1460.8613888888888,1206.6517817490146
738,iqll,532080,-1,-1094.036111111111,990.16374853769
739,iqll,532800,-1,-885.2227777777778,848.9525609917825
740,iqll,533520,-1,-1177.3913888888892,1323.6528887821778
741,iqll,534240,-1,-1298.1644444444444,1423.2248465924226
742,iqll,534960,-1,-1414.1022222222225,1453.522263673681
743,iqll,535680,-1,-1334.1816666666666,1128.0294984310276
744,iqll,536400,-1,-760.4161111111113,818.4288017403896
745,iqll,537120,-1,-444.75777777777785,271.7115772603073
746,iqll,537840,-1,-1530.4963888888888,1367.2284415676133
747,iqll,538560,-1,-1844.525,1750.348388127188
748,iqll,539280,-1,-1031.1319444444443,1082.30070974424
749,iqll,540000,-1,-947.2527777777777,705.1321831110466
750,iqll,540720,-1,-711.8983333333334,598.6172664264612
751,iqll,541440,-1,-574.9325,409.29913422469315
752,iqll,542160,-1,-782.6866666666667,658.0597927409198
753,iqll,542880,-1,-645.6016666666666,503.24715056597967
754,iqll,543600,-1,-1340.8105555555555,1370.694884234401
755,iqll,544320,-1,-1241.9219444444445,1103.7524167164167
756,iqll,545040,-1,-1241.375,1193.9326358893397
757,iqll,545760,-1,-368.095,263.158237309587
758,iqll,546480,-1,-440.85666666666674,297.03402668904977
759,iqll,547200,-1,-631.0505555555555,517.894895492772
760,iqll,547920,-1,-954.4958333333333,815.1592216550737
761,iqll,548640,-1,-1526.2058333333332,1477.0154138289129
762,iqll,549360,-1,-780.106388888889,667.2788436488934
763,iqll,550080,-1,-484.0152777777778,326.4852340372644
764,iqll,550800,-1,-1409.803611111111,1374.0333943209612
765,iqll,551520,-1,-1575.5747222222224,1436.8581807289474
766,iqll,552240,-1,-764.1597222222222,569.223042683749
767,iqll,552960,-1,-1042.415,787.1990369499953
768,iqll,553680,-1,-897.9702777777779,857.3120713764042
769,iqll,554400,-1,-746.5183333333334,684.1764069119894
770,iqll,555120,-1,-1037.4275,1111.3580476003099
771,iqll,555840,-1,-434.00416666666666,282.3025688362183
772,iqll,556560,-1,-1651.2847222222226,1735.877144971169
773,iqll,557280,-1,-1389.1413888888887,1366.0422161844308
774,iqll,558000,-1,-1044.6561111111112,914.4792061704901
775,iqll,558720,-1,-714.6372222222222,609.6658088685924
776,iqll,559440,-1,-1180.5125,1212.5850186272737
777,iqll,560160,-1,-1229.8533333333335,1174.7721328174432
778,iqll,560880,-1,-960.1505555555556,904.8258163252087
779,iqll,561600,-1,-1157.121666666667,1183.4490013785507
780,iqll,562320,-1,-1484.0319444444444,1521.468560901896
781,iqll,563040,-1,-434.7713888888889,373.2638581386034
782,iqll,563760,-1,-1522.4816666666668,1436.644285478219
783,iqll,564480,-1,-609.2541666666667,547.9156916182706
784,iqll,565200,-1,-391.81833333333327,268.79279958423984
785,iqll,565920,-1,-1574.9516666666668,1413.527962226861
786,iqll,566640,-1,-640.9844444444445,532.511324013367
787,iqll,567360,-1,-345.58194444444445,234.44956400660206
788,iqll,568080,-1,-1568.2888888888888,1365.4357555125393
789,iqll,568800,-1,-883.141388888889,821.1968515920757
790,iqll,569520,-1,-542.9444444444445,383.28643020624526
791,iqll,570240,-1,-1007.1144444444445,1121.5571390369248
792,iqll,570960,-1,-994.9005555555556,1027.8649058443227
793,iqll,571680,-1,-1587.7900000000004,1788.1344757751178
794,iqll,572400,-1,-1209.4797222222223,1121.1864173622962
795,iqll,573120,-1,-1897.0991666666669,1916.115961377012
796,iqll,573840,-1,-1584.8822222222223,1638.807037795602
797,iqll,574560,-1,-975.8319444444444,1124.6721612351444
798,iqll,575280,-1,-887.2158333333334,939.738277526943
799,iqll,576000,-1,-927.4613888888888,756.9548334964422
800,iqll,576720,-1,-801.6594444444445,672.5454693589475
801,iqll,577440,-1,-514.2072222222222,384.6667291349683
802,iqll,578160,-1,-654.9922222222223,584.3588769331884
803,iqll,578880,-1,-1270.874722222222,1137.2327371616352
804,iqll,579600,-1,-1108.3563888888891,991.228661386275
805,iqll,580320,-1,-829.9844444444445,741.2615527915323
806,iqll,581040,-1,-1070.0772222222222,952.1081203384972
807,iqll,581760,-1,-1338.908611111111,1068.9853028473435
808,iqll,582480,-1,-725.8850000000001,607.7800799242913
809,iqll,583200,-1,-1431.9558333333332,1516.6621800279333
810,iqll,583920,-1,-581.9727777777778,424.9992218725629
811,iqll,584640,-1,-1041.1102777777778,946.3013489399021
812,iqll,585360,-1,-765.483611111111,584.7771255009742
813,iqll,586080,-1,-1398.221388888889,1326.7740156477557
814,iqll,586800,-1,-1603.483611111111,1366.6746889432288
815,iqll,587520,-1,-759.9822222222223,525.8866853182934
816,iqll,588240,-1,-2112.067777777778,1957.6906926460165
817,iqll,588960,-1,-1976.7036111111113,1838.1223777988064
818,iqll,589680,-1,-1328.977222222222,1150.9779495585751
819,iqll,590400,-1,-618.3202777777777,463.03552567082386
820,iqll,591120,-1,-418.9341666666667,281.41063600166416
821,iqll,591840,-1,-707.1125000000001,559.2210809682567
822,iqll,592560,-1,-457.0708333333333,327.2436345775542
823,iqll,593280,-1,-867.6777777777778,930.9476902929231
824,iqll,594000,-1,-1518.7058333333337,1414.3442223123036
825,iqll,594720,-1,-1924.6219444444446,1943.6238145440814
826,iqll,595440,-1,-1067.7544444444443,944.6358253211906
827,iqll,596160,-1,-325.79305555555555,229.73584421774797
828,iqll,596880,-1,-864.5822222222223,704.227208928384
829,iqll,597600,-1,-638.8802777777778,457.99044282839037
830,iqll,598320,-1,-1207.6369444444447,1286.4704052482327
831,iqll,599040,-1,-400.58222222222224,252.8257360219915
832,iqll,599760,-1,-1093.89,1092.2374772355038
833,iqll,600480,-1,-1056.4961111111113,917.176211402506
834,iqll,601200,-1,-660.7008333333334,551.4832000053985
835,iqll,601920,-1,-451.3716666666666,326.27430463321645
836,iqll,602640,-1,-984.0313888888891,908.6977125799707
837,iqll,603360,-1,-1394.7694444444444,1491.6388812159755
838,iqll,604080,-1,-515.0044444444445,361.5290229354918
839,iqll,604800,-1,-1226.4947222222222,1033.2089379291053
840,iqll,605520,-1,-1316.997777777778,1401.7294813493618
841,iqll,606240,-1,-776.081388888889,766.7262231854949
842,iqll,606960,-1,-566.5991666666667,467.32257518451144
843,iqll,607680,-1,-777.0227777777778,716.8766558504992
844,iqll,608400,-1,-1046.3738888888888,1167.5047210403661
845,iqll,609120,-1,-762.3394444444444,669.834766026271
846,iqll,609840,-1,-797.0005555555556,716.759874326218
847,iqll,610560,-1,-2030.2611111111112,2064.6344262736493
848,iqll,611280,-1,-513.1977777777778,438.04701155058126
849,iqll,612000,-1,-321.1772222222222,164.16860111569432
850,iqll,612720,-1,-1084.5024999999998,1112.4522590477384
851,iqll,613440,-1,-1538.2847222222226,1406.455849798797
852,iqll,614160,-1,-1025.265,1029.2077019066116
853,iqll,614880,-1,-1102.467222222222,1284.011380415582
854,iqll,615600,-1,-1006.8008333333335,977.9356095307065
855,iqll,616320,-1,-1421.8691666666668,1625.853874992179
856,iqll,617040,-1,-786.2105555555555,598.1614948227445
857,iqll,617760,-1,-1081.1100000000001,1045.7683679211398
858,iqll,618480,-1,-665.7052777777777,580.906954755455
859,iqll,619200,-1,-1378.0075,1153.4411900431658
860,iqll,619920,-1,-1372.645277777778,1159.1141935906298
861,iqll,620640,-1,-974.791111111111,886.4868626142489
862,iqll,621360,-1,-1235.74,1452.158387045527
863,iqll,622080,-1,-1784.9505555555556,1808.0617024868625
864,iqll,622800,-1,-840.5841666666666,780.5487947765236
865,iqll,623520,-1,-923.9205555555557,862.5899620198865
866,iqll,624240,-1,-1181.4016666666666,1262.5033167382176
867,iqll,624960,-1,-1751.5305555555556,1733.785978032443
868,iqll,625680,-1,-1157.1938888888888,954.7865592001812
869,iqll,626400,-1,-1288.581666666667,1191.1694877525943
870,iqll,627120,-1,-465.71666666666664,311.9996530446789
871,iqll,627840,-1,-1087.5719444444444,956.2192897271103
872,iqll,628560,-1,-1630.8441666666668,1419.0645422227103
873,iqll,629280,-1,-1062.3830555555555,845.0772630630995
874,iqll,630000,-1,-1664.5411111111111,1710.097806812649
875,iqll,630720,-1,-1008.5658333333332,1095.2834022395884
876,iqll,631440,-1,-1119.6172222222222,1103.419292589608
877,iqll,632160,-1,-1325.2233333333334,1195.8476862367456
878,iqll,632880,-1,-762.0202777777778,561.8417496451891
879,iqll,633600,-1,-1221.5572222222222,935.2653041624402
880,iqll,634320,-1,-1486.753333333333,1408.8402297398147
881,iqll,635040,-1,-1220.645277777778,1135.3800904958514
882,iqll,635760,-1,-623.3852777777778,553.1474849088929
883,iqll,636480,-1,-491.1002777777778,409.6518171975515
884,iqll,637200,-1,-813.0469444444445,618.0763493530169
885,iqll,637920,-1,-940.7183333333335,878.8959000406893
886,iqll,638640,-1,-1373.7736111111112,1253.6820244664486
887,iqll,639360,-1,-2070.327222222222,1977.9809678988477
888,iqll,640080,-1,-1567.753333333333,1590.7498014877553
889,iqll,640800,-1,-809.6722222222222,691.5633752637374
890,iqll,641520,-1,-532.8611111111111,450.5596199775575
891,iqll,642240,-1,-966.226111111111,846.8226299831289
892,iqll,642960,-1,-1232.8530555555556,1307.4729385840276
893,iqll,643680,-1,-535.8119444444445,473.86664805101873
894,iqll,644400,-1,-928.6802777777779,921.965505350107
895,iqll,645120,-1,-1525.8158333333336,1527.7656200130145
896,iqll,645840,-1,-733.3958333333334,544.9852260325504
897,iqll,646560,-1,-1382.385277777778,1461.7986685947824
898,iqll,647280,-1,-1592.6325000000002,1460.736749839833
899,iqll,648000,-1,-1428.633888888889,1320.7698213400602
900,iqll,648720,-1,-1002.6288888888888,893.0442852331873
901,iqll,649440,-1,-537.4722222222223,379.3876772812205
902,iqll,650160,-1,-293.18638888888887,182.82229739790705
903,iqll,650880,-1,-885.1636111111112,860.5982642959386
904,iqll,651600,-1,-1103.558888888889,898.2369941408614
905,iqll,652320,-1,-1223.2633333333335,1007.3247538185268
906,iqll,653040,-1,-1266.5902777777778,1341.5308103741995
907,iqll,653760,-1,-820.5897222222222,839.2465964945587
908,iqll,654480,-1,-454.1991666666667,364.55108596338505
909,iqll,655200,-1,-597.1588888888889,468.2034175428085
910,iqll,655920,-1,-1516.0552777777777,1480.6187224340185
911,iqll,656640,-1,-905.9116666666667,820.2707152570628
912,iqll,657360,-1,-340.85361111111115,248.91654037105133
913,iqll,658080,-1,-407.42083333333335,311.4812915005669
914,iqll,658800,-1,-694.2341666666666,576.4891549518371
915,iqll,659520,-1,-544.1466666666666,432.7335739741538
916,iqll,660240,-1,-633.3630555555555,487.26171535040504
917,iqll,660960,-1,-337.3775,324.4418638119162
918,iqll,661680,-1,-428.13305555555564,346.5214832471065
919,iqll,662400,-1,-1299.8005555555555,1285.3305640529134
920,iqll,663120,-1,-881.8511111111112,761.6010084383562
921,iqll,663840,-1,-1108.5594444444446,1194.0916379871364
922,iqll,664560,-1,-1299.2741666666668,1628.7663407552
923,iqll,665280,-1,-665.5977777777778,552.1603145781683
924,iqll,666000,-1,-313.5052777777778,235.72257275339246
925,iqll,666720,-1,-773.5180555555555,608.938970401794
926,iqll,667440,-1,-1034.3497222222222,829.8608476893585
927,iqll,668160,-1,-2277.3050000000003,2189.3824762241115
928,iqll,668880,-1,-375.2563888888889,260.8266301338111
929,iqll,669600,-1,-1447.3627777777779,1308.9462058181068
930,iqll,670320,-1,-1127.0141666666668,1178.3463199988623
931,iqll,671040,-1,-739.1716666666666,603.139261307499
932,iqll,671760,-1,-431.8627777777778,285.3376749145077
933,iqll,672480,-1,-784.895,758.6371657104746
934,iqll,673200,-1,-2330.496111111111,2146.0405169848104
935,iqll,673920,-1,-937.1286111111111,920.4259558989605
936,iqll,674640,-1,-1049.1497222222222,1054.4387513822646
937,iqll,675360,-1,-1681.342777777778,1670.92410059459
938,iqll,676080,-1,-859.9269444444446,906.3987190136318
939,iqll,676800,-1,-1436.4211111111113,1232.7529570927777
940,iqll,677520,-1,-814.0825,687.2507353574135
941,iqll,678240,-1,-1305.9072222222226,1344.7786845396845
942,iqll,678960,-1,-1436.7002777777777,1557.2695196329057
943,iqll,679680,-1,-1152.4763888888888,1069.7376756311512
944,iqll,680400,-1,-778.2269444444446,708.669596886853
945,iqll,681120,-1,-1172.1019444444444,1200.43460004959
946,iqll,681840,-1,-1428.9897222222223,1268.588590720206
947,iqll,682560,-1,-1801.1455555555556,1741.4384193445187
948,iqll,683280,-1,-948.2255555555556,1049.0711081249303
949,iqll,684000,-1,-760.8666666666667,646.1642801090826
950,iqll,684720,-1,-784.1652777777778,806.887749500739
951,iqll,685440,-1,-459.0922222222222,380.1908810724125
952,iqll,686160,-1,-476.17166666666674,375.5501382083801
953,iqll,686880,-1,-401.6763888888889,306.316618873464
954,iqll,687600,-1,-1190.4511111111112,1145.3943098091636
955,iqll,688320,-1,-1151.1158333333333,1125.0498082674558
956,iqll,689040,-1,-582.2661111111111,439.50504442357135
957,iqll,689760,-1,-687.3694444444444,743.570428525415
958,iqll,690480,-1,-476.8366666666667,351.3988977248253
959,iqll,691200,-1,-999.4047222222223,960.9044527769604
960,iqll,691920,-1,-766.2169444444444,681.2807323886366
961,iqll,692640,-1,-1974.8936111111113,1975.5166352862018
962,iqll,693360,-1,-1152.0580555555555,1140.705961828803
963,iqll,694080,-1,-1553.732777777778,1563.1406108405445
964,iqll,694800,-1,-1755.6988888888889,1541.0111682120676
965,iqll,695520,-1,-1052.8669444444445,846.2184826998792
966,iqll,696240,-1,-1220.8125,1231.6272281053293
967,iqll,696960,-1,-1131.6038888888888,1240.7962707186548
968,iqll,697680,-1,-860.2300000000001,894.3271183098747
969,iqll,698400,-1,-1583.4580555555556,1490.6855198631106
970,iqll,699120,-1,-536.2236111111112,396.3191852650867
971,iqll,699840,-1,-1698.614166666667,1654.694118584182
972,iqll,700560,-1,-756.2636111111112,566.6581372968517
973,iqll,701280,-1,-1731.1588888888891,1751.1619140758733
974,iqll,702000,-1,-853.3444444444444,858.9196838161957
975,iqll,702720,-1,-1301.2469444444444,1114.8241362388346
976,iqll,703440,-1,-831.0597222222223,746.0593830549732
977,iqll,704160,-1,-1455.5052777777778,1364.7940917853305
978,iqll,704880,-1,-592.8241666666667,524.1309382888286
979,iqll,705600,-1,-746.5677777777778,697.8545433171552
980,iqll,706320,-1,-806.8016666666667,765.7123404585795
981,iqll,707040,-1,-862.7219444444445,736.5749990980004
982,iqll,707760,-1,-1544.7011111111112,1535.4941669265409
983,iqll,708480,-1,-1229.8572222222222,1323.479227412461
984,iqll,709200,-1,-645.1202777777778,508.0234511537288
985,iqll,709920,-1,-551.3944444444444,412.0908200495806
986,iqll,710640,-1,-1290.0722222222223,1256.7765268095623
987,iqll,711360,-1,-709.3816666666667,615.550186326112
988,iqll,712080,-1,-523.2841666666666,359.5080259873284
989,iqll,712800,-1,-1286.1458333333333,1383.9332439381185
990,iqll,713520,-1,-1673.4522222222224,1548.9693447384639
991,iqll,714240,-1,-1277.43,1340.2492535138547
992,iqll,714960,-1,-1312.7775,1203.7547378443164
993,iqll,715680,-1,-877.5525,842.4491428233221
994,iqll,716400,-1,-400.05611111111114,271.4626276025423
995,iqll,717120,-1,-763.6155555555556,660.8476193346291
996,iqll,717840,-1,-439.4094444444445,288.36613901951927
997,iqll,718560,-1,-913.9844444444446,896.542699783899
998,iqll,719280,-1,-1508.925,1628.7481093150109
999,iqll,720000,-1,-1158.9669444444446,1185.5250695913405
1000,iqll,720720,-1,-1627.4138888888888,1591.0491479336622
1001,iqll,721440,-1,-481.31222222222226,340.1626628305209
1002,iqll,722160,-1,-1417.1025,1536.9396897711213
1003,iqll,722880,-1,-1509.7141666666669,1374.0291508388245
1004,iqll,723600,-1,-1064.585,1075.491476849073
1005,iqll,724320,-1,-813.023888888889,829.8473402355327
1006,iqll,725040,-1,-1379.0116666666665,1410.4032502867556
1007,iqll,725760,-1,-1136.2969444444445,1011.2398321376462
1008,iqll,726480,-1,-585.1927777777778,478.4801894808366
1009,iqll,727200,-1,-1010.3905555555557,906.2855598048568
1010,iqll,727920,-1,-1679.3372222222222,1468.4160080217412
1011,iqll,728640,-1,-1124.1041666666667,868.7772340635333
1012,iqll,729360,-1,-1242.0572222222222,1385.0719206168224
1013,iqll,730080,-1,-517.4966666666667,344.1976923707266
1014,iqll,730800,-1,-661.9294444444444,488.2969735266101
1015,iqll,731520,-1,-429.35555555555555,323.563323567466
1016,iqll,732240,-1,-1962.1975000000002,1942.7959897026917
1017,iqll,732960,-1,-650.9397222222221,553.6790053611394
1018,iqll,733680,-1,-1911.5463888888887,1940.6118257633377
1019,iqll,734400,-1,-995.0397222222224,920.934296443883
1020,iqll,735120,-1,-1100.2530555555554,1004.2241191401878
1021,iqll,735840,-1,-952.2736111111111,799.5498014322142
1022,iqll,736560,-1,-646.5491666666667,545.7512918744571
1023,iqll,737280,-1,-1225.506388888889,1207.672941589763
1024,iqll,738000,-1,-780.508611111111,885.6755083822015
1025,iqll,738720,-1,-1010.5411111111113,908.3858584684331
1026,iqll,739440,-1,-1263.008888888889,984.1913805132328
1027,iqll,740160,-1,-1030.8044444444445,900.571044999426
1028,iqll,740880,-1,-504.4566666666667,355.0195720895774
1029,iqll,741600,-1,-702.6533333333334,607.5964770580334
1030,iqll,742320,-1,-1407.2419444444445,1289.7653311817778
1031,iqll,743040,-1,-954.0069444444445,901.372733055654
1032,iqll,743760,-1,-636.3661111111111,484.294547272845
1033,iqll,744480,-1,-1226.2683333333334,1207.4491259112697
1034,iqll,745200,-1,-1054.0500000000002,966.3266537368315
1035,iqll,745920,-1,-517.7069444444444,355.02025991733865
1036,iqll,746640,-1,-920.3133333333335,881.7074383389437
1037,iqll,747360,-1,-1378.058888888889,1472.499128344918
1038,iqll,748080,-1,-1479.5680555555555,1362.381133421105
1039,iqll,748800,-1,-1430.0194444444444,1528.6826162344719
1040,iqll,749520,-1,-1313.858888888889,1443.838175519561
1041,iqll,750240,-1,-1096.1872222222223,1103.046099949819
1042,iqll,750960,-1,-768.6758333333333,590.9671168464029
1043,iqll,751680,-1,-899.2083333333335,902.8384584418559
1044,iqll,752400,-1,-1826.321388888889,1863.542706838022
1045,iqll,753120,-1,-1185.030833333333,1086.287636654908
1046,iqll,753840,-1,-1408.6236111111111,1417.4423480136734
1047,iqll,754560,-1,-861.9608333333334,805.9718106246196
1048,iqll,755280,-1,-993.1025000000001,1051.178699891156
1049,iqll,756000,-1,-2053.2380555555555,1834.8368643943975
1050,iqll,756720,-1,-1251.9311111111112,1235.8979652817843
1051,iqll,757440,-1,-572.7577777777778,527.2511636313545
1052,iqll,758160,-1,-1725.5383333333332,1627.9386877198417
1053,iqll,758880,-1,-1848.3175,1771.9774541845036
1054,iqll,759600,-1,-1254.8338888888889,1126.576761189198
1055,iqll,760320,-1,-993.8138888888889,907.1723192465139
1056,iqll,761040,-1,-1468.5822222222225,1533.1367842924576
1057,iqll,761760,-1,-642.2644444444444,480.23075027905105
1058,iqll,762480,-1,-587.3444444444444,393.671757266299
1059,iqll,763200,-1,-1415.7175,1357.5443722334235
1060,iqll,763920,-1,-1156.376388888889,1018.5808120715279
1061,iqll,764640,-1,-1707.876666666667,1560.7070061033237
1062,iqll,765360,-1,-858.743611111111,800.8182118504825
1063,iqll,766080,-1,-1264.3233333333333,1287.22258586721
1064,iqll,766800,-1,-1888.9769444444444,1893.585620477604
1065,iqll,767520,-1,-670.1005555555556,647.698485836772
1066,iqll,768240,-1,-1095.5708333333334,1104.5776092065314
1067,iqll,768960,-1,-1082.9075,1168.777047862601
1068,iqll,769680,-1,-471.90500000000014,345.5453824150069
1069,iqll,770400,-1,-417.98305555555555,346.89357428403383
1070,iqll,771120,-1,-638.9302777777777,586.5920766738923
1071,iqll,771840,-1,-1738.7430555555557,1869.8794129365663
1072,iqll,772560,-1,-1655.0449999999998,1494.55669844402
1073,iqll,773280,-1,-548.7925,449.7922149904023
1074,iqll,774000,-1,-1422.246388888889,1398.0123922170776
1075,iqll,774720,-1,-1715.401388888889,1611.5462339864312
1076,iqll,775440,-1,-1060.6705555555554,1083.9280142763287
1077,iqll,776160,-1,-900.9233333333334,861.7328687076472
1078,iqll,776880,-1,-1804.8825000000002,1673.2098882169814
1079,iqll,777600,-1,-1844.8483333333338,1790.2249710262986
1080,iqll,778320,-1,-351.31,234.51189974545477
1081,iqll,779040,-1,-1513.515555555556,1387.25974471747
1082,iqll,779760,-1,-1782.679166666667,1647.7784902405133
1083,iqll,780480,-1,-1351.4169444444447,1251.5783968394103
1084,iqll,781200,-1,-1325.2313888888891,1213.5906057660577
1085,iqll,781920,-1,-1174.6563888888888,1411.9579929572442
1086,iqll,782640,-1,-1719.2125,1617.8966897073412
1087,iqll,783360,-1,-1238.9302777777777,1186.0367541967148
1088,iqll,784080,-1,-1349.6027777777779,1378.256542195028
1089,iqll,784800,-1,-1159.7805555555556,1117.8946909554397
1090,iqll,785520,-1,-1176.9833333333333,1060.190746019057
1091,iqll,786240,-1,-767.6130555555555,725.0164610365733
1092,iqll,786960,-1,-669.873888888889,497.49005895862314
1093,iqll,787680,-1,-1152.295277777778,1179.728156577669
1094,iqll,788400,-1,-1252.278611111111,1309.2642411286085
1095,iqll,789120,-1,-1424.9847222222222,1415.2750985585533
1096,iqll,789840,-1,-1192.8080555555557,1141.8067410378835
1097,iqll,790560,-1,-514.2855555555556,359.26362096225887
1098,iqll,791280,-1,-1316.2433333333333,1224.472079764264
1099,iqll,792000,-1,-761.2872222222223,681.2549834705029
1100,iqll,792720,-1,-861.4136111111112,673.5720354805449
1101,iqll,793440,-1,-1577.7502777777777,1427.1859653118988
1102,iqll,794160,-1,-546.3841666666666,372.3620456317794
1103,iqll,794880,-1,-508.7394444444445,386.5031697436822
1104,iqll,795600,-1,-874.708611111111,747.0103373026105
1105,iqll,796320,-1,-600.0730555555555,418.30671010448947
1106,iqll,797040,-1,-511.11833333333334,420.2607718197781
1107,iqll,797760,-1,-1239.0677777777778,1102.4289420112077
1108,iqll,798480,-1,-1127.6788888888889,1110.7230109752281
1109,iqll,799200,-1,-706.8677777777779,549.2043747959968
1110,iqll,799920,-1,-805.7594444444445,761.9671022496985
1111,iqll,800640,-1,-871.9080555555556,828.0522860179499
1112,iqll,801360,-1,-950.1738888888888,797.7687442600204
1113,iqll,802080,-1,-759.3863888888889,594.2855319001538
1114,iqll,802800,-1,-987.4505555555556,823.3966299554022
1115,iqll,803520,-1,-767.1805555555555,669.338723965446
1116,iqll,804240,-1,-886.3302777777778,845.0978571706163
1117,iqll,804960,-1,-463.51944444444445,308.40485397484736
1118,iqll,805680,-1,-1030.4680555555558,997.8658452370557
1119,iqll,806400,-1,-1545.7838888888887,1572.183252029691
1120,iqll,807120,-1,-641.7547222222222,482.73920944834356
1121,iqll,807840,-1,-904.7813888888891,746.7003651162478
1122,iqll,808560,-1,-648.2761111111112,551.4539451772407
1123,iqll,809280,-1,-584.7622222222222,525.847042943896
1124,iqll,810000,-1,-437.8638888888889,301.88364098769523
1125,iqll,810720,-1,-1590.1152777777777,1432.2455204599876
1126,iqll,811440,-1,-1760.7669444444443,1713.9532817328732
1127,iqll,812160,-1,-1036.2949999999998,996.6231187685188
1128,iqll,812880,-1,-748.3647222222222,729.5235896193035
1129,iqll,813600,-1,-750.8275000000001,551.4830067588213
1130,iqll,814320,-1,-1097.3861111111112,1057.3740438392067
1131,iqll,815040,-1,-1359.5791666666669,1324.2601416805348
1132,iqll,815760,-1,-1393.416666666667,1276.6136081446102
1133,iqll,816480,-1,-1872.8841666666667,1914.892067882207
1134,iqll,817200,-1,-971.8875000000002,964.0118346204026
1135,iqll,817920,-1,-1856.7072222222225,1868.7640223043013
1136,iqll,818640,-1,-803.0536111111111,765.0335869629545
1137,iqll,819360,-1,-1237.4161111111111,1312.963926925298
1138,iqll,820080,-1,-1510.6236111111111,1566.7682063365212
1139,iqll,820800,-1,-1297.7175,1358.9801094220848
1140,iqll,821520,-1,-374.26972222222224,229.6000647864082
1141,iqll,822240,-1,-827.3152777777777,720.0757283399903
1142,iqll,822960,-1,-929.6183333333332,851.4061134366033
1143,iqll,823680,-1,-1140.3872222222221,1155.5914496496569
1144,iqll,824400,-1,-1316.4030555555555,1296.071605292786
1145,iqll,825120,-1,-697.8972222222222,622.0679618043313
1146,iqll,825840,-1,-1741.8622222222223,1741.3007493491614
1147,iqll,826560,-1,-1561.9986111111111,1503.4772813005723
1148,iqll,827280,-1,-1412.8483333333334,1175.657949687701
1149,iqll,828000,-1,-1530.2588888888888,1446.4123015543164
1150,iqll,828720,-1,-987.6844444444445,1018.5234844192746
1151,iqll,829440,-1,-1170.9986111111111,1123.0224497351699
1152,iqll,830160,-1,-1524.371111111111,1383.474036598884
1153,iqll,830880,-1,-712.8394444444444,578.979933829722
1154,iqll,831600,-1,-1082.8416666666667,1155.8080835201645
1155,iqll,832320,-1,-479.84416666666675,356.3983206943462
1156,iqll,833040,-1,-1587.1958333333334,1649.131040724975
1157,iqll,833760,-1,-891.6530555555556,711.9219083396697
1158,iqll,834480,-1,-968.0958333333335,841.6051685020152
1159,iqll,835200,-1,-1092.6783333333333,1199.4342525066188
1160,iqll,835920,-1,-860.7213888888889,740.7367872510181
1161,iqll,836640,-1,-1510.6341666666667,1462.4942765697601
1162,iqll,837360,-1,-1277.8677777777777,1195.8095670416737
1163,iqll,838080,-1,-1248.8380555555557,1272.4798804113857
1164,iqll,838800,-1,-1100.3427777777779,1153.1703413021646
1165,iqll,839520,-1,-1583.3716666666664,1627.31413623031
1166,iqll,840240,-1,-1395.4769444444444,1343.8466916205705
1167,iqll,840960,-1,-328.24277777777775,208.0500026784575
1168,iqll,841680,-1,-951.7338888888889,964.2802198568105
1169,iqll,842400,-1,-1236.0986111111113,1184.132280475766
1170,iqll,843120,-1,-952.4975,972.6264291964967
1171,iqll,843840,-1,-1427.9069444444444,1553.177200327909
1172,iqll,844560,-1,-1146.953888888889,1287.8140475612104
1173,iqll,845280,-1,-937.9105555555556,898.6239073035332
1174,iqll,846000,-1,-1383.5822222222223,1466.9832561021108
1175,iqll,846720,-1,-460.2900000000001,344.61425957148083
1176,iqll,847440,-1,-1327.1444444444444,1268.0231131884968
1177,iqll,848160,-1,-1174.8977777777777,985.3854696375626
1178,iqll,848880,-1,-807.9894444444445,653.9975576744425
1179,iqll,849600,-1,-1922.153888888889,1915.1251919003998
1180,iqll,850320,-1,-796.3208333333333,831.3163407842175
1181,iqll,851040,-1,-763.5052777777778,784.3114626324095
1182,iqll,851760,-1,-1572.3422222222225,1473.2820316089274
1183,iqll,852480,-1,-929.1175000000002,819.5711603735043
1184,iqll,853200,-1,-1387.9852777777778,1528.9940353618601
1185,iqll,853920,-1,-1318.368611111111,1358.7950578293273
1186,iqll,854640,-1,-736.9072222222221,703.8457605289004
1187,iqll,855360,-1,-934.3486111111112,840.1297194635176
1188,iqll,856080,-1,-1480.4833333333336,1418.9899131855104
1189,iqll,856800,-1,-471.74444444444447,344.78460977224967
1190,iqll,857520,-1,-472.65888888888884,344.00930281169383
1191,iqll,858240,-1,-874.184722222222,787.3511178064296
1192,iqll,858960,-1,-1042.606111111111,1107.41031503754
1193,iqll,859680,-1,-856.9175000000001,877.8170014456791
1194,iqll,860400,-1,-1454.075277777778,1441.875116664227
1195,iqll,861120,-1,-493.0941666666666,346.47752271070925
1196,iqll,861840,-1,-299.15833333333336,205.9964121518733
1197,iqll,862560,-1,-394.1469444444445,267.8395309728844
1198,iqll,863280,-1,-1228.211388888889,1381.376406919025
1199,iqll,864000,-1,-945.6833333333333,850.6411032274423
1200,iqll,864720,-1,-818.0552777777779,728.9213357191497
1201,iqll,865440,-1,-1397.6597222222222,1269.4146737068015
1202,iqll,866160,-1,-1523.6802777777777,1408.2015524340616
1203,iqll,866880,-1,-778.5194444444444,717.9014059973869
1204,iqll,867600,-1,-1398.6708333333336,1413.0693316065858
1205,iqll,868320,-1,-1198.8286111111113,1269.4262051166897
1206,iqll,869040,-1,-1691.5161111111113,1677.11596497161
1207,iqll,869760,-1,-1602.2616666666668,1507.7555332264578
1208,iqll,870480,-1,-761.2741666666667,650.2733792622018
1209,iqll,871200,-1,-433.3355555555555,292.9701772122932
1210,iqll,871920,-1,-1086.243888888889,1035.9926367533212
1211,iqll,872640,-1,-802.9533333333334,774.3237350818526
1212,iqll,873360,-1,-1244.1955555555555,1264.6232621185482
1213,iqll,874080,-1,-544.3152777777777,402.53632850537787
1214,iqll,874800,-1,-1130.7800000000002,1105.9474688850883
1215,iqll,875520,-1,-1851.175,1679.3522066021303
1216,iqll,876240,-1,-1644.8355555555556,1646.3510505769427
1217,iqll,876960,-1,-1366.094166666667,1173.701239654271
1218,iqll,877680,-1,-1114.740277777778,1205.0451945143573
1219,iqll,878400,-1,-1432.3633333333335,1428.797272646551
1220,iqll,879120,-1,-834.8147222222224,564.6030037458282
1221,iqll,879840,-1,-1468.06,1585.4385925457138
1222,iqll,880560,-1,-908.3891666666666,827.8364249619306
1223,iqll,881280,-1,-718.4666666666667,639.6985323832886
1224,iqll,882000,-1,-1683.0494444444446,1486.278739185637
1225,iqll,882720,-1,-513.2394444444445,354.6673544788478
1226,iqll,883440,-1,-449.78333333333336,315.68897853214116
1227,iqll,884160,-1,-440.79416666666674,304.75454881187216
1228,iqll,884880,-1,-1266.7150000000001,1337.3284514689476
1229,iqll,885600,-1,-419.5486111111111,282.8692993696007
1230,iqll,886320,-1,-1250.0313888888888,1084.4816235128008
1231,iqll,887040,-1,-1621.138888888889,1551.3837094452485
1232,iqll,887760,-1,-511.88250000000005,402.5461047774873
1233,iqll,888480,-1,-613.7219444444444,522.145510334893
1234,iqll,889200,-1,-597.3772222222221,431.0355784916337
1235,iqll,889920,-1,-1703.8750000000002,1701.0861677298028
1236,iqll,890640,-1,-1570.1236111111114,1492.1596479220848
1237,iqll,891360,-1,-834.4999999999999,912.0261730527985
1238,iqll,892080,-1,-642.176111111111,572.3857331733839
1239,iqll,892800,-1,-367.6516666666667,252.0491049985212
1240,iqll,893520,-1,-843.2733333333334,751.610768549786
1241,iqll,894240,-1,-803.8283333333331,815.5999914020354
1242,iqll,894960,-1,-1187.8174999999999,1279.000232722755
1243,iqll,895680,-1,-1447.1513888888887,1338.5251604007483
1244,iqll,896400,-1,-2013.2208333333338,1955.5484888046046
1245,iqll,897120,-1,-1702.6597222222222,1745.9255792463177
1246,iqll,897840,-1,-1147.5316666666668,960.4709070135567
1247,iqll,898560,-1,-1148.7216666666668,989.6091281564433
1248,iqll,899280,-1,-1456.6194444444448,1512.397217539729
1249,iqll,900000,-1,-1374.7933333333333,1496.173738188331
1250,iqll,900720,-1,-1105.9908333333333,1080.7707914438631
1251,iqll,901440,-1,-1395.0072222222223,1497.7097894055355
1252,iqll,902160,-1,-346.02222222222224,223.26967738478544
1253,iqll,902880,-1,-1312.148888888889,1355.8338051008764
1254,iqll,903600,-1,-736.8938888888889,568.8964505137106
1255,iqll,904320,-1,-1121.486111111111,1100.4079691572924
1256,iqll,905040,-1,-473.5727777777778,349.96525039091074
1257,iqll,905760,-1,-905.1108333333334,880.7525014909914
1258,iqll,906480,-1,-867.3458333333333,822.2331433422133
1259,iqll,907200,-1,-948.0511111111111,845.410413250333
1260,iqll,907920,-1,-469.1544444444444,339.2806049934057
1261,iqll,908640,-1,-883.2327777777779,1007.128188813815
1262,iqll,909360,-1,-356.38944444444445,267.77568680546
1263,iqll,910080,-1,-1658.6663888888893,1695.0288230205097
1264,iqll,910800,-1,-805.2950000000001,762.4037775917111
1265,iqll,911520,-1,-853.3994444444446,856.8799827148894
1266,iqll,912240,-1,-1781.603611111111,1684.4706320906425
1267,iqll,912960,-1,-577.0941666666668,450.7774355604068
1268,iqll,913680,-1,-707.2647222222223,492.5760681017598
1269,iqll,914400,-1,-524.5180555555555,408.72027599243256
1270,iqll,915120,-1,-905.4061111111112,812.3064486498984
1271,iqll,915840,-1,-618.4480555555556,514.3441508600997
1272,iqll,916560,-1,-707.2438888888889,546.1945550466925
1273,iqll,917280,-1,-807.6213888888888,692.8846012129806
1274,iqll,918000,-1,-1188.1211111111113,1168.0344314269016
1275,iqll,918720,-1,-1750.835833333333,1759.7607914759246
1276,iqll,919440,-1,-423.7224999999999,306.70738523944397
1277,iqll,920160,-1,-1346.6552777777779,1391.2751370994288
1278,iqll,920880,-1,-508.33416666666665,381.56983931789387
1279,iqll,921600,-1,-1223.9783333333335,1169.7987230371918
1280,iqll,922320,-1,-677.31,536.9740708720384
1281,iqll,923040,-1,-986.3744444444445,1031.383043518762
1282,iqll,923760,-1,-622.7713888888889,440.55865155411726
1283,iqll,924480,-1,-1410.1630555555557,1651.672936389579
1284,iqll,925200,-1,-652.5683333333334,527.9914018633889
1285,iqll,925920,-1,-1185.1733333333334,1166.0275251944574
1286,iqll,926640,-1,-886.1763888888889,783.1205618466163
1287,iqll,927360,-1,-1611.9838888888887,1605.1235501309166
1288,iqll,928080,-1,-741.2877777777777,604.9890419260644
1289,iqll,928800,-1,-912.4816666666667,1070.4868170850018
1290,iqll,929520,-1,-1095.4008333333334,1017.1044563691443
1291,iqll,930240,-1,-873.6286111111112,909.4748489059581
1292,iqll,930960,-1,-861.5252777777777,1008.5790506807808
1293,iqll,931680,-1,-1411.9469444444444,1371.3481480388386
1294,iqll,932400,-1,-742.0944444444444,598.5753524199702
1295,iqll,933120,-1,-581.9730555555557,485.910778957753
1296,iqll,933840,-1,-850.331111111111,772.2755290761689
1297,iqll,934560,-1,-1627.193611111111,1449.3615686506264
1298,iqll,935280,-1,-513.8566666666666,363.1324958836192
1299,iqll,936000,-1,-1033.8719444444446,879.3369654913596
1300,iqll,936720,-1,-1265.5449999999998,1235.2505793821306
1301,iqll,937440,-1,-1252.7744444444445,1213.1475449847264
1302,iqll,938160,-1,-1474.095277777778,1469.8329138525808
1303,iqll,938880,-1,-1788.1649999999997,1740.716984047889
1304,iqll,939600,-1,-1045.2427777777777,1127.9958418230372
1305,iqll,940320,-1,-1650.9380555555558,1597.0448426865712
1306,iqll,941040,-1,-1358.566388888889,1437.9790830781558
1307,iqll,941760,-1,-908.7238888888888,625.2795986920029
1308,iqll,942480,-1,-562.4311111111111,458.6051826873028
1309,iqll,943200,-1,-917.5311111111112,835.8179648496629
1310,iqll,943920,-1,-1776.9122222222227,1920.8233698846602
1311,iqll,944640,-1,-954.8361111111111,822.2097976566895
1312,iqll,945360,-1,-1898.8308333333332,1849.9832061082716
1313,iqll,946080,-1,-1108.166388888889,1092.6540254166378
1314,iqll,946800,-1,-1455.635,1163.1635902416688
1315,iqll,947520,-1,-980.2077777777778,1116.581735698315
1316,iqll,948240,-1,-973.3780555555555,787.9685446461519
1317,iqll,948960,-1,-883.0183333333333,1004.0547661012101
1318,iqll,949680,-1,-1659.2025000000003,1713.1725081926465
1319,iqll,950400,-1,-1417.2841666666666,1344.1817693610633
1320,iqll,951120,-1,-775.8430555555556,698.7053351907347
1321,iqll,951840,-1,-763.9680555555556,563.6176750161972
1322,iqll,952560,-1,-843.8566666666667,951.4374419850793
1323,iqll,953280,-1,-1311.6125000000002,1284.832584731643
1324,iqll,954000,-1,-958.1283333333336,1043.6965515669665
1325,iqll,954720,-1,-1471.7733333333333,1305.0694346619605
1326,iqll,955440,-1,-984.518888888889,980.2212430982037
1327,iqll,956160,-1,-933.3858333333333,901.1228857310164
1328,iqll,956880,-1,-720.9977777777779,613.1668798545934
1329,iqll,957600,-1,-1408.1177777777777,1325.0808600968705
1330,iqll,958320,-1,-1357.285,1294.3338572827079
1331,iqll,959040,-1,-998.5388888888889,948.5291058844092
1332,iqll,959760,-1,-1202.9888888888888,1446.8192816154758
1333,iqll,960480,-1,-1282.5066666666667,1391.826858029882
1334,iqll,961200,-1,-998.0550000000002,1130.5781234874187
1335,iqll,961920,-1,-942.0222222222222,965.4132532269135
1336,iqll,962640,-1,-1546.1511111111113,1426.796109528419
1337,iqll,963360,-1,-1283.5680555555557,1374.2923452257962
1338,iqll,964080,-1,-1748.5758333333335,1825.8010521790688
1339,iqll,964800,-1,-870.0877777777779,803.06350175476
1340,iqll,965520,-1,-700.7702777777778,540.6725508875554
1341,iqll,966240,-1,-648.4038888888889,510.3871309401531
1342,iqll,966960,-1,-1546.2458333333334,1752.4364532968807
1343,iqll,967680,-1,-912.2416666666667,643.2452552292943
1344,iqll,968400,-1,-1702.0466666666669,1565.0989217369688
1345,iqll,969120,-1,-1728.2611111111112,1674.4769698289836
1346,iqll,969840,-1,-760.9833333333333,707.7566558814156
1347,iqll,970560,-1,-1244.46,1231.585898010276
1348,iqll,971280,-1,-1457.5833333333333,1449.5270788356381
1349,iqll,972000,-1,-1236.7966666666666,1470.0699151136391
1350,iqll,972720,-1,-401.8722222222222,302.1390544573724
1351,iqll,973440,-1,-394.35,277.2269424336515
1352,iqll,974160,-1,-508.2144444444445,408.5634120675112
1353,iqll,974880,-1,-693.2141666666666,786.9782074982022
1354,iqll,975600,-1,-1195.4927777777777,1270.845026461202
1355,iqll,976320,-1,-1331.8472222222222,1459.7536962686759
1356,iqll,977040,-1,-1223.2619444444447,1099.7434004230245
1357,iqll,977760,-1,-925.3433333333335,871.4411350107872
1358,iqll,978480,-1,-729.9291666666667,757.1298030753122
1359,iqll,979200,-1,-386.3852777777778,271.77209151732376
1360,iqll,979920,-1,-794.6063888888889,663.5701661076024
1361,iqll,980640,-1,-1578.4994444444446,1596.3393579964695
1362,iqll,981360,-1,-1745.2072222222225,1894.3302337510734
1363,iqll,982080,-1,-1312.3772222222224,1456.617487130546
1364,iqll,982800,-1,-1623.536111111111,1631.1962500727934
1365,iqll,983520,-1,-1462.446388888889,1419.2719977404943
1366,iqll,984240,-1,-1171.7575,1268.4094799412615
1367,iqll,984960,-1,-1236.3825,1261.4412530797968
1368,iqll,985680,-1,-1165.361111111111,1131.4917207135056
1369,iqll,986400,-1,-1202.6655555555556,1306.130393623437
1370,iqll,987120,-1,-984.9722222222222,1150.3756477321058
1371,iqll,987840,-1,-1232.0061111111113,1110.578496983736
1372,iqll,988560,-1,-414.7288888888889,274.5944270877585
1373,iqll,989280,-1,-555.605,472.59283459266857
1374,iqll,990000,-1,-1353.9572222222223,1521.0864258275165
1375,iqll,990720,-1,-1533.2849999999999,1550.8392241684644
1376,iqll,991440,-1,-1808.6355555555556,1643.9146347336161
1377,iqll,992160,-1,-1242.7630555555554,1220.4855572096421
1378,iqll,992880,-1,-979.4397222222221,1035.0371337031186
1379,iqll,993600,-1,-1212.407777777778,1379.0676337235786
1380,iqll,994320,-1,-1112.8936111111113,973.120999878035
1381,iqll,995040,-1,-1515.1444444444444,1265.1804259218534
1382,iqll,995760,-1,-571.7347222222222,425.6104102931728
1383,iqll,996480,-1,-1002.7483333333334,920.0127273862997
1384,iqll,997200,-1,-2128.018611111111,2154.839331220741
1385,iqll,997920,-1,-602.7369444444445,519.5147475947545
1386,iqll,998640,-1,-1043.1527777777778,1048.8426836772974
1387,iqll,999360,-1,-890.1902777777777,982.9065105678106
1388,iqll,1000080,-1,-1157.5525,1240.6986915620366
