,episode,time_sec,step,action,reward
0,1,5,1.0,"0,0,0,0,0,0,0,0,0,0,0,0,0,0,0,0,0,0,0,0,0,0,0,0,0",-1.0
1,1,10,2.0,"2,0,2,0,0,0,0,0,0,0,0,0,0,2,0,0,0,0,0,0,0,0,0,0,0",0.0
2,1,15,3.0,"2,0,2,0,0,0,0,0,0,0,0,0,0,0,0,0,0,0,0,0,0,0,0,0,0",0.0
3,1,20,4.0,"0,0,0,0,0,0,0,0,0,0,0,0,0,2,0,2,0,0,0,0,0,0,0,0,0",0.0
4,1,25,5.0,"2,0,0,2,0,0,0,0,0,0,0,2,0,2,2,0,0,0,0,0,0,0,0,0,0",-2.4
5,1,30,6.0,"0,0,2,2,0,0,0,0,0,0,0,0,0,0,1,2,0,0,0,0,0,0,0,0,0",0.0
6,1,35,7.0,"2,0,2,0,0,0,0,0,0,0,0,0,0,2,2,0,0,0,0,0,0,0,0,0,0",-1.2
7,1,40,8.0,"2,0,2,0,2,0,0,0,0,0,0,2,0,2,0,2,0,0,4,0,0,0,0,0,0",-1.8
8,1,45,9.0,"0,0,0,2,0,0,0,0,0,0,0,0,0,0,2,0,2,0,0,0,0,0,0,0,0",-2.0
9,1,50,10.0,"2,0,2,2,0,0,0,0,0,0,0,2,0,2,0,0,0,0,0,0,0,0,0,0,0",-1.8
10,1,55,11.0,"0,0,0,0,0,2,0,0,0,2,0,1,0,0,0,2,0,0,2,2,0,0,0,0,0",0.0
11,1,60,12.0,"2,0,2,0,2,0,0,0,0,0,0,0,0,2,0,2,0,0,0,0,0,0,0,0,0",-1.4
12,1,65,13.0,"0,0,2,0,2,0,0,0,1,0,0,2,0,2,0,0,0,0,2,0,0,0,0,0,0",-1.4
13,1,70,14.0,"1,0,0,0,0,0,2,0,0,0,0,2,0,0,0,0,2,0,0,2,1,0,0,0,0",-4.4
14,1,75,15.0,"1,0,0,2,0,2,2,0,0,2,0,0,0,2,0,0,0,0,0,0,0,0,0,0,0",-5.4
15,1,80,16.0,"0,0,2,2,0,2,0,0,0,0,0,0,0,0,0,2,2,0,2,2,0,0,0,0,0",-3.2
16,1,85,17.0,"1,0,2,0,0,0,0,0,0,0,0,0,0,2,2,0,0,2,0,0,1,0,0,0,0",-1.6
17,1,90,18.0,"1,0,0,0,2,0,2,0,0,2,2,0,0,2,0,2,0,0,0,0,0,0,0,0,0",-3.2
18,1,95,19.0,"0,0,0,2,2,0,2,0,0,0,0,0,0,0,1,0,2,2,0,2,1,0,0,0,0",-5.2
19,1,100,20.0,"1,0,2,0,0,0,0,0,0,0,0,0,0,2,2,2,0,0,0,0,0,0,0,0,0",-2.0
20,1,105,21.0,"2,0,2,0,0,2,0,0,0,0,2,0,0,2,0,0,0,0,0,0,0,0,2,0,0",-7.0
21,1,110,22.0,"0,0,0,0,2,2,0,0,0,0,0,0,0,0,1,2,0,0,0,0,1,0,0,0,0",-8.4
22,1,115,23.0,"0,0,2,2,0,0,0,0,0,0,0,0,0,2,0,2,2,0,0,0,1,0,2,2,0",-5.6
23,1,120,24.0,"4,0,0,2,0,0,2,0,0,0,0,0,0,0,0,0,0,0,0,0,0,0,2,2,0",-6.4
24,1,125,25.0,"1,0,2,0,0,0,0,0,0,0,0,2,0,2,0,0,2,0,0,0,0,0,2,0,0",-6.2
25,1,130,26.0,"0,0,0,0,2,0,0,0,0,0,0,0,0,0,0,0,2,2,0,0,0,0,0,2,2",-11.600000000000001
26,1,135,27.0,"0,0,2,0,2,2,2,0,0,0,0,2,0,2,0,2,0,0,0,0,0,0,1,2,0",-13.200000000000001
27,1,140,28.0,"4,0,0,2,0,0,0,0,0,0,0,0,0,2,0,0,2,2,2,0,0,0,2,0,0",-5.8
28,1,145,29.0,"0,0,0,0,0,2,0,0,0,2,0,2,0,0,0,0,0,2,0,0,0,0,0,0,2",-10.399999999999999
29,1,150,30.0,"2,0,2,2,0,2,2,0,0,0,0,2,0,2,1,0,0,0,2,0,0,0,1,0,2",-8.200000000000001
30,1,155,31.0,"1,0,2,0,0,0,0,0,0,0,0,0,0,2,2,0,0,2,0,2,0,0,0,2,0",-6.4
31,1,160,32.0,"0,1,0,0,2,0,0,0,1,0,0,0,0,0,0,2,0,0,2,0,0,0,2,0,0",-5.4
32,1,165,33.0,"2,1,0,2,2,0,2,0,0,0,0,2,0,2,2,0,0,0,0,4,0,0,0,2,0",-5.8
33,1,170,34.0,"0,0,2,2,0,0,2,0,0,2,0,0,0,0,0,2,0,0,0,0,2,0,0,2,2",-8.0
34,1,175,35.0,"1,0,2,0,0,2,0,0,0,0,0,0,0,2,0,0,0,0,2,2,0,0,0,0,0",-2.8
35,1,180,36.0,"0,0,0,0,2,2,0,0,0,0,0,2,0,2,0,0,2,0,2,2,2,0,0,0,2",-7.2
36,1,185,37.0,"0,1,0,2,2,0,0,0,0,2,2,2,0,0,0,0,2,0,0,0,0,0,1,0,0",-8.8
37,1,190,38.0,"1,0,2,0,0,0,0,0,0,0,0,0,0,2,0,0,0,0,0,2,2,0,0,0,2",-5.8
38,1,195,39.0,"4,0,0,0,0,2,2,0,2,0,0,2,0,2,0,0,0,2,2,2,0,0,0,2,2",-10.0
39,1,200,40.0,"0,0,2,2,2,2,2,0,1,0,2,0,0,2,0,0,0,2,0,0,2,0,0,2,0",-4.0
40,1,205,41.0,"0,0,2,2,0,0,0,0,0,2,0,0,0,0,0,0,0,0,0,0,1,0,0,0,0",-5.8
41,1,210,42.0,"0,0,0,0,0,0,2,0,2,2,0,0,0,0,0,0,0,0,2,0,1,0,0,0,2",-8.4
42,1,215,43.0,"1,0,0,2,2,2,2,0,2,0,0,0,0,2,2,0,0,0,2,2,0,0,0,0,2",-7.4
43,1,220,44.0,"4,1,0,2,0,0,0,0,1,0,2,2,0,2,0,2,0,0,0,0,0,0,0,0,0",-7.800000000000001
44,1,225,45.0,"0,0,2,0,0,0,0,0,0,2,2,0,0,0,0,0,0,0,0,2,0,0,0,0,0",-2.0
45,1,230,46.0,"0,0,2,0,2,2,2,0,0,2,0,0,0,2,0,0,0,0,0,0,1,0,0,0,0",-7.0
46,1,235,47.0,"0,0,0,0,2,2,0,0,2,0,0,0,0,0,2,2,2,0,2,0,0,0,0,0,0",-9.2
47,1,240,48.0,"2,0,0,2,0,0,0,0,1,0,2,2,1,2,0,0,0,0,2,2,2,0,0,0,0",-4.0
48,1,245,49.0,"2,0,2,2,0,2,2,0,0,2,2,2,0,2,2,2,0,0,2,0,0,0,0,0,0",-3.4
49,1,250,50.0,"0,0,2,0,0,2,0,0,2,0,0,2,0,0,0,2,0,0,0,2,0,0,0,0,0",-3.2
50,1,255,51.0,"2,0,2,0,2,0,0,0,2,0,0,0,4,2,0,0,0,0,4,2,2,0,0,0,0",-11.4
51,1,260,52.0,"0,0,0,0,0,0,2,0,0,0,0,0,0,2,2,2,2,0,0,0,0,0,0,0,0",-21.2
52,1,265,53.0,"0,0,0,2,2,0,2,0,1,2,0,1,2,0,1,0,2,2,4,0,2,0,0,0,0",-19.400000000000002
53,1,270,54.0,"2,0,2,2,0,2,0,0,2,2,2,4,0,2,2,0,0,0,0,0,2,0,0,2,0",-7.200000000000001
54,1,275,55.0,"2,0,2,0,0,2,0,0,0,0,0,1,0,0,2,2,2,2,2,0,0,0,0,0,0",-8.0
55,1,280,56.0,"0,0,2,0,2,2,0,0,0,2,2,2,0,2,0,0,0,0,0,2,0,0,0,0,0",-4.3999999999999995
56,1,285,57.0,"0,0,2,2,2,0,2,0,0,2,2,2,1,2,0,2,0,0,0,0,0,0,0,0,2",-12.0
57,1,290,58.0,"1,0,0,2,0,0,2,0,0,0,0,0,0,0,2,2,2,2,0,2,0,0,0,0,0",-7.0
58,1,295,59.0,"1,0,2,0,0,2,0,0,1,0,4,0,4,2,2,0,0,0,4,2,2,0,0,0,0",-10.0
59,1,300,60.0,"0,0,0,0,2,2,0,0,2,0,0,4,0,0,0,0,2,2,1,0,0,0,0,0,0",-3.6
60,1,305,61.0,"1,0,2,2,0,0,0,0,0,2,0,2,0,2,0,2,2,0,0,0,2,0,0,0,0",-5.4
61,1,310,62.0,"1,0,2,0,0,0,2,0,0,0,0,0,0,2,0,0,0,2,2,2,2,0,0,0,0",-8.4
62,1,315,63.0,"1,0,2,0,0,2,0,0,0,2,0,0,0,2,0,0,0,2,2,0,0,0,0,0,0",-19.0
63,1,320,64.0,"0,0,2,2,2,0,2,0,1,0,0,0,0,2,2,0,2,0,0,0,0,0,0,0,0",-16.8
64,1,325,65.0,"4,0,2,2,0,0,0,0,0,1,0,0,1,2,0,1,0,0,0,2,2,0,0,2,0",-8.8
65,1,330,66.0,"1,0,2,0,0,0,2,0,0,0,1,0,0,2,0,0,0,2,0,2,0,0,2,0,0",-10.0
66,1,335,67.0,"4,0,0,2,2,2,0,0,0,0,1,0,0,2,0,2,0,2,0,0,0,0,0,0,0",-15.0
67,1,340,68.0,"1,0,2,0,0,2,0,0,0,0,0,0,0,2,2,0,0,0,2,0,2,0,0,0,2",-12.0
68,1,345,69.0,"1,0,2,2,0,0,0,0,0,0,1,0,0,2,0,0,0,0,0,0,0,0,2,4,0",-11.200000000000001
69,1,350,70.0,"0,0,0,0,2,2,2,0,0,0,0,0,0,0,1,1,2,0,0,0,0,0,2,0,0",-6.800000000000001
70,1,355,71.0,"1,0,2,0,2,0,0,0,0,0,0,0,0,2,0,0,0,0,0,2,0,0,0,0,0",-17.0
71,1,360,72.0,"1,0,0,2,0,0,0,0,0,0,0,0,0,2,0,2,0,0,0,0,0,0,0,1,2",-19.0
72,1,365,73.0,"1,0,0,0,0,2,2,0,0,0,0,0,0,0,0,0,0,2,0,0,0,0,2,4,0",-24.2
73,1,370,74.0,"2,0,2,2,2,2,2,0,0,0,0,0,0,2,0,2,0,2,0,0,0,0,2,0,0",-23.0
74,1,375,75.0,"1,0,0,2,0,0,0,0,0,0,0,0,0,2,2,0,2,0,0,0,0,0,0,2,0",-23.6
75,1,380,76.0,"1,0,2,1,0,0,0,0,0,2,1,0,0,0,0,0,2,2,0,0,0,0,2,2,4",-21.0
76,1,385,77.0,"2,0,0,1,0,2,2,0,0,0,0,2,0,2,0,0,0,0,0,0,0,0,0,0,0",-27.4
77,1,390,78.0,"1,0,0,2,2,2,2,0,0,2,0,0,0,2,2,2,0,2,0,0,0,0,0,0,4",-23.6
78,1,395,79.0,"2,0,2,2,2,0,0,0,0,0,0,0,0,2,2,2,2,2,0,0,0,0,2,2,1",-24.4
79,1,400,80.0,"2,0,2,0,0,0,2,0,0,2,0,0,0,2,0,0,0,0,1,0,0,0,2,2,0",-24.200000000000003
80,1,405,81.0,"4,0,0,1,0,2,0,0,0,0,0,1,0,2,0,0,2,0,0,0,0,0,0,0,0",-30.2
81,1,410,82.0,"2,0,2,1,2,2,0,0,0,0,0,1,0,2,0,2,2,2,0,0,0,0,2,2,4",-35.400000000000006
82,1,415,83.0,"2,0,2,2,2,0,0,0,0,2,2,0,0,2,0,0,0,2,0,0,0,0,2,2,4",-22.6
83,1,420,84.0,"2,0,2,2,0,0,2,0,0,2,2,4,0,0,0,0,0,2,0,0,0,0,0,0,0",-25.6
84,1,425,85.0,"2,0,0,2,0,0,2,0,0,0,0,0,0,2,0,0,2,0,0,0,0,0,0,0,2",-39.800000000000004
85,1,430,86.0,"2,2,0,2,2,2,0,0,0,0,2,2,0,2,0,0,2,0,0,0,0,0,2,2,4",-43.0
86,1,435,87.0,"2,0,2,1,2,0,0,0,0,0,2,2,0,2,0,2,0,0,1,0,0,0,2,2,0",-29.2
87,1,440,88.0,"2,0,0,0,2,0,0,0,0,2,0,0,0,2,0,0,2,2,0,0,0,0,0,2,0",-29.8
88,1,445,89.0,"2,2,2,2,0,2,2,0,0,0,0,0,0,2,0,0,0,2,0,0,0,0,2,0,1",-36.0
89,1,450,90.0,"2,0,2,2,0,0,0,0,0,0,2,2,0,2,0,0,0,2,2,0,0,0,2,2,4",-36.4
90,1,455,91.0,"2,0,0,1,2,2,0,0,0,2,0,2,0,2,0,0,2,2,2,0,0,0,0,2,0",-30.8
91,1,460,92.0,"2,0,0,2,2,2,2,0,0,0,0,0,0,2,0,0,0,2,0,0,0,0,2,0,0",-35.2
92,1,465,93.0,"2,0,2,2,0,0,0,0,0,2,2,2,0,2,0,0,0,0,2,1,0,0,2,2,4",-34.0
93,1,470,94.0,"2,2,2,0,0,0,2,0,0,2,0,2,0,2,0,0,0,2,2,1,0,0,0,2,4",-35.800000000000004
94,1,475,95.0,"0,0,0,0,2,2,2,0,0,0,0,0,0,2,0,0,0,2,0,0,0,0,2,2,0",-36.8
95,1,480,96.0,"2,2,0,2,2,0,0,0,0,0,2,2,0,2,0,0,0,2,0,4,0,0,2,0,0",-40.0
96,1,485,97.0,"2,2,2,2,0,0,0,0,0,2,0,2,0,2,0,0,0,2,2,0,0,0,1,2,4",-30.799999999999997
97,1,490,98.0,"2,0,0,0,0,2,2,0,0,0,0,0,0,2,0,0,0,0,2,0,0,0,1,2,0",-40.400000000000006
98,1,495,99.0,"2,0,2,0,2,0,0,0,0,0,2,2,0,2,0,0,0,2,2,2,1,0,0,0,0",-31.599999999999998
99,1,500,100.0,"0,2,2,2,2,0,0,0,0,0,2,2,0,2,0,0,0,2,0,2,0,0,1,2,4",-31.400000000000002
100,1,505,101.0,"2,2,0,0,0,2,2,0,0,2,0,0,0,2,2,0,0,0,0,2,0,0,1,2,4",-34.0
101,1,510,102.0,"0,0,0,2,0,0,2,0,0,2,0,0,0,2,0,0,0,2,2,0,1,0,0,0,0",-34.00000000000001
102,1,515,103.0,"0,2,2,2,2,0,0,0,0,0,0,2,0,0,0,2,0,0,2,0,1,0,0,0,0",-40.2
103,1,520,104.0,"2,2,2,0,0,2,2,0,0,2,2,0,0,2,0,2,2,2,0,0,1,0,0,2,4",-41.0
104,1,525,105.0,"0,0,0,0,2,0,0,0,0,0,2,0,0,2,0,0,0,2,0,2,0,0,0,0,0",-36.800000000000004
105,1,530,106.0,"2,0,0,2,2,0,0,0,0,0,2,2,0,2,2,0,0,0,0,2,0,0,0,0,0",-40.00000000000001
106,1,535,107.0,"2,2,2,2,0,2,2,0,0,0,0,2,0,2,0,2,2,2,0,0,0,0,0,0,0",-43.2
107,1,540,108.0,"0,0,2,0,2,0,0,0,0,0,0,2,0,2,2,2,0,2,0,0,0,0,0,2,0",-47.2
108,1,545,109.0,"0,0,0,0,2,0,0,0,0,0,2,2,0,2,0,0,0,0,2,2,1,0,0,0,0",-49.400000000000006
109,1,550,110.0,"2,0,0,2,0,2,0,0,0,0,0,2,0,2,2,0,2,0,2,0,1,0,0,2,2",-50.60000000000001
110,1,555,111.0,"4,2,2,2,0,2,2,0,0,0,0,0,0,2,2,2,2,2,0,0,0,0,1,2,0",-43.2
111,1,560,112.0,"0,0,2,0,2,0,2,0,0,0,0,2,0,2,0,2,0,0,2,0,0,0,0,0,0",-41.800000000000004
112,1,565,113.0,"0,2,2,0,2,0,0,0,0,0,0,2,0,2,2,0,0,2,2,2,0,0,1,2,0",-47.60000000000001
113,1,570,114.0,"1,0,2,2,0,2,0,0,0,0,2,2,0,2,2,2,0,0,0,2,4,0,1,0,0",-44.00000000000001
114,1,575,115.0,"4,0,0,2,0,2,2,0,0,0,0,2,0,2,0,2,2,2,2,2,0,0,0,0,0",-49.400000000000006
115,1,580,116.0,"0,2,0,2,2,0,0,0,0,0,0,0,0,2,0,0,0,2,2,0,4,0,1,2,0",-46.800000000000004
116,1,585,117.0,"0,0,2,0,2,0,2,0,0,0,0,0,0,2,2,2,2,0,2,0,4,0,0,2,0",-57.60000000000001
117,1,590,118.0,"4,0,2,0,0,2,2,0,0,0,0,0,0,2,2,0,0,0,0,2,2,0,0,0,0",-60.60000000000001
118,1,595,119.0,"0,0,0,2,2,2,0,0,0,0,0,2,0,2,0,0,0,0,0,2,0,0,1,2,2",-58.599999999999994
119,1,600,120.0,"0,0,2,2,2,0,0,0,0,0,0,2,0,2,1,2,2,2,2,2,0,0,1,2,0",-55.6
120,1,605,121.0,"4,0,2,2,2,0,2,0,0,0,0,0,0,2,0,2,2,2,2,0,1,0,0,0,0",-48.400000000000006
121,1,610,122.0,"4,2,0,0,2,2,2,0,0,0,0,0,0,2,2,0,0,2,0,0,4,0,0,0,0",-58.4
122,1,615,123.0,"4,0,0,2,0,2,0,0,0,0,0,2,0,2,1,0,2,0,2,2,1,0,1,0,0",-68.4
123,1,620,124.0,"4,0,2,2,2,0,0,0,0,0,0,0,0,2,1,2,2,0,2,2,0,0,1,0,0",-69.6
124,1,625,125.0,"0,0,4,0,0,0,2,0,0,0,0,0,0,2,0,2,0,2,0,0,0,0,0,0,0",-56.2
125,1,630,126.0,"4,0,0,0,2,2,2,0,0,0,0,0,0,2,0,0,2,2,2,2,2,0,0,2,0",-71.2
126,1,635,127.0,"4,0,1,2,2,2,0,0,0,0,0,0,0,2,2,0,2,2,2,2,2,0,0,0,0",-69.4
127,1,640,128.0,"4,0,4,2,0,0,2,0,4,0,0,2,0,2,1,3,0,0,0,0,0,0,0,0,0",-44.99999999999999
128,1,645,129.0,"4,0,1,0,0,2,0,0,0,0,0,2,0,2,0,0,0,0,2,0,1,0,0,0,0",-60.4
129,1,650,130.0,"1,0,0,0,2,2,2,0,0,0,0,0,0,2,0,0,0,2,2,2,1,0,0,0,0",-65.6
130,1,655,131.0,"0,0,0,0,2,2,0,0,4,0,0,0,0,2,1,2,0,2,0,2,0,0,0,2,0",-65.6
131,1,660,132.0,"4,0,1,0,0,0,0,0,4,2,0,0,0,2,0,0,2,0,2,0,0,0,1,0,0",-55.4
132,1,665,133.0,"4,0,4,0,0,2,2,0,0,0,0,0,0,2,0,2,0,0,2,2,2,0,0,0,0",-57.6
133,1,670,134.0,"4,0,0,0,0,2,2,0,0,0,0,1,0,2,2,0,2,2,0,0,2,0,0,0,0",-53.2
134,1,675,135.0,"1,0,0,0,0,2,0,0,4,2,0,0,0,2,0,2,0,2,0,2,0,0,0,0,0",-56.6
135,1,680,136.0,"4,0,4,0,2,2,0,0,2,2,0,0,0,2,0,0,2,0,2,2,2,0,0,0,0",-56.2
136,1,685,137.0,"0,0,4,0,0,2,2,0,0,0,2,2,0,2,0,0,0,2,2,0,0,0,0,0,0",-49.800000000000004
137,1,690,138.0,"4,0,0,0,0,2,2,0,0,2,2,0,0,2,1,2,2,2,0,0,0,0,0,0,0",-51.400000000000006
138,1,695,139.0,"1,0,0,0,0,2,0,0,4,2,2,0,0,2,0,2,0,0,2,2,2,0,0,0,0",-53.199999999999996
139,1,700,140.0,"1,0,2,1,0,2,2,0,4,0,0,0,0,0,0,0,0,0,2,2,0,0,0,0,0",-64.6
140,1,705,141.0,"4,0,0,1,0,0,2,0,0,0,0,2,2,2,0,0,2,2,2,0,0,0,0,0,0",-77.0
141,1,710,142.0,"1,0,0,0,0,0,0,0,1,2,2,0,2,2,1,0,2,0,0,2,2,0,1,0,0",-70.6
142,1,715,143.0,"1,0,2,0,0,0,2,0,4,2,2,0,0,2,0,2,0,2,0,2,2,0,1,0,0",-73.0
143,1,720,144.0,"4,0,2,1,0,0,2,0,0,0,0,1,0,0,2,0,0,0,0,2,0,0,1,2,0",-58.6
144,1,725,145.0,"1,0,0,0,0,0,0,0,1,0,0,0,2,2,0,0,0,2,2,2,2,0,0,0,0",-62.2
145,1,730,146.0,"2,0,2,0,0,0,0,0,1,0,2,1,2,2,0,0,0,2,2,0,0,0,0,0,0",-78.0
146,1,735,147.0,"2,0,2,4,0,0,2,0,0,2,2,0,0,2,0,2,0,0,0,0,0,0,4,2,0",-67.4
147,1,740,148.0,"4,0,0,0,0,0,2,0,4,2,0,0,2,2,2,0,0,0,0,2,0,0,0,2,0",-61.400000000000006
148,1,745,149.0,"2,0,2,0,0,0,0,0,0,0,0,1,2,0,0,0,2,0,0,2,2,0,2,0,0",-61.2
149,1,750,150.0,"2,0,2,2,0,0,0,0,0,0,0,0,2,2,0,0,2,2,0,2,0,0,2,0,2",-73.0
150,1,755,151.0,"2,0,0,0,0,0,2,0,1,2,0,1,0,2,0,2,0,0,0,2,0,0,0,4,2",-74.60000000000001
151,1,760,152.0,"2,0,2,0,2,0,2,0,4,0,0,1,0,2,0,0,0,2,0,0,0,0,2,1,0",-86.8
152,1,765,153.0,"2,0,2,2,2,0,0,0,0,2,2,1,2,2,0,2,0,2,0,0,2,0,0,0,0",-77.80000000000001
153,1,770,154.0,"2,0,0,0,0,0,0,0,0,2,2,1,2,2,2,0,0,0,0,0,0,0,2,0,2",-81.0
154,1,775,155.0,"2,0,2,0,0,2,0,0,1,0,0,1,0,2,0,2,2,0,0,0,0,0,0,4,2",-87.4
155,1,780,156.0,"2,0,2,2,0,2,0,0,0,0,0,0,2,2,0,0,0,0,0,2,0,0,0,0,0",-96.19999999999999
156,1,785,157.0,"2,0,0,2,0,0,0,0,4,2,2,0,2,2,0,2,0,0,0,0,0,0,2,4,0",-88.0
157,1,790,158.0,"0,0,0,0,0,0,2,0,1,2,2,1,0,2,0,2,0,2,0,0,0,0,0,4,2",-97.6
158,1,795,159.0,"2,0,2,0,2,0,0,0,1,0,0,1,0,2,0,0,0,0,0,0,0,0,0,0,0",-94.4
159,1,800,160.0,"2,0,2,2,2,0,0,0,4,0,0,0,2,2,0,0,0,0,0,0,0,0,0,4,1",-103.0
160,1,805,161.0,"2,0,0,2,0,0,2,0,0,0,2,0,2,2,0,2,0,0,0,0,0,0,2,2,1",-89.6
161,1,810,162.0,"2,0,0,0,0,2,0,0,1,2,2,1,2,2,0,2,0,0,0,0,0,0,2,2,0",-89.6
162,1,815,163.0,"2,0,2,0,2,2,0,0,4,2,0,1,0,2,0,0,0,0,0,0,0,0,0,0,1",-97.19999999999999
163,1,820,164.0,"2,0,2,2,2,0,2,0,4,0,0,4,4,2,0,2,0,0,0,0,0,0,0,2,0",-113.0
164,1,825,165.0,"2,0,0,2,0,0,2,0,1,0,2,0,4,2,0,2,0,0,0,0,0,0,2,2,4",-105.6
165,1,830,166.0,"2,0,0,0,0,2,0,0,1,0,2,2,0,2,0,0,2,0,0,0,0,0,2,0,1",-109.2
166,1,835,167.0,"0,0,2,0,2,2,0,0,4,2,0,2,0,2,0,0,0,0,1,0,0,0,0,2,4",-119.4
167,1,840,168.0,"2,0,2,2,2,0,0,0,0,0,2,0,1,2,0,2,2,0,0,0,0,0,0,2,4",-81.2
168,1,845,169.0,"2,0,0,2,0,0,2,0,1,2,2,2,1,2,0,2,2,2,1,0,0,0,0,2,0",-91.0
169,1,850,170.0,"2,0,0,0,0,0,2,0,2,0,0,2,1,2,0,0,0,0,0,0,0,0,2,2,1",-91.0
170,1,855,171.0,"2,0,2,0,0,0,0,0,2,0,0,0,4,2,0,0,0,0,0,0,0,0,2,0,1",-107.80000000000001
171,1,860,172.0,"2,0,2,2,2,2,2,0,1,2,2,2,2,2,0,2,2,0,1,0,0,0,0,2,4",-89.4
172,1,865,173.0,"2,0,0,2,0,2,2,0,2,2,2,2,0,2,0,2,2,0,1,0,0,0,0,0,4",-90.4
173,1,870,174.0,"2,0,0,0,0,0,0,0,2,0,0,0,0,2,0,0,0,0,1,0,0,0,2,0,0",-89.4
174,1,875,175.0,"2,0,2,0,2,0,2,0,0,2,0,2,4,0,0,0,0,0,1,0,0,0,0,2,0",-97.2
175,1,880,176.0,"2,0,2,2,2,0,0,0,2,2,2,2,1,2,0,2,2,0,0,0,0,0,0,0,4",-106.4
176,1,885,177.0,"2,0,0,2,0,0,0,0,2,0,0,0,0,2,0,2,2,0,1,0,0,0,2,0,4",-101.2
177,1,890,178.0,"2,0,0,0,0,2,2,0,2,4,0,2,0,0,0,0,0,2,1,0,0,0,2,2,0",-94.8
178,1,895,179.0,"0,2,2,0,2,2,0,0,1,0,2,2,1,2,0,0,0,0,1,0,0,0,0,0,0",-96.4
179,1,900,180.0,"2,2,2,2,2,0,0,0,2,0,0,0,0,2,0,2,2,0,0,0,0,0,2,0,4",-105.0
180,1,905,181.0,"2,0,0,2,2,0,2,0,2,4,0,0,0,2,0,0,2,2,0,0,0,0,2,2,4",-109.2
181,1,910,182.0,"2,0,0,0,0,0,2,0,2,2,0,2,4,0,0,0,0,2,4,0,2,0,0,0,0",-122.60000000000001
182,1,915,183.0,"2,0,2,2,2,2,0,0,2,0,2,2,1,2,2,0,0,0,0,0,0,0,0,0,4",-130.4
183,1,920,184.0,"0,2,2,2,0,2,2,0,2,0,0,2,0,2,2,2,2,0,0,0,0,0,2,2,4",-128.20000000000002
184,1,925,185.0,"2,0,0,0,0,0,0,0,2,4,0,2,0,2,0,0,2,2,4,2,0,0,2,0,0",-139.2
185,1,930,186.0,"2,2,0,2,2,0,2,0,2,2,2,0,4,2,2,2,0,2,0,0,0,0,2,0,0",-155.0
186,1,935,187.0,"2,0,2,2,2,2,2,0,2,0,2,0,0,0,2,2,0,0,2,0,2,0,2,2,4",-157.4
187,1,940,188.0,"2,0,2,0,0,0,0,0,1,0,0,2,0,2,0,2,2,0,2,4,0,0,2,2,4",-157.80000000000004
188,1,945,189.0,"2,0,0,2,2,0,2,0,2,2,0,2,2,2,2,0,0,2,4,0,2,0,2,0,0",-164.39999999999998
189,1,950,190.0,"2,0,0,2,2,2,0,0,0,2,2,0,4,2,0,0,0,2,0,2,0,0,1,0,0",-145.0
190,1,955,191.0,"2,0,2,2,0,0,0,0,0,0,0,2,0,2,2,2,2,0,0,0,1,0,0,2,4",-143.4
191,1,960,192.0,"2,0,2,2,0,0,2,0,0,2,0,2,0,2,0,2,2,2,2,4,2,0,0,0,0",-143.0
192,1,965,193.0,"2,0,0,0,2,2,0,0,0,2,2,2,1,2,0,0,0,2,0,2,1,0,1,2,4",-138.60000000000002
193,1,970,194.0,"2,0,0,2,2,0,0,0,0,0,0,2,0,2,2,2,0,0,2,0,1,0,2,0,0",-139.6
194,1,975,195.0,"2,0,2,2,0,0,2,0,0,0,0,0,0,2,0,2,2,2,0,0,1,0,2,4,0",-154.79999999999998
195,1,980,196.0,"2,0,2,0,2,2,2,0,0,2,2,0,2,0,0,0,0,2,2,0,2,0,0,0,4",-152.39999999999998
196,1,985,197.0,"0,0,0,2,2,0,2,0,0,2,0,2,2,2,2,2,0,2,0,2,2,0,1,0,0",-148.39999999999998
197,1,990,198.0,"0,0,0,2,0,0,0,0,0,0,0,2,0,2,2,0,2,0,0,0,1,0,2,2,0",-155.8
198,1,995,199.0,"2,4,2,2,0,2,2,0,0,2,2,0,2,2,0,0,2,2,2,2,0,0,2,1,4",-147.0
199,1,1000,200.0,"2,0,2,0,2,2,0,0,0,2,0,2,0,2,2,2,0,2,2,2,1,0,0,1,0",-144.4
200,1,1005,201.0,"0,0,2,0,0,0,0,0,0,0,0,0,0,2,2,2,0,2,0,0,2,0,2,2,4",-155.60000000000002
201,1,1010,202.0,"0,1,0,2,2,0,0,0,0,2,2,2,2,2,0,0,2,2,2,0,1,0,2,2,0",-185.6
202,1,1015,203.0,"2,0,2,2,2,2,2,0,0,0,0,2,0,2,0,0,0,2,2,2,0,0,0,0,0",-182.20000000000002
203,1,1020,204.0,"0,0,2,2,0,0,0,0,0,0,0,0,0,2,2,2,0,2,0,2,0,0,0,0,4",-168.40000000000003
204,1,1025,205.0,"0,2,2,0,2,0,0,0,0,2,2,2,0,2,2,2,2,2,0,0,1,0,0,2,0",-183.4
205,1,1030,206.0,"2,0,2,2,2,2,2,0,0,0,0,2,0,2,0,0,0,2,2,2,1,0,1,2,0",-160.39999999999998
206,1,1035,207.0,"2,2,0,2,0,0,0,0,0,0,2,2,2,2,0,0,0,2,2,2,1,0,2,1,4",-166.6
207,1,1040,208.0,"0,0,2,2,0,0,0,0,0,0,2,0,0,2,2,2,2,2,0,0,2,0,0,1,0",-177.4
208,1,1045,209.0,"2,0,2,2,2,2,2,0,0,2,0,2,0,2,0,4,0,2,0,0,0,0,2,4,0",-178.4
209,1,1050,210.0,"2,2,2,0,2,2,2,0,0,2,0,2,4,2,0,0,0,2,2,2,1,0,1,0,2",-164.8
210,1,1055,211.0,"0,0,2,2,0,0,0,0,0,0,2,0,2,2,2,0,0,0,0,2,1,0,0,4,0",-179.00000000000003
211,1,1060,212.0,"2,0,2,2,0,0,0,0,0,0,2,2,0,2,0,2,2,0,0,0,0,0,0,0,0",-185.20000000000002
212,1,1065,213.0,"2,0,2,2,2,2,2,0,0,0,0,2,0,2,0,4,0,2,2,0,2,0,0,0,2",-182.00000000000003
213,1,1070,214.0,"2,0,2,2,0,2,2,0,0,0,2,0,2,2,2,0,0,2,2,0,1,0,0,2,2",-202.20000000000002
214,1,1075,215.0,"0,0,2,2,2,0,0,0,0,0,2,2,4,2,2,2,2,0,0,0,0,0,0,2,0",-226.0
215,1,1080,216.0,"2,0,2,2,2,0,0,0,0,0,0,2,0,2,2,0,0,2,0,2,0,0,0,0,0",-233.39999999999998
216,1,1085,217.0,"2,2,2,2,0,2,0,0,0,1,2,0,2,2,0,4,0,0,2,2,1,0,0,0,2",-178.4
217,1,1090,218.0,"2,0,2,2,0,2,0,0,0,0,2,2,2,2,2,2,2,2,2,0,2,0,0,2,2",-181.4
218,1,1095,219.0,"2,2,2,2,2,0,0,0,0,0,2,1,2,2,2,0,2,0,0,0,1,0,0,2,0",-181.00000000000003
219,1,1100,220.0,"2,0,2,2,2,2,0,0,0,0,2,1,4,2,2,4,0,0,0,0,1,0,0,0,0",-221.8
220,1,1105,221.0,"2,0,2,2,0,2,2,0,0,0,0,2,0,2,2,2,0,2,2,2,0,0,0,2,2",-215.0
221,1,1110,222.0,"2,2,2,2,0,0,0,0,0,0,0,2,4,2,0,0,2,0,2,2,0,0,0,2,2",-205.0
222,1,1115,223.0,"2,0,2,0,2,2,2,0,0,0,0,1,1,2,2,4,2,2,0,0,0,0,0,0,0",-187.0
223,1,1120,224.0,"2,2,2,2,0,2,2,0,0,0,2,3,0,2,2,4,0,4,0,0,2,0,0,0,0",-199.6
224,1,1125,225.0,"2,2,2,2,0,0,0,0,0,0,0,2,0,2,0,0,2,0,2,2,2,0,0,2,2",-199.20000000000002
225,1,1130,226.0,"2,0,2,0,2,2,0,0,0,0,0,2,1,2,0,0,0,2,0,0,0,0,0,2,2",-202.00000000000003
226,1,1135,227.0,"2,0,2,2,4,2,2,0,0,0,0,1,0,2,2,2,0,0,2,2,0,0,0,0,0",-205.00000000000003
227,1,1140,228.0,"2,2,2,2,0,0,2,0,2,0,0,2,1,2,2,2,2,2,2,2,1,0,0,0,0",-215.4
228,1,1145,229.0,"4,2,2,2,2,0,0,0,2,0,0,2,0,2,0,0,2,4,0,0,0,0,0,0,2",-218.2
229,1,1150,230.0,"4,2,2,2,2,2,0,0,2,0,0,1,0,2,2,2,0,0,2,0,0,0,0,0,0",-228.20000000000002
230,1,1155,231.0,"4,0,2,0,0,2,2,0,0,0,0,1,1,2,2,2,0,2,2,2,4,0,0,0,0",-241.00000000000003
231,1,1160,232.0,"4,0,2,2,0,0,0,0,2,0,0,2,1,2,0,0,2,0,0,2,0,0,0,1,2",-236.0
232,1,1165,233.0,"4,0,2,2,2,2,0,0,2,0,0,3,0,2,2,0,0,0,2,0,0,0,0,2,0",-240.6
233,1,1170,234.0,"4,2,2,2,2,2,2,0,0,0,0,2,0,2,2,2,0,2,2,0,2,0,0,0,2",-229.60000000000002
234,1,1175,235.0,"4,2,2,0,0,0,0,0,2,0,0,0,0,2,0,2,2,0,0,2,4,0,0,2,2",-194.20000000000002
235,1,1180,236.0,"4,0,2,2,0,2,2,0,2,0,0,1,0,2,0,0,2,0,2,2,0,0,0,0,0",-218.4
236,1,1185,237.0,"4,2,2,2,2,2,0,0,0,0,0,2,0,2,2,2,0,2,2,0,0,0,0,0,0",-219.4
237,1,1190,238.0,"4,2,4,0,0,0,0,0,2,0,0,1,0,2,0,2,0,0,0,0,2,0,0,0,2",-235.00000000000003
238,1,1195,239.0,"2,0,4,0,2,2,2,0,2,0,0,1,0,2,2,0,2,0,0,2,4,0,0,0,0",-250.6
239,1,1200,240.0,"2,2,2,2,4,2,0,0,0,0,0,2,1,2,1,2,2,2,2,2,0,0,0,0,0",-236.2
240,1,1205,241.0,"4,2,4,0,2,0,0,0,2,0,0,2,0,2,0,2,0,2,2,0,0,0,0,0,2",-258.40000000000003
241,1,1210,242.0,"4,2,4,2,0,2,2,0,0,0,0,1,1,2,2,0,0,0,0,0,1,0,0,0,0",-273.6
242,1,1215,243.0,"4,0,0,0,4,2,2,0,0,0,0,3,0,2,2,2,2,2,0,2,2,0,0,0,0",-236.2
243,1,1220,244.0,"4,0,4,0,4,0,0,0,4,0,0,2,0,2,1,2,0,2,2,0,0,0,0,0,0",-252.6
244,1,1225,245.0,"4,2,4,2,2,0,0,0,4,0,0,0,0,2,0,0,2,0,2,0,0,0,0,0,0",-257.20000000000005
245,1,1230,246.0,"4,0,4,2,0,2,2,0,0,2,0,1,0,2,2,0,2,0,0,2,2,0,0,0,0",-271.8
246,1,1235,247.0,"4,0,4,0,0,2,2,0,4,2,0,2,0,2,1,2,0,2,0,0,0,0,0,0,0",-292.20000000000005
247,1,1240,248.0,"1,0,4,2,4,0,0,0,0,2,0,0,0,2,0,2,0,2,2,0,0,0,0,0,0",-315.6
248,1,1245,249.0,"0,0,2,0,2,0,2,0,4,2,0,3,0,2,2,0,2,0,2,2,1,0,0,0,0",-265.2
249,1,1250,250.0,"2,0,4,0,0,2,2,0,4,0,0,2,4,2,3,2,2,2,0,2,2,0,0,0,0",-256.2
250,1,1255,251.0,"4,2,1,2,2,2,0,0,0,0,2,0,2,2,0,2,0,0,0,0,0,0,0,0,0",-254.6
251,1,1260,252.0,"4,0,0,2,4,0,0,0,0,2,2,3,0,2,2,2,0,2,2,0,2,0,0,0,0",-258.79999999999995
252,1,1265,253.0,"1,0,4,0,0,2,2,0,4,2,0,2,2,2,0,2,2,2,2,2,4,0,0,0,0",-266.20000000000005
253,1,1270,254.0,"0,0,2,2,2,2,2,0,4,2,0,0,2,2,0,2,2,0,0,0,0,0,0,0,1",-256.40000000000003
254,1,1275,255.0,"1,0,2,0,2,0,2,0,0,0,0,2,2,2,3,0,0,0,0,0,2,0,0,0,0",-280.0
255,1,1280,256.0,"1,0,0,0,0,0,0,0,0,2,0,1,0,2,0,2,2,2,2,2,1,0,2,0,0",-289.20000000000005
256,1,1285,257.0,"2,0,2,2,0,2,0,0,2,2,2,0,0,2,2,2,2,2,0,0,0,0,2,0,0",-294.00000000000006
257,1,1290,258.0,"1,0,4,2,2,2,2,0,2,2,2,0,0,2,2,0,0,0,0,0,2,0,0,0,0",-280.40000000000003
258,1,1295,259.0,"2,0,0,0,0,2,2,0,0,0,0,2,0,2,0,2,2,2,2,2,4,0,2,2,0",-287.40000000000003
259,1,1300,260.0,"4,0,2,0,2,0,0,0,0,2,0,1,2,2,3,2,2,0,0,0,0,0,2,2,0",-286.6
260,1,1305,261.0,"1,0,2,2,2,2,0,0,2,2,2,1,0,2,0,0,0,2,0,0,2,0,0,0,0",-302.0
261,1,1310,262.0,"1,0,0,0,0,2,2,0,0,0,2,2,2,2,0,2,0,2,2,2,4,0,0,0,0",-318.2
262,1,1315,263.0,"1,0,0,0,2,0,2,0,0,2,0,0,0,2,3,2,2,0,0,0,0,0,2,2,1",-325.0
263,1,1320,264.0,"2,0,2,2,2,2,0,0,4,2,2,0,2,2,0,0,2,2,0,0,2,0,2,0,0",-336.79999999999995
264,1,1325,265.0,"2,0,2,2,0,2,2,0,0,0,0,2,2,0,0,0,0,2,2,2,2,0,0,0,0",-349.8
265,1,1330,266.0,"4,0,0,0,0,0,2,0,0,0,0,1,0,2,2,2,0,0,0,0,0,0,2,2,2",-374.0
266,1,1335,267.0,"4,0,2,2,2,2,0,0,0,2,2,0,2,2,0,2,2,2,0,0,1,0,0,0,0",-377.59999999999997
267,1,1340,268.0,"4,0,2,2,2,2,0,0,0,2,2,0,0,2,0,0,2,2,2,2,2,0,0,0,2",-382.0
268,1,1345,269.0,"4,0,0,0,0,0,2,0,1,2,0,2,0,2,2,0,0,0,0,4,2,0,2,2,2",-385.59999999999997
269,1,1350,270.0,"4,2,4,0,2,0,2,0,2,0,2,1,2,2,0,2,2,2,0,0,0,0,2,0,0",-408.6
270,1,1355,271.0,"4,1,2,2,2,2,0,0,0,0,2,0,2,1,0,2,2,2,2,2,4,0,0,0,0",-423.40000000000003
271,1,1360,272.0,"4,0,0,0,0,2,0,0,1,2,0,2,0,2,2,0,0,0,2,2,2,0,0,2,2",-445.2
272,1,1365,273.0,"4,0,4,2,2,0,2,0,2,0,0,0,2,2,0,0,2,2,0,0,0,0,2,0,2",-460.8
273,1,1370,274.0,"4,0,2,2,2,2,2,0,0,0,2,2,2,2,0,2,2,2,0,4,1,0,2,0,0",-472.40000000000003
274,1,1375,275.0,"4,0,0,0,0,0,0,0,0,1,0,3,0,2,2,0,0,0,2,4,2,0,0,2,0",-451.8
275,1,1380,276.0,"4,0,2,0,0,2,2,0,1,1,2,0,0,2,0,0,2,2,0,0,0,0,2,0,2",-469.2
276,1,1385,277.0,"4,0,2,0,2,2,0,0,4,0,0,0,2,2,0,2,0,2,2,0,4,0,2,0,0",-494.00000000000006
277,1,1390,278.0,"2,0,0,2,2,0,2,0,0,0,0,3,2,2,2,0,2,0,0,4,2,0,0,2,2",-492.2
278,1,1395,279.0,"4,0,4,0,0,0,2,0,1,2,2,0,2,1,0,0,0,2,0,0,0,0,2,0,0",-498.4
279,1,1400,280.0,"4,0,4,0,2,2,0,0,4,0,2,0,0,1,0,2,2,2,0,4,1,0,0,0,2",-501.20000000000005
280,1,1405,281.0,"4,4,0,2,0,2,0,0,4,0,0,2,0,2,2,0,2,0,0,2,2,0,0,2,2",-468.8
281,1,1410,282.0,"4,0,0,0,2,0,2,0,1,2,0,0,0,1,2,0,0,2,2,0,0,0,2,0,0",-467.20000000000005
282,1,1415,283.0,"4,0,2,0,2,0,2,0,0,0,0,0,2,1,0,3,0,2,0,2,1,0,0,0,0",-434.8
283,1,1420,284.0,"2,1,0,3,0,2,0,0,0,0,2,0,2,2,0,0,2,0,0,2,2,0,0,2,0",-401.20000000000005
284,1,1425,285.0,"4,0,0,0,0,2,0,0,2,2,2,0,0,2,2,0,2,2,0,0,0,0,2,0,2",-421.2
285,1,1430,286.0,"4,1,0,0,2,2,2,0,2,0,0,2,2,1,2,2,0,2,2,0,4,0,2,0,0",-423.99999999999994
286,1,1435,287.0,"4,0,2,2,2,0,2,0,0,0,0,0,2,1,0,0,0,0,2,2,2,0,0,2,2",-421.00000000000006
287,1,1440,288.0,"4,0,0,0,0,0,0,0,2,0,0,0,0,2,0,0,2,2,0,2,0,0,0,0,2",-423.40000000000003
288,1,1445,289.0,"2,1,0,0,0,2,2,0,2,0,2,0,0,2,2,2,2,2,0,0,1,0,2,0,0",-437.8
289,1,1450,290.0,"4,1,0,2,2,2,2,0,0,0,0,3,2,1,2,2,0,0,0,0,2,0,2,2,0",-436.6
290,1,1455,291.0,"4,0,2,2,2,0,0,0,0,0,0,0,0,1,0,0,0,2,2,2,2,0,0,2,0",-443.20000000000005
291,1,1460,292.0,"4,0,0,0,0,0,0,0,2,0,0,0,2,2,0,2,2,2,0,0,0,0,0,0,2",-431.20000000000005
292,1,1465,293.0,"2,0,0,0,2,2,2,0,3,0,0,2,2,2,2,2,0,0,0,0,4,0,2,0,2",-442.20000000000005
293,1,1470,294.0,"4,1,2,3,2,2,2,0,0,2,0,2,0,1,2,0,2,2,2,2,2,0,0,2,2",-424.40000000000003
294,1,1475,295.0,"4,1,0,3,0,0,0,0,2,2,0,0,2,1,0,2,2,2,0,0,0,0,0,4,0",-412.8
295,1,1480,296.0,"4,0,0,0,0,0,2,0,2,0,0,2,0,2,0,0,0,0,0,2,0,0,2,0,0",-422.6
296,1,1485,297.0,"2,0,2,0,2,2,0,0,0,0,0,2,0,3,2,0,0,2,2,0,2,0,0,2,0",-450.8
297,1,1490,298.0,"4,4,2,2,2,2,0,0,2,0,2,0,2,1,2,2,2,0,0,2,0,0,0,2,2",-468.8
298,1,1495,299.0,"4,0,0,3,0,0,2,0,2,2,0,2,2,2,0,2,2,2,0,2,0,0,2,0,2",-472.2
299,1,1500,300.0,"2,0,0,0,0,0,2,0,0,0,0,2,0,2,0,0,0,0,0,0,2,0,0,2,0",-476.2
300,1,1505,301.0,"4,1,2,0,2,0,0,0,3,2,0,0,0,3,2,0,0,2,0,0,2,0,0,2,0",-496.4000000000001
301,1,1510,302.0,"4,4,2,3,2,2,0,0,2,2,2,0,2,1,2,2,2,0,2,2,0,0,2,0,2",-524.6
302,1,1515,303.0,"4,0,0,0,0,2,2,0,0,0,2,2,0,2,0,2,0,0,0,0,0,0,0,2,2",-512.8000000000001
303,1,1520,304.0,"4,4,0,0,0,0,2,0,2,0,0,2,0,2,2,0,0,2,1,2,2,0,0,2,0",-527.6
304,1,1525,305.0,"4,4,2,2,2,0,0,0,0,2,0,2,0,3,2,2,0,0,2,2,0,0,4,0,0",-561.0
305,1,1530,306.0,"4,4,2,0,2,2,2,0,2,2,2,0,0,2,0,2,0,2,1,0,0,0,0,2,2",-537.1999999999999
306,1,1535,307.0,"2,0,0,0,0,2,2,0,2,0,2,2,0,2,0,2,2,0,0,0,2,0,0,2,0",-533.8000000000001
307,1,1540,308.0,"2,0,0,2,0,0,0,0,0,0,0,2,2,2,2,0,0,0,2,2,2,0,1,0,0",-536.4
308,1,1545,309.0,"4,4,2,2,2,0,0,0,2,0,2,0,2,2,0,0,2,2,1,2,0,0,4,2,2",-554.2
309,1,1550,310.0,"4,4,2,2,2,2,2,0,2,2,2,0,0,2,0,0,0,0,0,1,0,0,1,2,2",-531.6
310,1,1555,311.0,"4,0,0,0,0,0,2,0,0,0,0,2,0,2,2,2,2,0,2,2,2,0,1,0,0",-538.8
311,1,1560,312.0,"4,0,0,2,0,0,0,0,2,0,2,2,2,2,2,0,2,2,1,3,2,0,0,2,2",-568.0
312,1,1565,313.0,"2,1,2,2,0,2,0,0,2,0,2,0,0,2,0,0,0,0,1,0,0,0,4,2,0",-554.5999999999999
313,1,1570,314.0,"2,1,2,0,2,2,2,0,0,2,0,1,2,2,0,2,0,0,2,2,0,0,0,0,0",-545.6
314,1,1575,315.0,"0,0,0,0,2,0,2,0,0,2,0,4,2,2,2,2,2,2,0,2,2,0,0,0,2",-520.0
315,1,1580,316.0,"4,0,0,2,2,0,0,0,2,0,2,0,2,2,2,0,0,0,1,2,0,0,1,2,0",-527.4
316,1,1585,317.0,"4,1,2,2,0,2,0,0,2,0,2,0,0,2,0,0,0,0,2,3,0,0,4,2,0",-559.4
317,1,1590,318.0,"0,4,2,0,2,2,2,0,0,2,0,2,0,2,2,2,0,2,1,3,2,0,0,0,2",-546.2
318,1,1595,319.0,"2,0,0,0,0,0,0,0,2,0,0,0,2,2,0,2,0,0,0,0,2,0,1,0,2",-553.6
319,1,1600,320.0,"2,0,0,2,2,0,2,0,2,0,2,0,0,2,0,0,0,0,1,3,0,0,1,2,0",-583.8000000000001
320,1,1605,321.0,"2,1,2,2,2,2,2,0,0,2,2,2,0,2,2,0,2,2,2,2,0,0,0,2,0",-588.4000000000001
321,1,1610,322.0,"0,4,2,0,0,0,0,0,2,0,2,4,2,2,0,0,0,0,2,0,2,0,0,0,2",-587.6000000000001
322,1,1615,323.0,"2,0,0,0,0,2,0,0,0,2,2,1,2,2,2,2,0,0,1,0,0,0,0,0,0",-612.0000000000001
323,1,1620,324.0,"2,0,0,2,2,2,2,0,0,2,2,0,2,2,0,2,2,2,0,2,0,0,1,2,0",-615.8
324,1,1625,325.0,"2,1,2,2,2,0,2,0,2,0,0,0,0,2,0,0,2,0,2,2,2,0,4,0,2",-636.0
325,1,1630,326.0,"0,1,2,0,0,0,0,0,2,0,2,4,2,2,0,0,2,0,1,2,2,0,0,0,2",-634.6000000000001
326,1,1635,327.0,"2,0,0,0,0,2,0,0,0,2,2,1,2,2,2,2,2,2,0,0,0,0,1,3,0",-547.2
327,1,1640,328.0,"2,0,2,2,2,2,2,0,0,2,0,2,2,2,0,0,0,2,0,0,0,0,4,0,0",-569.4000000000001
328,1,1645,329.0,"0,4,2,2,0,0,2,0,2,0,2,2,2,1,2,2,0,2,2,2,2,0,0,0,2",-564.4000000000001
329,1,1650,330.0,"2,1,0,0,0,0,0,0,2,0,2,0,0,2,2,2,0,0,1,0,0,0,1,2,0",-559.0
330,1,1655,331.0,"2,0,2,2,2,2,0,0,0,2,0,0,2,2,2,0,2,2,0,0,0,0,1,0,0",-582.6
331,1,1660,332.0,"2,4,2,2,2,0,2,0,0,2,2,1,2,2,2,2,2,2,2,3,2,0,0,0,2",-580.8000000000001
332,1,1665,333.0,"0,4,0,0,0,0,2,0,2,2,2,1,2,3,0,2,2,0,4,3,0,0,4,2,0",-601.4000000000001
333,1,1670,334.0,"2,0,2,2,0,2,0,0,0,0,0,0,2,2,2,0,0,2,0,0,0,0,1,0,0",-616.0
334,1,1675,335.0,"2,0,2,2,2,4,0,0,2,2,0,0,2,2,0,2,2,2,2,2,2,0,0,0,0",-636.4000000000001
335,1,1680,336.0,"2,4,0,0,2,0,2,0,2,2,2,4,2,2,2,2,2,0,4,3,0,0,4,1,2",-646.8
336,1,1685,337.0,"2,0,2,2,0,2,2,0,0,0,0,0,2,2,0,0,0,2,0,0,0,0,0,2,0",-619.2
337,1,1690,338.0,"2,0,2,2,0,4,0,0,0,2,0,0,2,2,2,2,2,2,0,3,2,0,0,0,0",-642.6
338,1,1695,339.0,"0,1,2,0,2,0,0,0,2,2,4,1,2,0,2,2,2,2,2,2,2,0,1,0,2",-662.2
339,1,1700,340.0,"2,0,0,2,2,0,2,0,2,0,0,4,2,2,0,2,0,2,0,0,0,0,0,2,2",-660.8
340,1,1705,341.0,"2,0,2,2,0,2,2,0,0,2,0,0,2,2,0,0,2,2,0,0,0,0,0,3,0",-690.0000000000001
341,1,1710,342.0,"2,4,2,0,0,0,0,0,0,2,2,0,2,2,2,2,2,2,2,2,2,0,1,0,0",-719.6
342,1,1715,343.0,"0,0,0,2,2,4,0,0,2,1,0,0,2,0,2,2,0,2,1,2,2,0,1,0,2",-687.0
343,1,1720,344.0,"2,0,2,2,2,2,2,0,0,2,0,1,2,2,2,0,2,2,0,2,0,0,0,3,0",-683.4
344,1,1725,345.0,"2,4,2,0,0,0,2,0,0,2,4,1,2,2,0,0,2,2,2,0,0,0,0,2,0",-690.1999999999999
345,1,1730,346.0,"0,4,0,2,0,0,0,0,2,0,4,0,2,2,2,2,0,0,0,0,2,0,4,0,2",-668.8
346,1,1735,347.0,"2,0,2,2,2,2,0,0,0,2,0,0,2,2,2,2,2,2,0,3,2,0,1,1,2",-687.0
347,1,1740,348.0,"2,0,2,0,2,4,2,0,0,2,0,0,2,0,0,2,2,2,1,0,0,0,0,0,1",-615.6000000000001
348,1,1745,349.0,"2,0,0,0,0,0,2,0,2,0,4,4,2,2,2,0,0,2,2,2,0,0,0,0,2",-628.8000000000001
349,1,1750,350.0,"2,0,2,2,0,0,0,0,0,0,0,4,2,2,2,0,0,0,2,2,2,0,1,1,0",-653.4
350,1,1755,351.0,"2,0,2,2,2,2,0,0,0,2,0,0,0,0,2,2,2,2,0,0,2,0,0,2,0",-638.1999999999999
351,1,1760,352.0,"0,0,0,0,2,4,2,1,2,1,2,0,4,2,0,3,0,2,1,3,0,0,4,0,2",-602.0
352,1,1765,353.0,"2,0,2,0,0,0,2,1,0,2,0,1,4,2,0,0,0,2,2,3,0,0,1,3,2",-605.4
353,1,1770,354.0,"2,0,2,2,2,2,0,0,0,0,0,1,2,2,2,0,2,2,0,2,2,0,1,2,0",-627.2
354,1,1775,355.0,"0,0,0,0,4,4,2,0,2,2,4,0,2,2,2,3,0,2,1,0,2,0,4,0,0",-603.2
355,1,1780,356.0,"2,0,0,0,0,0,2,1,2,2,4,3,2,0,0,3,0,0,2,2,0,0,4,0,2",-606.0000000000001
356,1,1785,357.0,"2,0,2,2,0,0,0,1,0,0,0,1,2,2,0,0,2,2,0,0,0,0,1,2,1",-616.0
357,1,1790,358.0,"2,0,2,0,2,2,2,1,0,0,0,0,0,2,2,0,0,2,0,0,2,0,1,0,2",-643.2
358,1,1795,359.0,"2,0,0,0,4,4,2,1,2,0,2,0,2,2,0,3,0,0,1,2,2,0,1,0,1",-671.6
359,1,1800,360.0,"2,0,0,0,0,0,0,1,0,2,0,0,2,0,2,0,2,2,2,2,0,0,1,1,2",-688.4
360,1,1805,361.0,"2,0,2,2,4,0,2,1,0,1,0,0,2,2,2,0,0,2,2,0,0,0,1,2,0",-703.1999999999999
361,1,1810,362.0,"2,0,2,0,0,2,2,1,2,0,4,0,2,2,0,3,0,2,1,0,2,0,1,0,0",-731.1999999999999
362,1,1815,363.0,"0,0,0,0,0,4,2,1,0,0,4,0,0,2,0,0,2,2,0,1,2,0,1,0,0",-711.8
363,1,1820,364.0,"2,0,0,2,4,2,2,1,0,2,0,0,0,2,2,0,0,2,0,0,0,0,1,1,1",-713.9999999999999
364,1,1825,365.0,"0,0,0,0,2,0,2,0,2,0,0,0,0,0,2,3,0,2,2,0,0,0,1,0,0",-727.4000000000001
365,1,1830,366.0,"0,0,0,0,0,0,2,1,2,2,2,0,2,0,0,2,2,2,1,2,2,0,1,0,0",-760.4000000000001
366,1,1835,367.0,"2,0,2,2,0,2,2,1,0,0,2,0,0,2,0,2,2,2,0,0,0,0,1,1,0",-784.8
367,1,1840,368.0,"0,0,0,2,4,2,2,1,0,0,2,0,0,0,2,0,0,2,0,0,0,0,1,0,0",-758.8000000000001
368,1,1845,369.0,"0,0,0,0,0,0,0,1,2,2,0,0,0,0,0,2,0,2,2,0,2,0,1,0,2",-768.6
369,1,1850,370.0,"2,0,2,4,0,0,2,1,2,0,0,0,2,2,2,2,2,2,0,0,2,0,1,1,0",-795.2
370,1,1855,371.0,"0,4,0,4,2,2,2,0,2,0,4,0,2,0,0,0,0,2,0,1,0,0,1,0,0",-752.8000000000001
371,1,1860,372.0,"0,4,0,0,2,0,2,1,2,0,4,0,2,2,2,0,0,2,2,0,0,0,1,0,0",-772.8000000000002
372,1,1865,373.0,"2,0,2,2,0,0,0,1,0,2,0,0,2,2,2,2,2,2,0,0,2,0,1,1,0",-782.0000000000001
373,1,1870,374.0,"0,0,0,2,0,2,2,1,2,2,0,0,2,0,2,0,2,2,2,0,0,0,1,0,0",-831.4000000000001
374,1,1875,375.0,"2,4,0,0,2,4,2,1,2,0,2,0,4,2,0,0,0,2,0,0,0,0,1,0,0",-819.6
375,1,1880,376.0,"0,0,2,2,0,0,0,1,0,0,0,0,2,2,2,2,0,2,0,0,2,0,1,1,0",-857.4000000000001
376,1,1885,377.0,"2,0,2,4,0,0,0,0,2,2,0,0,2,2,2,2,2,2,2,0,0,0,1,0,0",-900.8000000000002
377,1,1890,378.0,"0,0,0,0,2,2,2,1,2,2,4,0,4,0,0,0,2,2,2,0,2,0,1,0,0",-930.1999999999999
378,1,1895,379.0,"0,4,0,0,0,0,0,0,0,0,0,0,2,2,2,0,0,2,0,0,0,0,1,1,2",-921.8000000000001
379,1,1900,380.0,"2,0,2,2,0,0,2,1,1,0,0,0,2,2,2,2,0,2,0,0,2,0,0,0,0",-805.4
380,1,1905,381.0,"0,0,2,2,2,2,0,0,2,2,4,0,4,0,0,2,2,2,2,1,2,0,1,0,0",-838.2
381,1,1910,382.0,"0,4,0,0,0,4,0,0,1,2,4,0,4,2,0,0,2,2,0,0,2,0,1,2,3",-834.0000000000001
382,1,1915,383.0,"2,0,2,0,0,0,2,0,0,1,0,0,0,2,2,3,0,2,0,4,0,0,1,0,0",-822.6
383,1,1920,384.0,"0,0,2,2,2,0,2,0,2,0,0,0,2,0,2,0,0,2,2,0,2,0,0,0,0",-847.2
384,1,1925,385.0,"2,0,0,0,0,2,0,0,1,2,4,0,2,2,0,2,2,2,0,0,2,0,0,2,2",-831.4
385,1,1930,386.0,"0,0,4,0,0,4,0,0,0,2,4,0,2,2,2,0,0,2,0,0,0,0,1,2,0",-743.8
386,1,1935,387.0,"0,0,2,2,4,4,2,0,0,0,0,0,2,2,0,2,2,0,2,0,0,0,1,0,0",-695.0
387,1,1940,388.0,"2,2,0,0,0,2,0,0,0,0,4,2,0,0,2,0,0,2,0,1,2,0,0,3,0",-679.6
388,1,1945,389.0,"0,0,0,0,4,0,0,0,0,2,4,0,4,2,0,2,0,2,0,0,0,0,0,0,2",-674.4
389,1,1950,390.0,"0,0,2,0,0,4,2,0,0,2,4,0,0,0,2,2,2,2,0,0,0,0,1,0,2",-696.8
390,1,1955,391.0,"2,2,0,0,2,1,0,0,0,0,0,4,2,2,0,0,0,2,2,1,2,0,1,2,0",-679.2
391,1,1960,392.0,"0,0,0,4,0,2,0,0,0,0,4,2,1,2,2,0,0,2,0,0,2,0,0,3,0",-704.8
392,1,1965,393.0,"0,0,4,0,0,0,2,0,2,2,4,0,1,2,0,2,2,2,0,0,0,0,0,0,2",-684.4
393,1,1970,394.0,"2,2,0,0,4,2,2,0,0,0,0,1,0,0,2,3,0,2,2,1,2,0,1,0,2",-572.8
394,1,1975,395.0,"2,0,0,2,2,4,0,0,0,2,4,1,1,2,0,0,0,0,2,0,2,0,4,3,0",-595.0
395,1,1980,396.0,"2,0,0,0,0,0,0,0,0,2,4,0,1,0,2,0,2,2,0,0,0,0,0,2,2",-561.8000000000001
396,1,1985,397.0,"0,2,0,0,0,2,2,0,0,0,0,3,0,2,0,2,0,2,0,2,0,0,1,0,2",-558.4000000000001
397,1,1990,398.0,"2,0,0,2,2,2,0,0,0,0,4,3,0,2,2,0,0,0,0,0,2,0,1,0,0",-591.2
398,1,1995,399.0,"0,0,0,0,2,0,0,0,0,0,4,0,1,2,0,2,2,0,2,0,0,0,0,3,0",-603.0
399,1,2000,400.0,"0,2,0,0,0,0,2,0,0,2,0,1,1,0,2,2,0,3,0,1,0,0,0,0,2",-612.6000000000001
400,1,2005,401.0,"2,0,0,2,2,2,2,0,0,0,0,2,0,2,0,0,0,2,0,0,2,0,3,0,2",-632.2
401,1,2010,402.0,"2,0,0,2,4,2,0,0,0,0,4,0,1,0,2,3,2,0,0,0,2,0,1,0,0",-663.8
402,1,2015,403.0,"0,4,0,0,0,0,0,0,0,1,0,0,1,0,0,0,0,2,0,2,0,0,0,0,0",-653.1999999999999
403,1,2020,404.0,"2,0,2,2,0,2,2,0,0,0,0,4,0,2,2,0,0,2,2,0,0,0,3,2,2",-616.0
404,1,2025,405.0,"2,0,0,0,2,2,0,0,0,0,0,0,0,2,2,2,2,0,0,1,2,0,0,0,0",-629.6
405,1,2030,406.0,"2,2,0,2,2,0,2,0,0,2,0,0,0,0,0,0,2,0,0,0,0,0,0,0,0",-667.2
406,1,2035,407.0,"0,4,2,0,0,0,0,0,0,0,2,2,1,2,2,0,0,3,2,2,0,0,1,0,2",-696.6
407,1,2040,408.0,"0,0,0,2,0,2,2,0,0,0,2,1,0,2,0,2,2,2,4,0,2,0,3,0,0",-666.8000000000002
408,1,2045,409.0,"2,0,0,2,2,2,2,0,0,0,0,0,0,2,0,2,2,3,0,0,0,0,0,0,0",-674.0000000000001
409,1,2050,410.0,"2,2,0,0,2,0,0,0,0,1,0,2,0,2,2,0,0,3,0,1,0,0,0,3,2",-672.2
410,1,2055,411.0,"2,0,2,2,0,0,2,0,0,1,1,0,0,2,2,2,0,3,4,0,2,0,1,0,2",-695.0
411,1,2060,412.0,"0,0,4,2,0,4,2,0,0,0,2,0,0,0,0,2,2,3,0,0,2,0,0,0,0",-677.4
412,1,2065,413.0,"0,1,0,2,2,4,2,0,0,0,0,1,0,2,0,0,2,2,4,2,0,0,0,2,0",-691.0
413,1,2070,414.0,"2,2,2,2,2,0,2,0,0,0,0,2,0,2,2,0,0,2,4,0,0,0,3,0,0",-581.4000000000001
414,1,2075,415.0,"0,0,0,2,0,0,2,0,0,0,2,0,0,2,2,2,2,3,0,4,2,0,0,0,0",-612.8000000000001
415,1,2080,416.0,"0,0,0,2,0,4,2,0,0,1,2,0,0,0,0,2,2,3,0,2,2,0,0,0,0",-654.6
416,1,2085,417.0,"2,0,2,0,2,2,2,0,0,0,0,2,0,2,2,0,0,2,4,0,0,0,3,0,0",-658.8
417,1,2090,418.0,"0,0,4,0,2,0,2,0,0,0,0,4,0,2,0,0,0,3,0,0,2,0,3,0,0",-677.4000000000001
418,1,2095,419.0,"2,0,4,2,0,0,2,0,0,1,0,0,0,2,2,2,2,3,0,2,2,0,3,0,0",-700.6
419,1,2100,420.0,"2,0,0,0,0,4,2,0,0,0,3,0,0,0,2,2,2,3,4,0,0,0,0,2,0",-723.6
420,1,2105,421.0,"0,0,0,2,2,2,2,0,0,0,3,2,0,0,0,0,0,2,0,0,2,0,0,0,2",-726.2
421,1,2110,422.0,"0,0,0,2,2,0,2,0,0,0,0,0,0,2,2,2,2,2,0,1,2,0,0,0,0",-760.4000000000001
422,1,2115,423.0,"0,0,0,2,0,0,2,0,0,2,1,0,0,2,2,3,2,3,4,2,2,0,1,2,0",-730.2
423,1,2120,424.0,"2,0,0,2,4,4,0,0,0,1,3,3,0,0,0,0,0,3,0,0,2,0,1,0,0",-714.6
424,1,2125,425.0,"0,0,0,0,0,0,2,0,0,0,3,0,0,2,2,2,2,3,0,4,2,0,0,0,0",-759.6
425,1,2130,426.0,"0,0,0,0,0,2,2,0,2,0,0,0,0,2,2,2,2,3,4,2,2,0,3,0,0",-763.6000000000001
426,1,2135,427.0,"2,0,0,0,2,0,2,0,0,0,0,2,0,0,0,0,0,2,0,2,2,0,0,0,0",-770.2
427,1,2140,428.0,"0,0,0,0,0,0,2,0,0,1,3,0,0,0,2,0,0,2,2,0,2,0,0,0,0",-796.2
428,1,2145,429.0,"0,0,0,0,2,2,0,0,0,0,3,0,0,2,2,3,2,3,4,4,2,0,1,0,0",-811.8
429,1,2150,430.0,"2,0,0,2,2,2,2,0,0,0,0,0,0,2,0,2,0,3,0,2,2,0,0,0,0",-846.4
430,1,2155,431.0,"2,0,0,0,0,0,2,0,0,0,0,0,0,2,2,0,0,3,0,2,2,0,0,0,0",-867.2
431,1,2160,432.0,"0,0,0,2,0,2,2,0,0,0,3,3,0,0,2,0,0,3,2,4,2,0,1,0,0",-876.8
432,1,2165,433.0,"2,0,0,2,2,2,2,0,0,0,3,0,0,2,0,0,2,2,4,0,0,0,0,0,0",-887.4000000000001
433,1,2170,434.0,"0,0,0,0,0,0,2,0,0,0,3,0,0,2,0,2,0,3,0,2,2,0,0,0,2",-879.4
434,1,2175,435.0,"2,0,0,2,0,0,2,0,0,0,0,0,0,2,2,0,0,3,0,2,2,0,0,0,0",-923.1999999999999
435,1,2180,436.0,"0,0,0,2,2,2,2,0,0,1,3,0,0,0,0,0,0,3,4,0,2,0,0,0,0",-939.6
436,1,2185,437.0,"0,0,0,2,0,0,2,0,0,1,0,0,0,0,2,2,0,3,2,2,2,0,2,0,0",-860.6
437,1,2190,438.0,"0,0,0,1,0,0,2,0,0,0,3,3,0,0,0,0,0,2,0,2,1,0,2,2,0",-847.8
438,1,2195,439.0,"0,0,0,2,2,2,2,0,0,1,3,0,0,0,0,0,2,2,4,0,2,0,0,0,0",-834.4
439,1,2200,440.0,"0,0,0,2,0,2,2,0,0,0,0,0,0,2,0,0,0,2,4,0,2,0,4,0,4",-858.4
440,1,2205,441.0,"2,0,0,2,0,0,2,0,0,3,0,0,0,0,0,0,2,2,0,2,2,0,2,2,0",-881.1999999999999
441,1,2210,442.0,"2,0,0,2,3,0,2,0,0,0,2,0,0,0,0,0,2,2,2,0,2,0,0,0,0",-806.4000000000001
442,1,2215,443.0,"0,1,0,2,0,2,2,0,0,0,0,0,0,0,0,0,0,2,4,0,2,0,2,0,0",-832.8
443,1,2220,444.0,"0,0,0,3,0,2,2,0,2,1,0,0,0,0,0,2,2,2,0,2,2,0,2,2,2",-789.4000000000001
444,1,2225,445.0,"0,0,0,2,2,0,2,0,0,1,2,0,0,0,0,2,2,2,0,2,2,3,0,0,2",-755.2000000000002
445,1,2230,446.0,"0,0,0,2,0,0,2,0,0,0,0,0,0,0,0,0,0,2,2,0,2,0,4,0,0",-765.6
446,1,2235,447.0,"0,0,0,2,0,2,2,2,0,0,0,0,0,0,2,0,2,2,0,0,2,0,4,0,2",-758.3999999999999
447,1,2240,448.0,"2,0,0,2,3,0,0,2,0,1,2,0,0,0,2,3,2,2,4,2,2,0,0,0,0",-784.0
448,1,2245,449.0,"0,0,0,3,0,2,2,0,0,0,2,0,0,0,2,0,0,2,2,2,2,0,2,0,2",-787.4
449,1,2250,450.0,"0,1,2,2,0,2,0,0,0,0,0,0,0,2,0,0,0,2,0,0,2,0,0,2,4",-749.0000000000001
450,1,2255,451.0,"0,0,2,2,3,0,2,0,0,1,3,0,0,2,0,2,2,2,4,0,2,0,4,0,0",-768.0000000000001
451,1,2260,452.0,"0,0,0,2,0,0,2,0,0,3,3,0,0,0,0,0,2,2,2,2,2,0,4,0,0",-818.4000000000001
452,1,2265,453.0,"0,0,0,2,0,3,0,0,2,0,0,0,0,0,2,0,0,2,0,0,2,0,0,2,2",-830.8000000000001
453,1,2270,454.0,"0,0,2,2,3,3,2,0,2,0,2,0,0,2,2,2,0,2,4,4,2,0,2,0,0",-801.0000000000001
454,1,2275,455.0,"0,0,0,2,0,3,2,0,2,1,2,0,0,0,0,0,2,3,2,2,2,0,0,0,0",-833.8000000000001
455,1,2280,456.0,"0,0,0,2,0,3,2,0,0,0,1,0,0,2,0,0,0,3,2,0,2,0,2,2,2",-826.4000000000001
456,1,2285,457.0,"0,0,2,0,0,3,0,0,2,3,2,0,0,2,0,2,0,2,4,4,2,0,2,0,0",-835.8000000000001
457,1,2290,458.0,"0,0,2,2,0,3,0,2,2,3,2,0,0,0,0,2,2,2,4,2,2,0,0,0,0",-843.1999999999999
458,1,2295,459.0,"0,0,0,2,3,3,2,2,0,0,2,0,0,0,2,0,0,3,2,0,2,0,0,0,2",-869.2
459,1,2300,460.0,"0,0,0,0,0,3,2,0,0,0,2,0,0,0,2,0,0,3,0,0,2,0,2,0,2",-890.0
460,1,2305,461.0,"0,0,2,3,0,3,0,0,0,3,2,0,0,0,0,2,2,0,0,2,2,0,0,0,0",-866.0000000000001
461,1,2310,462.0,"0,0,2,3,0,3,0,0,0,3,0,0,0,2,0,2,2,2,2,4,0,0,0,0,0",-847.8000000000001
462,1,2315,463.0,"0,0,0,0,0,3,2,0,2,0,2,0,0,2,2,0,0,2,4,0,2,0,2,0,2",-863.8
463,1,2320,464.0,"0,0,0,3,2,3,2,0,2,3,2,0,0,0,2,0,0,3,0,2,2,0,0,3,2",-776.0
464,1,2325,465.0,"0,0,2,2,0,3,0,0,2,3,2,3,0,0,2,2,2,0,0,4,0,3,0,3,0",-713.4
465,1,2330,466.0,"0,0,2,3,0,3,2,2,0,0,1,3,0,2,0,2,2,2,2,0,2,0,2,0,0",-687.8
466,1,2335,467.0,"0,0,0,3,0,3,2,2,0,2,2,0,0,2,0,0,0,2,4,0,2,0,2,0,2",-717.4
467,1,2340,468.0,"0,0,0,3,3,3,0,2,2,3,2,0,0,2,2,0,2,0,0,4,2,3,3,1,0",-695.8000000000001
468,1,2345,469.0,"2,0,2,3,0,3,2,0,0,0,2,3,0,0,2,2,2,2,2,2,2,3,4,3,0",-717.8000000000001
469,1,2350,470.0,"0,0,0,2,0,3,2,0,0,0,2,0,0,0,0,2,0,2,0,0,2,0,4,3,2",-748.3999999999999
470,1,2355,471.0,"0,0,0,2,0,3,2,2,2,2,1,0,0,0,0,0,2,0,4,0,2,0,0,0,0",-764.8
471,1,2360,472.0,"2,0,2,3,0,3,0,0,2,2,2,0,0,2,0,2,2,2,0,4,2,3,2,0,0",-786.2
472,1,2365,473.0,"0,0,0,2,0,3,2,0,0,0,2,0,0,2,2,2,1,2,0,0,2,0,2,3,0",-775.2
473,1,2370,474.0,"0,0,0,0,0,3,2,2,0,0,2,0,2,0,0,0,2,0,2,4,2,0,4,1,2",-725.4
474,1,2375,475.0,"0,0,2,2,3,3,2,2,2,2,1,0,0,0,2,2,2,0,2,4,2,3,1,0,2",-750.6
475,1,2380,476.0,"0,0,2,2,0,3,0,0,2,2,2,0,0,2,2,2,0,2,0,0,2,3,2,2,0",-747.6
476,1,2385,477.0,"0,0,1,2,0,3,2,0,0,0,2,0,0,2,0,0,2,2,4,0,2,0,2,2,0",-721.0
477,1,2390,478.0,"0,4,2,1,2,3,2,2,0,0,2,0,0,0,0,0,2,0,2,4,2,0,4,0,0",-697.8000000000001
478,1,2395,479.0,"0,0,2,0,0,3,0,2,2,2,2,0,0,2,2,2,0,0,0,2,1,3,2,0,0",-657.2
479,1,2400,480.0,"0,0,0,2,0,3,2,2,2,2,0,0,0,2,2,2,2,2,0,0,2,3,2,2,2",-662.0
480,1,2405,481.0,"0,0,2,2,2,3,2,0,0,0,0,0,0,0,0,0,2,3,2,2,2,0,4,2,1",-578.0
481,1,2410,482.0,"0,0,2,0,1,3,0,2,0,0,0,0,0,2,0,0,1,2,2,2,2,0,4,0,0",-542.6
482,1,2415,483.0,"0,4,0,3,0,3,2,2,2,2,0,3,0,0,2,2,2,0,4,0,2,3,4,0,0",-514.2
483,1,2420,484.0,"0,0,0,3,2,3,2,0,2,2,2,0,0,0,2,0,2,0,4,2,0,1,4,3,0",-524.2
484,1,2425,485.0,"0,0,2,0,1,3,0,0,0,0,0,0,0,0,0,1,1,3,3,2,2,0,4,1,0",-506.6
485,1,2430,486.0,"2,0,2,1,0,3,2,2,2,2,0,0,0,2,0,2,1,2,0,0,2,0,4,0,0",-517.4
486,1,2435,487.0,"0,0,1,3,2,3,2,2,2,2,1,0,0,2,0,0,2,2,4,2,2,1,4,3,0",-541.8
487,1,2440,488.0,"0,0,0,2,2,3,0,0,0,0,0,0,0,0,2,0,2,0,2,2,2,0,4,3,0",-523.6
488,1,2445,489.0,"0,0,2,0,0,0,2,2,0,0,2,3,0,2,2,2,0,3,2,4,0,0,4,0,0",-423.20000000000005
489,1,2450,490.0,"0,0,1,2,0,3,2,2,2,2,0,0,0,2,0,0,1,2,4,2,2,3,2,0,0",-461.2
490,1,2455,491.0,"0,0,2,2,2,3,0,0,2,2,0,0,0,0,0,4,1,2,2,2,2,3,2,2,0",-482.59999999999997
491,1,2460,492.0,"0,0,2,1,2,3,2,0,0,0,2,3,0,2,2,2,2,2,2,0,2,3,4,2,0",-500.4000000000001
492,1,2465,493.0,"2,0,0,3,0,3,2,2,0,0,2,0,0,0,0,0,2,0,2,2,2,3,4,0,0",-525.4000000000001
493,1,2470,494.0,"2,0,1,3,0,0,2,2,2,2,0,1,0,0,0,0,2,2,4,2,2,3,2,0,0",-439.4
494,1,2475,495.0,"2,0,2,3,2,3,0,0,2,2,2,3,0,0,2,2,0,2,2,0,2,0,4,2,0",-439.0
495,1,2480,496.0,"0,0,2,3,2,3,2,2,0,2,0,0,0,0,2,0,1,2,2,0,2,1,4,2,0",-467.4
496,1,2485,497.0,"0,0,0,3,0,0,2,0,0,0,0,0,0,0,0,0,1,2,4,2,2,3,2,0,0",-487.8
497,1,2490,498.0,"0,0,0,2,0,2,0,2,2,2,0,0,0,2,0,1,1,2,0,0,2,1,4,0,0",-461.0
498,1,2495,499.0,"2,0,0,2,2,2,2,2,2,2,1,0,0,2,1,2,2,2,1,0,2,0,4,2,0",-441.79999999999995
499,1,2500,500.0,"0,0,2,0,2,0,2,2,0,0,0,0,0,0,2,0,2,0,1,2,2,3,2,0,0",-452.79999999999995
500,1,2505,501.0,"0,0,2,3,0,0,2,2,0,0,1,0,0,0,0,0,1,2,3,2,2,3,2,0,0",-481.8
501,1,2510,502.0,"2,0,2,3,0,2,2,2,2,0,0,0,0,0,0,1,2,2,2,0,2,1,4,2,0",-507.4
502,1,2515,503.0,"0,0,0,2,3,3,0,0,2,2,0,0,0,0,1,2,0,0,3,2,2,1,2,0,0",-513.0
503,1,2520,504.0,"0,0,2,3,3,0,2,0,0,0,0,0,0,0,1,0,2,2,1,2,2,1,2,0,0",-536.8
504,1,2525,505.0,"2,0,2,3,0,3,0,2,0,2,0,1,0,0,0,0,2,2,1,2,2,1,0,0,0",-523.2
505,1,2530,506.0,"0,0,0,2,0,3,2,2,2,0,1,0,0,0,2,2,0,2,1,0,2,0,2,0,0",-532.0
506,1,2535,507.0,"0,0,2,0,2,0,2,2,0,0,0,0,0,0,1,0,2,0,1,2,2,1,2,0,0",-541.8000000000001
507,1,2540,508.0,"2,0,2,2,2,0,0,0,0,0,0,0,1,2,0,0,2,2,2,2,2,1,4,1,0",-545.1999999999999
508,1,2545,509.0,"0,0,0,3,0,3,0,2,2,0,1,2,0,2,2,2,2,2,4,2,2,1,2,0,0",-534.8
509,1,2550,510.0,"0,0,0,2,0,3,0,0,0,0,0,0,0,0,0,0,0,2,1,0,2,1,1,0,0",-513.0
510,1,2555,511.0,"2,0,0,2,2,3,0,0,0,0,0,0,1,0,0,1,2,2,2,2,2,1,4,0,0",-539.6
511,1,2560,512.0,"0,0,2,3,2,3,0,2,0,0,0,0,0,0,0,2,2,0,2,2,2,1,4,0,0",-571.0
512,1,2565,513.0,"0,0,2,2,0,3,0,0,0,0,0,4,0,0,0,0,1,2,1,0,2,1,2,0,0",-577.4000000000001
513,1,2570,514.0,"2,0,2,2,0,0,0,0,0,2,0,0,0,0,0,1,2,2,4,2,2,1,0,0,0",-552.2
514,1,2575,515.0,"0,0,0,3,2,3,0,0,0,0,0,0,1,0,2,2,2,0,2,2,2,1,2,0,0",-570.0
515,1,2580,516.0,"0,0,2,3,2,3,0,0,0,0,0,0,1,2,0,0,2,1,2,0,2,1,2,0,0",-592.8
516,1,2585,517.0,"2,0,0,0,0,0,0,0,0,2,1,0,0,2,0,4,2,1,4,2,2,0,0,2,0",-584.1999999999999
517,1,2590,518.0,"0,0,2,2,3,0,2,0,2,2,0,0,0,0,0,2,2,1,0,2,2,1,0,0,0",-557.4
518,1,2595,519.0,"0,0,0,3,2,2,0,0,0,0,0,0,0,0,0,0,1,0,2,2,2,3,2,0,0",-579.2
519,1,2600,520.0,"2,0,0,3,0,3,0,0,0,0,1,0,0,0,2,1,2,0,2,2,2,0,0,0,0",-590.2
520,1,2605,521.0,"2,0,0,3,0,0,2,0,0,0,1,0,0,2,0,2,1,1,4,2,2,0,4,0,0",-563.0
521,1,2610,522.0,"0,0,0,0,3,2,0,0,0,0,2,3,0,2,0,2,1,1,0,2,2,1,2,2,2",-544.6
522,1,2615,523.0,"0,0,2,0,3,2,0,0,0,0,0,0,0,2,1,0,2,1,2,0,2,1,0,2,0",-543.2
523,1,2620,524.0,"2,0,2,2,0,3,1,0,0,2,0,0,0,0,0,1,0,0,2,2,2,0,0,0,0",-523.8
524,1,2625,525.0,"2,0,0,3,0,3,2,0,0,2,2,0,0,0,2,2,0,1,2,2,2,0,2,0,0",-530.6
525,1,2630,526.0,"0,0,0,0,2,3,0,0,2,0,2,0,0,0,0,0,1,1,2,0,2,0,0,2,0",-538.8000000000001
526,1,2635,527.0,"0,0,2,0,2,3,0,0,0,0,1,0,0,0,0,0,1,1,4,2,2,1,0,2,0",-543.4000000000001
527,1,2640,528.0,"2,0,0,3,0,3,2,0,0,2,1,2,0,2,2,1,2,2,2,2,2,1,2,0,0",-532.2
528,1,2645,529.0,"0,4,0,3,0,3,1,2,0,2,2,0,0,2,0,2,1,2,2,2,2,1,2,0,0",-455.4
529,1,2650,530.0,"0,0,0,0,2,3,0,0,0,0,2,1,0,0,0,2,2,3,2,2,2,0,0,2,0",-452.59999999999997
530,1,2655,531.0,"2,0,2,3,0,3,2,0,0,2,0,0,0,2,1,1,0,1,2,0,2,1,2,2,0",-444.6
531,1,2660,532.0,"0,0,2,3,0,2,2,0,0,2,1,0,0,2,2,1,0,0,0,2,2,1,2,0,0",-462.20000000000005
532,1,2665,533.0,"0,0,0,0,2,2,0,0,0,0,2,0,0,0,0,2,1,2,4,2,2,0,0,0,0",-469.4
533,1,2670,534.0,"2,0,2,0,0,2,2,0,2,0,1,0,0,0,0,2,0,1,2,0,2,1,0,0,0",-486.80000000000007
534,1,2675,535.0,"2,0,2,2,0,2,0,0,2,0,1,0,0,2,2,0,0,2,0,0,2,0,2,0,0",-480.6
535,1,2680,536.0,"0,0,0,3,2,2,2,0,0,2,2,0,0,0,0,2,0,1,2,2,2,1,0,0,0",-498.2
536,1,2685,537.0,"0,0,0,0,0,2,2,2,0,0,0,0,0,0,0,2,1,2,4,2,2,2,2,0,0",-518.8
537,1,2690,538.0,"2,0,0,0,0,2,0,2,2,0,2,0,0,2,2,0,0,0,0,0,2,2,2,0,0",-536.8000000000001
538,1,2695,539.0,"0,4,0,3,2,2,2,2,0,2,2,0,0,0,0,2,0,2,2,2,2,2,0,2,0",-542.8000000000001
539,1,2700,540.0,"0,0,0,2,0,2,2,0,2,0,0,0,0,0,0,2,1,2,2,2,2,0,2,0,0",-568.0
540,1,2705,541.0,"2,0,0,0,0,3,0,0,0,2,0,0,0,2,2,1,1,3,0,0,2,3,2,0,0",-552.8
541,1,2710,542.0,"0,0,0,2,2,3,0,0,0,2,2,0,0,0,1,2,0,1,0,2,2,0,2,2,0",-567.2
542,1,2715,543.0,"0,0,0,3,2,2,2,2,2,0,2,0,0,0,0,0,0,1,2,2,2,3,0,2,0",-589.6
543,1,2720,544.0,"2,0,0,1,0,3,2,0,0,0,0,0,0,2,2,1,0,2,2,0,2,0,1,0,0",-526.0
544,1,2725,545.0,"0,0,0,3,0,3,0,0,0,2,0,0,0,2,1,2,0,0,0,2,2,0,1,2,0",-510.79999999999995
545,1,2730,546.0,"0,0,0,3,2,3,2,2,0,2,0,0,0,0,0,0,0,1,0,2,2,3,2,0,0",-510.79999999999995
546,1,2735,547.0,"2,0,0,1,2,3,2,0,1,0,0,0,0,0,2,1,0,0,1,0,2,0,0,0,0",-510.0
547,1,2740,548.0,"0,0,2,3,0,3,0,2,2,0,2,0,0,2,0,2,0,0,2,2,2,0,0,2,0",-522.4000000000001
548,1,2745,549.0,"0,0,2,3,0,3,0,0,2,0,0,2,0,0,0,0,2,2,0,2,2,0,2,2,0",-531.8
549,1,2750,550.0,"2,0,0,3,2,3,2,0,0,0,2,2,0,2,2,2,0,1,2,0,2,0,1,0,0",-515.0
550,1,2755,551.0,"2,0,0,2,0,3,2,0,0,2,2,0,0,0,1,1,0,0,2,0,2,0,0,2,0",-520.0
551,1,2760,552.0,"0,0,0,2,0,3,0,0,2,0,0,0,0,0,0,2,2,2,0,2,2,0,0,2,0",-537.6
552,1,2765,553.0,"0,0,2,2,2,2,0,2,0,2,0,0,0,2,2,0,0,0,2,0,2,0,0,0,0",-544.6
553,1,2770,554.0,"2,0,0,2,0,2,2,0,0,2,2,0,0,2,2,0,0,2,2,0,2,0,0,0,0",-558.0
554,1,2775,555.0,"2,0,0,3,0,0,2,2,0,0,0,0,0,0,0,0,0,0,0,2,2,0,2,2,0",-510.8
555,1,2780,556.0,"0,0,2,2,2,2,0,2,2,0,0,2,0,2,0,0,1,0,0,2,2,1,2,2,0",-523.0
556,1,2785,557.0,"2,0,0,2,0,2,0,0,2,2,2,0,0,2,2,2,1,2,2,0,2,0,0,0,0",-526.6000000000001
557,1,2790,558.0,"2,0,0,3,0,3,2,0,0,0,2,0,0,0,0,0,0,0,2,0,0,1,0,0,0",-474.20000000000005
558,1,2795,559.0,"2,0,2,3,2,3,0,2,0,0,0,2,0,0,0,0,0,0,0,2,2,0,0,2,0",-490.20000000000005
559,1,2800,560.0,"0,0,0,3,2,2,0,2,1,2,0,2,0,0,1,0,2,0,2,2,2,0,0,2,0",-482.80000000000007
560,1,2805,561.0,"2,0,0,2,0,2,2,2,1,2,0,0,0,0,0,2,0,2,0,2,2,0,0,0,0",-492.6
561,1,2810,562.0,"2,0,0,3,0,2,2,0,0,0,2,2,0,2,0,0,0,0,0,2,2,0,0,0,0",-500.4000000000001
562,1,2815,563.0,"0,0,0,3,2,2,1,2,0,0,0,2,0,0,2,2,1,2,2,0,2,3,0,2,0",-465.40000000000003
563,1,2820,564.0,"2,0,0,0,2,2,0,0,1,2,0,0,0,0,0,2,1,0,2,2,0,0,0,2,0",-457.80000000000007
564,1,2825,565.0,"2,0,0,2,0,2,2,0,1,2,2,2,0,0,0,0,2,2,1,2,2,0,0,0,0",-447.0
565,1,2830,566.0,"0,0,2,3,0,2,2,0,0,2,2,2,0,2,2,0,1,0,2,2,2,0,0,0,0",-455.80000000000007
566,1,2835,567.0,"2,0,0,3,2,2,1,0,3,0,0,0,0,0,0,0,0,0,2,2,2,0,0,2,0",-469.00000000000006
567,1,2840,568.0,"2,0,2,2,2,2,2,0,3,2,2,0,0,0,0,2,2,0,2,0,2,0,0,2,0",-472.6
568,1,2845,569.0,"0,0,0,2,0,2,2,0,0,2,2,0,0,2,0,2,0,2,2,2,2,0,0,2,0",-494.40000000000003
569,1,2850,570.0,"2,0,0,0,0,2,0,0,1,0,0,0,0,0,0,0,0,0,2,2,2,2,0,0,0",-490.40000000000003
570,1,2855,571.0,"2,0,2,3,2,2,2,0,3,2,0,0,0,0,2,2,2,0,2,2,2,0,0,0,2",-507.6
571,1,2860,572.0,"2,0,2,3,0,2,2,0,0,2,2,0,0,0,0,0,4,0,2,0,2,0,0,2,0",-514.2
572,1,2865,573.0,"2,0,0,0,0,2,2,2,1,2,2,0,0,0,0,2,0,0,2,2,2,2,0,0,2",-524.4000000000001
573,1,2870,574.0,"2,0,2,0,2,2,2,2,1,2,2,0,0,2,2,0,1,2,2,2,2,0,2,3,2",-540.6000000000001
574,1,2875,575.0,"2,0,2,0,0,0,1,0,1,2,0,0,0,0,0,2,0,2,2,2,2,0,0,2,2",-532.0
575,1,2880,576.0,"2,0,0,0,0,0,2,0,0,2,2,0,0,0,0,0,2,0,2,0,2,3,0,3,0",-540.0
576,1,2885,577.0,"0,0,0,3,2,1,2,0,3,2,2,0,0,2,0,0,1,0,2,2,2,2,0,0,2",-531.6
577,1,2890,578.0,"0,0,2,1,0,1,1,2,3,0,2,0,0,0,0,0,4,2,0,2,2,0,0,3,2",-495.4
578,1,2895,579.0,"2,0,0,0,0,0,2,0,1,0,2,0,0,0,0,2,0,0,2,2,2,0,0,3,0",-512.6
579,1,2900,580.0,"0,0,0,0,2,0,1,3,1,2,2,0,0,0,0,2,0,2,0,2,2,2,0,3,2",-521.0
580,1,2905,581.0,"2,0,0,0,2,1,2,0,0,2,0,0,0,0,0,0,2,2,0,0,2,0,1,0,2",-531.0000000000001
581,1,2910,582.0,"2,0,2,3,0,1,2,0,0,2,0,2,0,0,2,0,1,0,2,2,2,0,0,3,0",-522.8000000000001
582,1,2915,583.0,"0,0,0,0,0,0,2,3,1,2,2,0,0,0,0,0,1,0,2,2,2,0,0,3,0",-541.4000000000001
583,1,2920,584.0,"2,0,0,0,2,0,2,0,1,0,2,0,0,0,0,0,2,0,0,1,2,2,0,3,2",-463.0
584,1,2925,585.0,"0,0,2,3,0,0,2,0,1,0,0,2,0,0,0,2,0,2,2,0,0,0,0,0,2",-454.2
585,1,2930,586.0,"2,0,0,0,0,1,2,0,0,2,2,2,0,2,0,0,0,0,2,1,2,0,0,3,0",-464.0
586,1,2935,587.0,"2,0,0,3,2,1,2,0,1,2,2,0,0,0,0,2,0,0,0,0,2,0,0,3,2",-474.4
587,1,2940,588.0,"2,0,0,0,2,0,2,0,1,2,0,0,0,0,1,0,2,0,0,0,2,0,0,0,2",-464.4
588,1,2945,589.0,"0,0,2,0,0,1,2,0,0,0,2,2,0,0,0,0,0,0,2,1,2,0,0,3,0",-472.40000000000003
589,1,2950,590.0,"2,0,2,3,0,0,2,0,1,2,2,0,0,0,0,0,0,0,2,0,2,0,0,3,0",-491.00000000000006
590,1,2955,591.0,"2,0,2,0,2,0,2,0,1,0,0,0,0,0,0,2,0,2,0,0,2,0,0,0,2",-494.6
591,1,2960,592.0,"2,0,0,0,2,1,2,0,0,2,0,2,0,0,0,0,0,0,0,0,2,0,3,1,0",-411.2
592,1,2965,593.0,"0,0,2,0,0,1,2,0,1,2,2,0,0,0,0,0,2,2,2,0,2,0,0,3,0",-419.4
593,1,2970,594.0,"2,0,2,3,0,0,2,0,1,0,2,0,0,0,2,2,2,0,0,0,2,2,0,0,2",-419.40000000000003
594,1,2975,595.0,"2,0,2,0,2,0,2,0,0,2,2,2,1,0,0,4,0,0,0,0,2,2,0,0,0",-429.4000000000001
595,1,2980,596.0,"2,0,2,0,0,1,2,0,3,2,0,0,0,0,0,1,2,2,2,0,2,2,3,3,0",-410.80000000000007
596,1,2985,597.0,"0,0,0,0,0,1,2,0,0,2,2,0,0,2,0,0,1,0,2,1,2,0,1,3,2",-426.20000000000005
597,1,2990,598.0,"2,0,0,3,2,0,2,0,0,2,2,2,0,2,0,0,1,0,0,0,2,0,0,0,2",-439.2
598,1,2995,599.0,"2,0,2,0,0,0,2,1,3,0,0,2,1,0,0,1,2,0,0,0,2,2,3,0,0",-440.59999999999997
599,1,3000,600.0,"2,0,2,0,0,1,2,1,1,2,2,0,0,0,1,1,0,2,2,0,2,2,0,1,2",-303.2
600,1,3005,601.0,"0,0,0,0,0,1,2,0,0,2,2,0,0,0,0,2,1,0,0,0,2,2,3,0,3",-321.0
601,1,3010,602.0,"2,0,2,0,0,1,2,1,0,0,0,2,0,0,0,1,2,0,0,0,2,3,0,0,3",-328.8
602,1,3015,603.0,"2,0,2,3,0,0,1,0,3,2,0,2,1,0,0,1,2,0,2,0,2,0,0,1,3",-312.20000000000005
603,1,3020,604.0,"2,0,0,0,0,0,2,0,3,2,2,0,0,0,2,1,1,0,2,1,2,2,1,0,3",-320.4
604,1,3025,605.0,"0,0,2,0,1,1,2,0,0,0,2,0,0,0,0,2,0,0,0,0,2,2,1,0,0",-193.39999999999998
605,1,3030,606.0,"0,0,2,0,0,1,2,0,0,0,0,2,1,0,0,1,0,0,0,0,2,0,1,1,0",-210.2
606,1,3035,607.0,"2,0,0,2,0,1,2,1,3,2,0,0,1,2,0,1,2,0,2,0,2,0,0,0,3",-215.0
607,1,3040,608.0,"2,0,2,0,2,2,0,0,2,3,2,0,0,0,2,1,2,0,0,0,2,2,1,0,3",-173.0
608,1,3045,609.0,"2,0,2,0,1,2,2,1,0,0,2,2,0,0,0,0,0,0,0,0,2,0,1,1,3",-176.4
609,1,3050,610.0,"0,0,0,0,0,0,2,1,2,0,0,0,1,0,0,2,0,0,2,0,2,0,1,1,3",-180.4
610,1,3055,611.0,"2,0,0,2,2,2,2,1,2,1,0,0,0,2,0,2,0,0,2,0,2,0,1,0,3",-186.8
611,1,3060,612.0,"2,0,2,2,2,2,2,0,0,1,2,2,0,2,0,2,0,0,0,0,2,0,1,3,3",-188.8
612,1,3065,613.0,"0,0,2,0,0,2,2,0,0,0,2,2,0,0,0,1,1,0,0,2,2,0,1,3,2",-198.6
613,1,3070,614.0,"2,0,0,2,2,0,1,1,0,0,0,0,0,0,0,0,1,0,0,2,2,0,1,0,2",-195.4
614,1,3075,615.0,"2,0,2,2,2,2,2,1,4,1,2,0,1,0,1,0,2,0,0,2,2,0,3,3,0",-187.60000000000002
615,1,3080,616.0,"2,0,2,2,0,2,2,0,0,1,2,2,0,0,2,2,0,0,0,2,2,0,3,3,2",-191.8
616,1,3085,617.0,"0,0,0,2,2,2,2,0,1,2,0,0,0,0,0,2,2,0,0,2,0,0,1,0,2",-152.60000000000002
617,1,3090,618.0,"2,0,2,2,2,1,2,0,0,1,0,0,0,0,2,0,2,0,2,2,0,1,3,3,2",-150.0
618,1,3095,619.0,"2,0,2,0,0,2,2,1,2,2,2,2,1,2,0,0,0,0,0,2,2,1,3,3,2",-142.0
619,1,3100,620.0,"2,0,0,2,0,2,2,0,0,1,2,0,0,0,0,0,2,0,0,0,0,1,0,3,2",-143.0
620,1,3105,621.0,"2,0,0,2,2,2,2,1,2,1,0,0,0,2,0,2,4,0,2,0,0,3,3,3,2",-152.2
621,1,3110,622.0,"0,0,2,2,2,2,2,0,2,1,1,2,0,0,0,1,0,2,0,2,0,1,3,3,2",-154.0
622,1,3115,623.0,"0,0,2,2,0,2,2,0,2,1,0,0,0,0,0,0,0,0,0,0,0,0,3,3,2",-166.4
623,1,3120,624.0,"0,0,0,2,2,2,2,0,0,2,1,0,0,2,1,2,2,2,0,0,0,3,0,3,0",-146.4
624,1,3125,625.0,"0,0,0,2,0,2,2,1,0,4,1,2,0,0,0,0,2,2,2,0,0,1,2,3,0",-163.2
625,1,3130,626.0,"2,0,2,0,0,2,2,0,0,0,0,0,0,0,1,0,0,0,2,0,0,1,0,3,0",-161.20000000000002
626,1,3135,627.0,"2,0,2,2,2,2,1,0,0,0,1,0,0,0,1,1,0,2,0,0,0,2,2,3,0",-138.60000000000002
627,1,3140,628.0,"0,0,0,2,2,2,1,0,0,0,1,2,0,0,0,0,0,2,0,0,0,1,0,3,0",-149.40000000000003
628,1,3145,629.0,"0,0,2,2,0,2,0,0,0,0,0,2,0,0,0,0,0,0,0,0,0,2,0,3,0",-158.8
629,1,3150,630.0,"2,0,2,2,0,2,0,0,0,0,0,0,0,0,0,2,1,0,2,0,0,1,0,3,0",-148.0
630,1,3155,631.0,"2,0,0,2,2,2,0,0,0,0,0,0,0,0,0,0,0,0,2,0,0,0,0,3,0",-157.60000000000002
631,1,3160,632.0,"0,0,2,2,2,2,0,0,0,0,0,2,0,0,0,0,0,0,0,0,0,0,0,3,0",-165.0
632,1,3165,633.0,"0,0,2,2,0,2,0,0,0,0,0,0,0,0,0,0,0,0,0,0,0,0,0,3,0",-155.20000000000002
633,1,3170,634.0,"2,0,2,2,2,2,0,0,0,0,0,0,0,0,0,0,0,0,2,0,0,0,0,3,0",-151.60000000000002
634,1,3175,635.0,"2,0,0,2,2,2,0,0,2,0,0,2,0,0,0,0,0,0,0,0,0,0,0,3,0",-149.60000000000002
635,1,3180,636.0,"0,0,2,2,2,2,0,0,0,0,0,0,0,0,0,0,0,0,0,0,0,0,0,3,0",-149.0
636,1,3185,637.0,"2,0,2,2,0,0,0,0,2,0,0,0,0,0,1,0,0,0,2,0,0,0,2,1,0",-128.60000000000002
637,1,3190,638.0,"2,0,2,2,2,2,0,0,0,1,0,2,0,0,0,0,0,0,2,0,0,0,2,1,0",-136.2
638,1,3195,639.0,"0,0,2,2,2,2,0,0,0,1,0,2,0,0,0,0,0,0,0,0,0,0,2,1,0",-136.2
639,1,3200,640.0,"2,0,2,2,2,0,0,0,0,0,0,0,0,0,0,0,0,0,0,0,0,1,0,1,0",-142.2
640,1,3205,641.0,"2,0,2,2,2,0,0,0,0,0,0,0,0,0,0,0,0,0,2,0,0,1,0,1,0",-136.2
641,1,3210,642.0,"2,0,2,2,2,0,0,0,0,0,0,2,0,0,0,0,0,0,0,0,0,1,0,1,0",-141.60000000000002
642,1,3215,643.0,"0,0,2,2,2,0,0,0,2,0,0,2,0,0,0,0,0,0,0,0,0,0,0,1,0",-140.8
643,1,3220,644.0,"2,0,2,2,0,0,0,0,0,0,0,2,0,0,0,0,0,0,2,0,0,0,0,1,0",-135.0
644,1,3225,645.0,"2,0,2,2,2,0,0,0,0,0,0,2,0,0,0,0,0,0,0,0,0,0,0,1,0",-140.0
645,1,3230,646.0,"0,0,2,2,0,0,0,0,0,1,0,2,0,0,0,0,0,0,0,0,0,0,0,1,0",-147.20000000000002
646,1,3235,647.0,"0,0,2,2,0,0,0,0,0,0,0,2,0,0,0,0,0,0,2,0,0,0,0,1,0",-146.60000000000002
647,1,3240,648.0,"2,0,2,2,0,0,0,0,0,0,0,2,0,0,0,0,0,0,0,0,0,0,0,1,0",-150.2
648,1,3245,649.0,"2,0,2,0,0,0,0,0,0,0,0,2,0,0,0,2,0,0,0,0,0,0,0,1,0",-152.60000000000002
649,1,3250,650.0,"0,0,2,0,0,0,0,0,0,0,0,2,0,0,0,0,0,0,0,0,0,0,0,1,0",-153.40000000000003
650,1,3255,651.0,"2,0,2,0,0,0,0,0,0,0,0,2,0,0,0,0,0,0,2,0,0,0,0,1,0",-158.60000000000002
651,1,3260,652.0,"2,0,0,0,0,0,0,0,0,0,0,2,0,0,0,0,0,0,0,0,0,0,0,1,0",-158.0
652,1,3265,653.0,"2,0,0,0,0,0,0,0,0,0,0,2,0,0,0,0,0,0,0,0,0,0,0,1,0",-164.8
653,1,3270,654.0,"0,0,0,0,0,0,0,0,0,0,0,2,0,0,0,0,0,0,2,0,0,0,0,1,0",-167.20000000000002
654,1,3275,655.0,"2,0,0,0,0,0,0,0,0,0,0,2,0,0,0,0,0,0,0,0,0,0,0,1,0",-161.40000000000003
655,1,3280,656.0,"2,0,0,0,0,0,0,0,0,0,0,2,0,0,0,0,0,0,0,0,0,0,0,0,0",-124.20000000000002
656,1,3285,657.0,"2,0,0,0,0,0,0,0,0,0,0,2,0,0,0,0,0,0,2,0,0,0,0,0,0",-130.79999999999998
657,1,3290,658.0,"2,0,0,0,0,0,0,0,0,0,0,2,0,0,0,0,0,0,0,0,0,0,0,0,0",-135.60000000000002
658,1,3295,659.0,"2,0,0,0,0,0,0,0,0,0,0,2,0,0,0,0,0,0,0,0,0,0,0,0,0",-134.40000000000003
659,1,3300,660.0,"2,0,0,0,0,0,0,0,0,0,0,2,0,0,0,0,0,0,0,0,0,0,0,1,0",-137.6
660,1,3305,661.0,"2,0,0,0,0,0,0,0,0,0,0,2,0,0,0,0,0,0,0,0,0,0,1,0,0",-139.6
661,1,3310,662.0,"2,0,0,0,0,0,0,0,0,0,0,2,0,0,0,0,0,0,0,0,0,0,1,0,0",-143.6
662,1,3315,663.0,"2,0,0,0,0,0,0,0,0,0,0,2,0,0,0,0,0,0,0,0,0,0,0,0,0",-147.6
663,1,3320,664.0,"2,0,0,0,0,0,0,0,0,0,0,0,0,0,0,0,0,0,0,0,0,0,0,0,0",-126.2
664,1,3325,665.0,"2,0,0,0,0,0,0,0,0,0,0,2,0,0,0,0,0,0,2,0,0,0,0,0,0",-128.8
665,1,3330,666.0,"2,0,0,0,0,0,0,0,0,0,0,2,0,0,0,0,0,0,0,0,0,0,0,0,0",-130.4
666,1,3335,667.0,"0,0,0,0,0,0,0,0,0,0,0,0,0,0,0,0,0,0,0,0,0,0,0,0,0",-117.80000000000001
667,1,3340,668.0,"2,0,0,0,0,0,0,0,0,0,0,2,0,0,0,0,0,0,0,0,0,0,0,0,0",-123.60000000000001
668,1,3345,669.0,"2,0,0,0,0,0,0,0,0,0,0,2,0,0,0,0,0,0,0,0,0,0,0,0,0",-121.60000000000001
669,1,3350,670.0,"2,0,0,0,0,0,0,0,0,0,0,0,0,0,0,0,0,0,0,0,0,0,0,0,0",-122.2
670,1,3355,671.0,"2,0,0,0,0,0,0,0,0,0,0,2,0,0,0,0,0,0,1,0,0,0,0,0,0",-20.0
671,1,3360,672.0,"0,0,0,0,0,0,0,0,0,0,0,2,0,0,0,0,0,0,2,0,0,0,0,0,0",-11.2
672,1,3365,673.0,"2,0,0,0,0,0,0,0,0,0,0,0,0,0,0,0,0,0,2,0,0,0,0,0,0",-9.6
673,1,3370,674.0,"2,0,0,0,0,0,0,0,0,0,0,2,0,0,0,0,0,0,0,0,0,0,0,0,0",-9.600000000000001
674,1,3375,675.0,"2,0,0,0,0,0,0,0,0,0,0,2,0,0,0,0,0,0,1,0,0,0,0,0,0",-4.0
675,1,3380,676.0,"2,0,0,0,0,0,0,0,0,0,0,2,0,0,0,0,0,0,0,0,0,0,0,0,0",-3.4000000000000004
676,1,3385,677.0,"2,0,0,0,0,0,0,0,0,0,0,2,0,0,0,0,0,0,0,0,0,0,0,0,0",-4.4
677,1,3390,678.0,"2,0,0,0,0,0,0,0,0,0,0,2,0,0,0,0,0,0,0,0,0,0,0,0,0",-5.4
678,1,3395,679.0,"2,0,0,0,0,0,0,0,0,0,0,2,0,0,0,0,0,0,0,0,0,0,0,0,0",-6.4
679,1,3400,680.0,"2,0,0,0,0,0,0,0,0,0,0,2,0,0,0,0,0,0,0,0,0,0,0,0,0",-7.4
680,1,3405,681.0,"2,0,0,0,0,0,0,0,0,0,0,0,0,0,0,0,0,0,0,0,0,0,0,0,0",0.0
681,1,3410,682.0,"2,0,0,0,0,0,0,0,0,0,0,0,0,0,0,0,0,0,0,0,0,0,0,0,0",0.0
682,1,3415,683.0,"2,0,0,2,0,0,0,0,0,0,0,0,0,0,0,0,0,0,0,0,0,0,0,0,0",0.0
683,1,3420,684.0,"2,0,0,2,0,0,0,0,0,0,0,0,0,0,0,0,0,0,0,0,0,0,0,0,0",0.0
684,1,3425,685.0,"0,0,0,0,0,0,0,0,0,0,0,0,0,0,0,0,0,0,0,0,0,0,0,0,0",0.0
685,1,3430,686.0,"0,0,0,0,0,0,0,0,0,0,0,0,0,0,0,0,0,0,0,0,0,0,0,0,0",0.0
686,1,3435,687.0,"0,0,0,2,0,0,0,0,0,0,0,0,0,0,0,0,0,0,0,0,0,0,0,0,0",0.0
687,1,3440,688.0,"0,0,0,2,0,0,0,0,0,0,0,0,0,0,0,0,0,0,0,0,0,0,0,0,0",0.0
688,1,3445,689.0,"0,0,0,0,0,0,0,0,0,0,0,0,0,0,0,0,0,0,0,0,0,0,0,0,0",0.0
689,1,3450,690.0,"0,0,0,0,0,0,0,0,0,0,0,0,0,0,0,0,0,0,0,0,0,0,0,0,0",0.0
690,1,3455,691.0,"0,0,0,0,0,0,0,0,0,0,0,0,0,0,0,0,0,0,0,0,0,0,0,0,0",0.0
691,1,3460,692.0,"0,0,0,0,0,0,0,0,0,0,0,0,0,0,0,0,0,0,0,0,0,0,0,0,0",0.0
692,1,3465,693.0,"0,0,0,0,0,0,0,0,0,0,0,0,0,0,0,0,0,0,0,0,0,0,0,0,0",0.0
693,1,3470,694.0,"0,0,0,0,0,0,0,0,0,0,0,0,0,0,0,0,0,0,0,0,0,0,0,0,0",0.0
694,1,3475,695.0,"0,0,0,0,0,0,0,0,0,0,0,0,0,0,0,0,0,0,0,0,0,0,0,0,0",0.0
695,1,3480,696.0,"0,0,0,0,0,0,0,0,0,0,0,0,0,0,0,0,0,0,0,0,0,0,0,0,0",0.0
696,1,3485,697.0,"0,0,0,0,0,0,0,0,0,0,0,0,0,0,0,0,0,0,0,0,0,0,0,0,0",0.0
697,1,3490,698.0,"0,0,0,0,0,0,0,0,0,0,0,0,0,0,0,0,0,0,0,0,0,0,0,0,0",0.0
698,1,3495,699.0,"0,0,0,0,0,0,0,0,0,0,0,0,0,0,0,0,0,0,0,0,0,0,0,0,0",0.0
699,1,3500,700.0,"0,0,0,0,0,0,0,0,0,0,0,0,0,0,0,0,0,0,0,0,0,0,0,0,0",0.0
700,1,3505,701.0,"0,0,0,0,0,0,0,0,0,0,0,0,0,0,0,0,0,0,0,0,0,0,0,0,0",0.0
701,1,3510,702.0,"0,0,0,0,0,0,0,0,0,0,0,0,0,0,0,0,0,0,0,0,0,0,0,0,0",0.0
702,1,3515,703.0,"0,0,0,0,0,0,0,0,0,0,0,0,0,0,0,0,0,0,0,0,0,0,0,0,0",0.0
703,1,3520,704.0,"0,0,0,0,0,0,0,0,0,0,0,0,0,0,0,0,0,0,0,0,0,0,0,0,0",0.0
704,1,3525,705.0,"0,0,0,0,0,0,0,0,0,0,0,0,0,0,0,0,0,0,0,0,0,0,0,0,0",0.0
705,1,3530,706.0,"0,0,0,0,0,0,0,0,0,0,0,0,0,0,0,0,0,0,0,0,0,0,0,0,0",0.0
706,1,3535,707.0,"0,0,0,0,0,0,0,0,0,0,0,0,0,0,0,0,0,0,0,0,0,0,0,0,0",0.0
707,1,3540,708.0,"0,0,0,0,0,0,0,0,0,0,0,0,0,0,0,0,0,0,0,0,0,0,0,0,0",0.0
708,1,3545,709.0,"0,0,0,0,0,0,0,0,0,0,0,0,0,0,0,0,0,0,0,0,0,0,0,0,0",0.0
709,1,3550,710.0,"0,0,0,0,0,0,0,0,0,0,0,0,0,0,0,0,0,0,0,0,0,0,0,0,0",0.0
710,1,3555,711.0,"0,0,0,0,0,0,0,0,0,0,0,0,0,0,0,0,0,0,0,0,0,0,0,0,0",0.0
711,1,3560,712.0,"0,0,0,0,0,0,0,0,0,0,0,0,0,0,0,0,0,0,0,0,0,0,0,0,0",0.0
712,1,3565,713.0,"0,0,0,0,0,0,0,0,0,0,0,0,0,0,0,0,0,0,0,0,0,0,0,0,0",0.0
713,1,3570,714.0,"0,0,0,0,0,0,0,0,0,0,0,0,0,0,0,0,0,0,0,0,0,0,0,0,0",0.0
714,1,3575,715.0,"0,0,0,0,0,0,0,0,0,0,0,0,0,0,0,0,0,0,0,0,0,0,0,0,0",0.0
715,1,3580,716.0,"0,0,0,0,0,0,0,0,0,0,0,0,0,0,0,0,0,0,0,0,0,0,0,0,0",0.0
716,1,3585,717.0,"0,0,0,0,0,0,0,0,0,0,0,0,0,0,0,0,0,0,0,0,0,0,0,0,0",0.0
717,1,3590,718.0,"0,0,0,0,0,0,0,0,0,0,0,0,0,0,0,0,0,0,0,0,0,0,0,0,0",0.0
718,1,3595,719.0,"0,0,0,0,0,0,0,0,0,0,0,0,0,0,0,0,0,0,0,0,0,0,0,0,0",0.0
719,1,3600,720.0,"0,0,0,0,0,0,0,0,0,0,0,0,0,0,0,0,0,0,0,0,0,0,0,0,0",0.0
